INFO: Running with entropic power schedule (0xFF, 100).
INFO: Seed: 343665895
INFO: Loaded 1 modules   (1667 inline 8-bit counters): 1667 [0x555ce69e0a80, 0x555ce69e1103), 
INFO: Loaded 1 PC tables (1667 PCs): 1667 [0x555ce69e1108,0x555ce69e7938), 
INFO:        7 files found in /workspace/scratch/56bc7a3aaff8/aor/fuzz/corpus/request
INFO: seed corpus: files: 7 min: 47b max: 95b total: 503b rss: 30Mb
#8	INITED cov: 197 ft: 317 corp: 7/503b exec/s: 0 rss: 31Mb
#9	NEW    cov: 200 ft: 322 corp: 8/542b lim: 95 exec/s: 0 rss: 31Mb L: 39/95 MS: 1 CrossOver-
#11	NEW    cov: 200 ft: 326 corp: 9/619b lim: 95 exec/s: 0 rss: 31Mb L: 77/95 MS: 2 ShuffleBytes-ChangeBit-
#12	NEW    cov: 201 ft: 327 corp: 10/705b lim: 95 exec/s: 0 rss: 31Mb L: 86/95 MS: 1 CMP- DE: "\001\000\000\000"-
#13	NEW    cov: 205 ft: 336 corp: 11/800b lim: 95 exec/s: 0 rss: 31Mb L: 95/95 MS: 1 ChangeBinInt-
#22	NEW    cov: 208 ft: 343 corp: 12/849b lim: 95 exec/s: 0 rss: 31Mb L: 49/95 MS: 4 InsertByte-ChangeByte-ShuffleBytes-InsertRepeatedBytes-
#23	NEW    cov: 209 ft: 346 corp: 13/944b lim: 95 exec/s: 0 rss: 32Mb L: 95/95 MS: 1 ShuffleBytes-
#29	NEW    cov: 213 ft: 350 corp: 14/945b lim: 95 exec/s: 0 rss: 32Mb L: 1/95 MS: 1 CrossOver-
#30	NEW    cov: 213 ft: 351 corp: 15/1031b lim: 95 exec/s: 0 rss: 32Mb L: 86/95 MS: 1 ChangeBit-
#34	NEW    cov: 216 ft: 356 corp: 16/1126b lim: 95 exec/s: 0 rss: 32Mb L: 95/95 MS: 4 InsertByte-PersAutoDict-CopyPart-ChangeBinInt- DE: "\001\000\000\000"-
#36	REDUCE cov: 216 ft: 356 corp: 16/1079b lim: 95 exec/s: 0 rss: 32Mb L: 48/95 MS: 2 ChangeBit-EraseBytes-
#46	NEW    cov: 216 ft: 357 corp: 17/1131b lim: 95 exec/s: 0 rss: 32Mb L: 52/95 MS: 5 PersAutoDict-ChangeASCIIInt-ChangeASCIIInt-InsertByte-InsertRepeatedBytes- DE: "\001\000\000\000"-
#47	NEW    cov: 216 ft: 358 corp: 18/1185b lim: 95 exec/s: 0 rss: 32Mb L: 54/95 MS: 1 ChangeBinInt-
#48	REDUCE cov: 216 ft: 358 corp: 18/1152b lim: 95 exec/s: 0 rss: 32Mb L: 53/95 MS: 1 EraseBytes-
#51	NEW    cov: 216 ft: 360 corp: 19/1238b lim: 95 exec/s: 0 rss: 32Mb L: 86/95 MS: 3 ChangeBinInt-CrossOver-CopyPart-
#53	REDUCE cov: 216 ft: 360 corp: 19/1228b lim: 95 exec/s: 0 rss: 32Mb L: 39/95 MS: 2 PersAutoDict-EraseBytes- DE: "\001\000\000\000"-
#55	REDUCE cov: 216 ft: 360 corp: 19/1205b lim: 95 exec/s: 0 rss: 32Mb L: 63/95 MS: 2 PersAutoDict-EraseBytes- DE: "\001\000\000\000"-
#57	NEW    cov: 220 ft: 365 corp: 20/1300b lim: 95 exec/s: 0 rss: 32Mb L: 95/95 MS: 2 ChangeBit-ChangeByte-
#62	NEW    cov: 220 ft: 368 corp: 21/1395b lim: 95 exec/s: 0 rss: 33Mb L: 95/95 MS: 5 CopyPart-InsertRepeatedBytes-CopyPart-ChangeBit-ChangeBinInt-
#71	REDUCE cov: 220 ft: 368 corp: 21/1381b lim: 95 exec/s: 0 rss: 33Mb L: 39/95 MS: 4 ChangeBinInt-PersAutoDict-PersAutoDict-EraseBytes- DE: "\001\000\000\000"-"\001\000\000\000"-
#72	NEW    cov: 220 ft: 370 corp: 22/1467b lim: 95 exec/s: 0 rss: 33Mb L: 86/95 MS: 1 ShuffleBytes-
#73	NEW    cov: 220 ft: 372 corp: 23/1506b lim: 95 exec/s: 0 rss: 33Mb L: 39/95 MS: 1 ChangeBinInt-
#75	REDUCE cov: 224 ft: 376 corp: 24/1525b lim: 95 exec/s: 0 rss: 33Mb L: 19/95 MS: 2 EraseBytes-EraseBytes-
#82	REDUCE cov: 224 ft: 376 corp: 24/1516b lim: 95 exec/s: 0 rss: 33Mb L: 77/95 MS: 2 ChangeASCIIInt-EraseBytes-
#84	NEW    cov: 224 ft: 378 corp: 25/1518b lim: 95 exec/s: 0 rss: 33Mb L: 2/95 MS: 2 ChangeByte-InsertByte-
#88	NEW    cov: 227 ft: 381 corp: 26/1561b lim: 95 exec/s: 0 rss: 33Mb L: 43/95 MS: 4 ChangeBit-ChangeBinInt-CMP-ChangeBit- DE: "\000\000\000\000"-
#93	NEW    cov: 227 ft: 384 corp: 27/1646b lim: 95 exec/s: 0 rss: 33Mb L: 85/95 MS: 5 ChangeASCIIInt-ChangeASCIIInt-ChangeBit-CrossOver-CopyPart-
#94	NEW    cov: 231 ft: 388 corp: 28/1732b lim: 95 exec/s: 0 rss: 33Mb L: 86/95 MS: 1 CrossOver-
#97	NEW    cov: 231 ft: 389 corp: 29/1754b lim: 95 exec/s: 0 rss: 33Mb L: 22/95 MS: 3 ChangeByte-CrossOver-CMP- DE: "\377\377\377\377"-
#99	NEW    cov: 234 ft: 392 corp: 30/1849b lim: 95 exec/s: 0 rss: 33Mb L: 95/95 MS: 2 CopyPart-ChangeBinInt-
#126	NEW    cov: 237 ft: 395 corp: 31/1935b lim: 95 exec/s: 0 rss: 33Mb L: 86/95 MS: 2 ChangeBinInt-CMP- DE: "\000\000\000\000\000\000\000\010"-
#129	REDUCE cov: 237 ft: 395 corp: 31/1921b lim: 95 exec/s: 0 rss: 33Mb L: 72/95 MS: 3 InsertRepeatedBytes-ShuffleBytes-EraseBytes-
#130	NEW    cov: 244 ft: 428 corp: 32/1998b lim: 95 exec/s: 0 rss: 33Mb L: 77/95 MS: 1 ChangeBinInt-
#146	NEW    cov: 253 ft: 468 corp: 33/2093b lim: 95 exec/s: 0 rss: 33Mb L: 95/95 MS: 1 ChangeBit-
#147	NEW    cov: 253 ft: 469 corp: 34/2151b lim: 95 exec/s: 0 rss: 33Mb L: 58/95 MS: 1 InsertRepeatedBytes-
#148	REDUCE cov: 253 ft: 474 corp: 35/2199b lim: 95 exec/s: 0 rss: 33Mb L: 48/95 MS: 1 ShuffleBytes-
#154	NEW    cov: 253 ft: 476 corp: 36/2280b lim: 95 exec/s: 0 rss: 34Mb L: 81/95 MS: 1 PersAutoDict- DE: "\377\377\377\377"-
#156	NEW    cov: 253 ft: 477 corp: 37/2366b lim: 95 exec/s: 0 rss: 34Mb L: 86/95 MS: 2 ChangeASCIIInt-ChangeBinInt-
#160	NEW    cov: 261 ft: 489 corp: 38/2457b lim: 95 exec/s: 0 rss: 34Mb L: 91/95 MS: 4 ChangeByte-InsertRepeatedBytes-ChangeByte-InsertByte-
#167	REDUCE cov: 261 ft: 490 corp: 39/2500b lim: 95 exec/s: 0 rss: 34Mb L: 43/95 MS: 2 CMP-ShuffleBytes- DE: "\377\377\377\377"-
#168	NEW    cov: 262 ft: 491 corp: 40/2595b lim: 95 exec/s: 0 rss: 34Mb L: 95/95 MS: 1 InsertRepeatedBytes-
#174	NEW    cov: 262 ft: 494 corp: 41/2674b lim: 95 exec/s: 0 rss: 34Mb L: 79/95 MS: 1 CMP- DE: "\001\000"-
#184	NEW    cov: 262 ft: 496 corp: 42/2713b lim: 95 exec/s: 0 rss: 34Mb L: 39/95 MS: 5 CrossOver-ChangeBinInt-ChangeASCIIInt-ChangeBit-CopyPart-
#185	NEW    cov: 262 ft: 497 corp: 43/2798b lim: 95 exec/s: 0 rss: 34Mb L: 85/95 MS: 1 CopyPart-
#217	NEW    cov: 263 ft: 498 corp: 44/2847b lim: 95 exec/s: 0 rss: 34Mb L: 49/95 MS: 2 PersAutoDict-CrossOver- DE: "\000\000\000\000\000\000\000\010"-
#218	REDUCE cov: 263 ft: 498 corp: 44/2816b lim: 95 exec/s: 0 rss: 34Mb L: 64/95 MS: 1 EraseBytes-
#221	NEW    cov: 263 ft: 499 corp: 45/2911b lim: 95 exec/s: 0 rss: 34Mb L: 95/95 MS: 3 CopyPart-ShuffleBytes-CrossOver-
#254	REDUCE cov: 263 ft: 499 corp: 45/2885b lim: 95 exec/s: 0 rss: 34Mb L: 60/95 MS: 3 ChangeByte-ChangeByte-EraseBytes-
#256	NEW    cov: 264 ft: 501 corp: 46/2906b lim: 95 exec/s: 0 rss: 34Mb L: 21/95 MS: 2 ShuffleBytes-EraseBytes-
#257	NEW    cov: 268 ft: 524 corp: 47/2992b lim: 95 exec/s: 0 rss: 34Mb L: 86/95 MS: 1 CopyPart-
#260	NEW    cov: 268 ft: 525 corp: 48/3055b lim: 95 exec/s: 0 rss: 34Mb L: 63/95 MS: 3 ShuffleBytes-ChangeByte-EraseBytes-
#270	NEW    cov: 269 ft: 526 corp: 49/3150b lim: 95 exec/s: 0 rss: 34Mb L: 95/95 MS: 5 ChangeBit-ShuffleBytes-CrossOver-ChangeBinInt-ChangeByte-
#274	NEW    cov: 275 ft: 532 corp: 50/3245b lim: 95 exec/s: 0 rss: 34Mb L: 95/95 MS: 4 CopyPart-PersAutoDict-PersAutoDict-CopyPart- DE: "\000\000\000\000"-"\001\000"-
#277	REDUCE cov: 275 ft: 533 corp: 51/3284b lim: 95 exec/s: 0 rss: 35Mb L: 39/95 MS: 3 ChangeByte-ChangeBinInt-ChangeBinInt-
#281	NEW    cov: 276 ft: 534 corp: 52/3348b lim: 95 exec/s: 0 rss: 35Mb L: 64/95 MS: 4 CrossOver-ChangeByte-PersAutoDict-CrossOver- DE: "\001\000\000\000"-
#283	REDUCE cov: 276 ft: 534 corp: 52/3347b lim: 95 exec/s: 0 rss: 35Mb L: 38/95 MS: 2 ChangeByte-EraseBytes-
#284	NEW    cov: 278 ft: 538 corp: 53/3437b lim: 95 exec/s: 0 rss: 35Mb L: 90/95 MS: 1 InsertRepeatedBytes-
#285	NEW    cov: 278 ft: 543 corp: 54/3495b lim: 95 exec/s: 0 rss: 35Mb L: 58/95 MS: 1 CopyPart-
#295	REDUCE cov: 278 ft: 543 corp: 54/3488b lim: 95 exec/s: 0 rss: 35Mb L: 88/95 MS: 5 ChangeBit-ChangeBinInt-ChangeByte-ChangeBit-EraseBytes-
#298	REDUCE cov: 278 ft: 543 corp: 54/3473b lim: 95 exec/s: 0 rss: 35Mb L: 70/95 MS: 3 ChangeBinInt-PersAutoDict-EraseBytes- DE: "\377\377\377\377"-
#314	NEW    cov: 281 ft: 547 corp: 55/3568b lim: 95 exec/s: 0 rss: 35Mb L: 95/95 MS: 1 InsertRepeatedBytes-
#315	NEW    cov: 282 ft: 548 corp: 56/3659b lim: 95 exec/s: 0 rss: 35Mb L: 91/95 MS: 1 ChangeByte-
#324	REDUCE cov: 282 ft: 548 corp: 56/3655b lim: 95 exec/s: 0 rss: 35Mb L: 66/95 MS: 4 ShuffleBytes-CopyPart-CopyPart-EraseBytes-
#325	REDUCE cov: 282 ft: 548 corp: 56/3648b lim: 95 exec/s: 0 rss: 35Mb L: 88/95 MS: 1 EraseBytes-
#345	REDUCE cov: 282 ft: 548 corp: 56/3610b lim: 95 exec/s: 0 rss: 35Mb L: 57/95 MS: 5 ShuffleBytes-ChangeBit-CrossOver-ShuffleBytes-EraseBytes-
#357	REDUCE cov: 282 ft: 548 corp: 56/3594b lim: 95 exec/s: 0 rss: 35Mb L: 33/95 MS: 2 ChangeByte-EraseBytes-
#358	NEW    cov: 285 ft: 551 corp: 57/3675b lim: 95 exec/s: 0 rss: 35Mb L: 81/95 MS: 1 CrossOver-
#368	REDUCE cov: 285 ft: 553 corp: 58/3732b lim: 95 exec/s: 0 rss: 35Mb L: 57/95 MS: 5 CopyPart-ChangeBit-InsertRepeatedBytes-EraseBytes-PersAutoDict- DE: "\000\000\000\000"-
#371	NEW    cov: 285 ft: 555 corp: 59/3804b lim: 95 exec/s: 0 rss: 35Mb L: 72/95 MS: 3 ChangeByte-ShuffleBytes-EraseBytes-
#407	NEW    cov: 285 ft: 556 corp: 60/3826b lim: 95 exec/s: 0 rss: 35Mb L: 22/95 MS: 1 InsertByte-
#437	NEW    cov: 285 ft: 557 corp: 61/3886b lim: 95 exec/s: 0 rss: 35Mb L: 60/95 MS: 5 InsertByte-CopyPart-InsertByte-ChangeByte-ChangeBit-
#440	REDUCE cov: 285 ft: 557 corp: 61/3844b lim: 95 exec/s: 0 rss: 35Mb L: 53/95 MS: 3 ShuffleBytes-CrossOver-EraseBytes-
#461	REDUCE cov: 285 ft: 557 corp: 61/3838b lim: 95 exec/s: 0 rss: 35Mb L: 37/95 MS: 1 EraseBytes-
#475	REDUCE cov: 285 ft: 558 corp: 62/3895b lim: 95 exec/s: 0 rss: 35Mb L: 57/95 MS: 4 ShuffleBytes-CMP-EraseBytes-InsertRepeatedBytes- DE: "\021\000\000\000\000\000\000\000"-
#476	REDUCE cov: 285 ft: 558 corp: 62/3871b lim: 95 exec/s: 0 rss: 35Mb L: 36/95 MS: 1 EraseBytes-
#481	REDUCE cov: 285 ft: 558 corp: 62/3863b lim: 95 exec/s: 0 rss: 35Mb L: 58/95 MS: 5 ShuffleBytes-ChangeBinInt-CrossOver-ChangeBit-EraseBytes-
#482	NEW    cov: 285 ft: 562 corp: 63/3956b lim: 95 exec/s: 0 rss: 35Mb L: 93/95 MS: 1 CrossOver-
#488	NEW    cov: 285 ft: 563 corp: 64/3959b lim: 95 exec/s: 0 rss: 35Mb L: 3/95 MS: 1 InsertByte-
#490	NEW    cov: 286 ft: 564 corp: 65/4045b lim: 95 exec/s: 0 rss: 35Mb L: 86/95 MS: 2 CMP-ChangeByte- DE: "\377\377\377\377"-
#491	NEW    cov: 287 ft: 565 corp: 66/4084b lim: 95 exec/s: 0 rss: 35Mb L: 39/95 MS: 1 PersAutoDict- DE: "\001\000"-
#498	NEW    cov: 287 ft: 567 corp: 67/4179b lim: 95 exec/s: 0 rss: 35Mb L: 95/95 MS: 2 ChangeBinInt-ShuffleBytes-
#505	NEW    cov: 287 ft: 585 corp: 68/4214b lim: 95 exec/s: 0 rss: 35Mb L: 35/95 MS: 2 ChangeBit-EraseBytes-
#506	NEW    cov: 288 ft: 586 corp: 69/4309b lim: 95 exec/s: 0 rss: 35Mb L: 95/95 MS: 1 ChangeByte-
#511	NEW    cov: 288 ft: 587 corp: 70/4363b lim: 95 exec/s: 0 rss: 35Mb L: 54/95 MS: 5 PersAutoDict-ChangeBit-ChangeBinInt-ChangeASCIIInt-CrossOver- DE: "\001\000"-
#514	NEW    cov: 288 ft: 590 corp: 71/4449b lim: 95 exec/s: 0 rss: 35Mb L: 86/95 MS: 3 CrossOver-InsertByte-ShuffleBytes-
#519	NEW    cov: 293 ft: 596 corp: 72/4477b lim: 95 exec/s: 0 rss: 36Mb L: 28/95 MS: 5 InsertRepeatedBytes-EraseBytes-ChangeByte-ChangeBinInt-EraseBytes-
#522	NEW    cov: 293 ft: 598 corp: 73/4563b lim: 95 exec/s: 0 rss: 36Mb L: 86/95 MS: 3 ShuffleBytes-CopyPart-CrossOver-
#527	NEW    cov: 293 ft: 600 corp: 74/4658b lim: 95 exec/s: 0 rss: 36Mb L: 95/95 MS: 5 CMP-ChangeASCIIInt-InsertRepeatedBytes-CopyPart-CopyPart- DE: "\377\377"-
#546	REDUCE cov: 293 ft: 600 corp: 74/4598b lim: 95 exec/s: 0 rss: 36Mb L: 35/95 MS: 4 ChangeByte-ChangeByte-ChangeBinInt-CrossOver-
#553	NEW    cov: 294 ft: 601 corp: 75/4693b lim: 95 exec/s: 0 rss: 36Mb L: 95/95 MS: 2 PersAutoDict-ChangeByte- DE: "\000\000\000\000"-
#567	NEW    cov: 295 ft: 602 corp: 76/4713b lim: 95 exec/s: 0 rss: 36Mb L: 20/95 MS: 4 ChangeByte-CopyPart-ShuffleBytes-InsertByte-
#588	NEW    cov: 296 ft: 603 corp: 77/4741b lim: 95 exec/s: 0 rss: 36Mb L: 28/95 MS: 1 ChangeByte-
#595	REDUCE cov: 296 ft: 604 corp: 78/4810b lim: 95 exec/s: 0 rss: 36Mb L: 69/95 MS: 2 InsertRepeatedBytes-CrossOver-
#601	NEW    cov: 296 ft: 605 corp: 79/4849b lim: 95 exec/s: 0 rss: 36Mb L: 39/95 MS: 1 ChangeBinInt-
#630	REDUCE cov: 296 ft: 605 corp: 79/4816b lim: 95 exec/s: 0 rss: 36Mb L: 62/95 MS: 4 CrossOver-ShuffleBytes-ChangeASCIIInt-EraseBytes-
#651	NEW    cov: 296 ft: 608 corp: 80/4901b lim: 95 exec/s: 0 rss: 36Mb L: 85/95 MS: 1 CopyPart-
#672	NEW    cov: 298 ft: 611 corp: 81/4996b lim: 95 exec/s: 0 rss: 36Mb L: 95/95 MS: 1 CopyPart-
#678	NEW    cov: 299 ft: 612 corp: 82/5017b lim: 95 exec/s: 0 rss: 36Mb L: 21/95 MS: 1 ChangeByte-
#708	NEW    cov: 299 ft: 614 corp: 83/5107b lim: 95 exec/s: 0 rss: 36Mb L: 90/95 MS: 5 ChangeByte-ShuffleBytes-PersAutoDict-CMP-InsertRepeatedBytes- DE: "\000\000\000\000\000\000\000\010"-"\000\000\000\000"-
#714	NEW    cov: 300 ft: 615 corp: 84/5184b lim: 95 exec/s: 0 rss: 36Mb L: 77/95 MS: 1 ChangeBinInt-
#716	NEW    cov: 300 ft: 616 corp: 85/5220b lim: 95 exec/s: 0 rss: 36Mb L: 36/95 MS: 2 ChangeBinInt-EraseBytes-
#722	NEW    cov: 300 ft: 618 corp: 86/5235b lim: 95 exec/s: 0 rss: 36Mb L: 15/95 MS: 1 EraseBytes-
#738	REDUCE cov: 300 ft: 618 corp: 86/5221b lim: 95 exec/s: 0 rss: 36Mb L: 25/95 MS: 1 EraseBytes-
#755	NEW    cov: 301 ft: 619 corp: 87/5271b lim: 95 exec/s: 0 rss: 36Mb L: 50/95 MS: 2 ChangeByte-EraseBytes-
#773	NEW    cov: 301 ft: 620 corp: 88/5354b lim: 95 exec/s: 0 rss: 36Mb L: 83/95 MS: 3 ShuffleBytes-CrossOver-InsertByte-
#790	REDUCE cov: 301 ft: 620 corp: 88/5348b lim: 95 exec/s: 0 rss: 36Mb L: 31/95 MS: 2 InsertByte-EraseBytes-
#791	REDUCE cov: 301 ft: 620 corp: 88/5340b lim: 95 exec/s: 0 rss: 36Mb L: 28/95 MS: 1 EraseBytes-
#793	NEW    cov: 301 ft: 622 corp: 89/5425b lim: 95 exec/s: 0 rss: 36Mb L: 85/95 MS: 2 InsertRepeatedBytes-ShuffleBytes-
#812	REDUCE cov: 301 ft: 622 corp: 89/5405b lim: 95 exec/s: 0 rss: 36Mb L: 61/95 MS: 4 CopyPart-ChangeASCIIInt-InsertByte-EraseBytes-
#813	NEW    cov: 304 ft: 625 corp: 90/5441b lim: 95 exec/s: 0 rss: 36Mb L: 36/95 MS: 1 InsertByte-
#814	NEW    cov: 305 ft: 626 corp: 91/5494b lim: 95 exec/s: 0 rss: 36Mb L: 53/95 MS: 1 EraseBytes-
#815	NEW    cov: 305 ft: 628 corp: 92/5522b lim: 95 exec/s: 0 rss: 36Mb L: 28/95 MS: 1 CopyPart-
#832	NEW    cov: 306 ft: 629 corp: 93/5614b lim: 95 exec/s: 0 rss: 36Mb L: 92/95 MS: 2 InsertRepeatedBytes-ShuffleBytes-
#850	REDUCE cov: 306 ft: 632 corp: 94/5701b lim: 95 exec/s: 0 rss: 37Mb L: 87/95 MS: 3 ChangeByte-CMP-CopyPart- DE: "\000\000"-
#851	REDUCE cov: 306 ft: 632 corp: 94/5689b lim: 95 exec/s: 0 rss: 37Mb L: 83/95 MS: 1 CrossOver-
#868	NEW    cov: 307 ft: 633 corp: 95/5691b lim: 95 exec/s: 0 rss: 37Mb L: 2/95 MS: 2 EraseBytes-CrossOver-
#884	REDUCE cov: 307 ft: 633 corp: 95/5658b lim: 95 exec/s: 0 rss: 37Mb L: 53/95 MS: 1 EraseBytes-
#890	REDUCE cov: 307 ft: 633 corp: 95/5607b lim: 95 exec/s: 0 rss: 37Mb L: 35/95 MS: 1 CrossOver-
#905	NEW    cov: 308 ft: 634 corp: 96/5672b lim: 95 exec/s: 0 rss: 37Mb L: 65/95 MS: 5 CopyPart-EraseBytes-ShuffleBytes-CopyPart-InsertByte-
#911	NEW    cov: 308 ft: 635 corp: 97/5694b lim: 95 exec/s: 0 rss: 37Mb L: 22/95 MS: 1 ChangeBit-
#918	REDUCE cov: 308 ft: 635 corp: 97/5688b lim: 95 exec/s: 0 rss: 37Mb L: 33/95 MS: 2 ChangeBinInt-EraseBytes-
#919	NEW    cov: 308 ft: 638 corp: 98/5746b lim: 95 exec/s: 0 rss: 37Mb L: 58/95 MS: 1 CrossOver-
#928	NEW    cov: 309 ft: 639 corp: 99/5781b lim: 95 exec/s: 0 rss: 37Mb L: 35/95 MS: 4 EraseBytes-ShuffleBytes-ChangeBit-CrossOver-
#934	NEW    cov: 309 ft: 640 corp: 100/5804b lim: 95 exec/s: 0 rss: 37Mb L: 23/95 MS: 1 InsertRepeatedBytes-
#1015	REDUCE cov: 309 ft: 640 corp: 100/5800b lim: 95 exec/s: 0 rss: 37Mb L: 49/95 MS: 1 EraseBytes-
#1023	REDUCE cov: 309 ft: 640 corp: 100/5797b lim: 95 exec/s: 0 rss: 37Mb L: 30/95 MS: 3 InsertByte-InsertByte-EraseBytes-
#1030	NEW    cov: 309 ft: 641 corp: 101/5864b lim: 95 exec/s: 0 rss: 37Mb L: 67/95 MS: 2 ShuffleBytes-EraseBytes-
#1094	NEW    cov: 309 ft: 642 corp: 102/5902b lim: 95 exec/s: 0 rss: 37Mb L: 38/95 MS: 4 CrossOver-CMP-ShuffleBytes-EraseBytes- DE: "\000\000"-
#1107	REDUCE cov: 309 ft: 642 corp: 102/5872b lim: 95 exec/s: 0 rss: 37Mb L: 61/95 MS: 3 ShuffleBytes-ChangeByte-EraseBytes-
#1118	NEW    cov: 309 ft: 646 corp: 103/5921b lim: 95 exec/s: 0 rss: 37Mb L: 49/95 MS: 1 EraseBytes-
#1125	REDUCE cov: 309 ft: 646 corp: 103/5916b lim: 95 exec/s: 0 rss: 37Mb L: 44/95 MS: 2 CopyPart-EraseBytes-
#1206	NEW    cov: 312 ft: 649 corp: 104/5974b lim: 95 exec/s: 0 rss: 37Mb L: 58/95 MS: 1 ChangeBinInt-
#1212	NEW    cov: 312 ft: 651 corp: 105/6069b lim: 95 exec/s: 0 rss: 37Mb L: 95/95 MS: 1 ChangeByte-
#1218	REDUCE cov: 312 ft: 651 corp: 105/6034b lim: 95 exec/s: 0 rss: 37Mb L: 53/95 MS: 1 EraseBytes-
#1225	REDUCE cov: 312 ft: 651 corp: 105/6022b lim: 95 exec/s: 0 rss: 37Mb L: 36/95 MS: 2 ShuffleBytes-EraseBytes-
#1246	REDUCE cov: 312 ft: 651 corp: 105/6017b lim: 95 exec/s: 0 rss: 37Mb L: 58/95 MS: 1 EraseBytes-
#1250	REDUCE cov: 312 ft: 651 corp: 105/5989b lim: 95 exec/s: 0 rss: 37Mb L: 49/95 MS: 4 ShuffleBytes-ChangeByte-CopyPart-CrossOver-
#1256	REDUCE cov: 312 ft: 651 corp: 105/5987b lim: 95 exec/s: 0 rss: 37Mb L: 63/95 MS: 1 EraseBytes-
#1263	NEW    cov: 313 ft: 652 corp: 106/6046b lim: 95 exec/s: 0 rss: 37Mb L: 59/95 MS: 2 EraseBytes-ChangeByte-
#1270	NEW    cov: 313 ft: 654 corp: 107/6115b lim: 95 exec/s: 0 rss: 38Mb L: 69/95 MS: 2 ChangeBinInt-CrossOver-
#1321	REDUCE cov: 313 ft: 654 corp: 107/6110b lim: 95 exec/s: 0 rss: 38Mb L: 81/95 MS: 1 EraseBytes-
#1322	REDUCE cov: 313 ft: 654 corp: 107/6087b lim: 95 exec/s: 0 rss: 38Mb L: 56/95 MS: 1 EraseBytes-
#1325	NEW    cov: 314 ft: 655 corp: 108/6178b lim: 95 exec/s: 0 rss: 38Mb L: 91/95 MS: 3 CrossOver-InsertRepeatedBytes-CopyPart-
#1381	REDUCE cov: 314 ft: 655 corp: 108/6167b lim: 95 exec/s: 0 rss: 38Mb L: 70/95 MS: 1 EraseBytes-
#1402	REDUCE cov: 314 ft: 656 corp: 109/6189b lim: 95 exec/s: 0 rss: 38Mb L: 22/95 MS: 1 EraseBytes-
#1448	REDUCE cov: 314 ft: 657 corp: 110/6244b lim: 95 exec/s: 0 rss: 38Mb L: 55/95 MS: 1 InsertRepeatedBytes-
#1449	REDUCE cov: 314 ft: 657 corp: 110/6241b lim: 95 exec/s: 0 rss: 38Mb L: 32/95 MS: 1 EraseBytes-
#1463	REDUCE cov: 314 ft: 658 corp: 111/6276b lim: 95 exec/s: 0 rss: 38Mb L: 35/95 MS: 4 CMP-ChangeBit-ShuffleBytes-CrossOver- DE: "\001\000\000\000"-
#1465	REDUCE cov: 314 ft: 658 corp: 111/6244b lim: 95 exec/s: 0 rss: 38Mb L: 53/95 MS: 2 ChangeBit-CrossOver-
#1482	REDUCE cov: 314 ft: 658 corp: 111/6218b lim: 95 exec/s: 0 rss: 38Mb L: 61/95 MS: 2 ChangeBit-CrossOver-
#1486	REDUCE cov: 314 ft: 659 corp: 112/6259b lim: 95 exec/s: 0 rss: 38Mb L: 41/95 MS: 4 ChangeBinInt-ChangeBit-PersAutoDict-CopyPart- DE: "\377\377"-
#1495	REDUCE cov: 314 ft: 659 corp: 112/6224b lim: 95 exec/s: 0 rss: 38Mb L: 51/95 MS: 4 PersAutoDict-ChangeASCIIInt-InsertByte-EraseBytes- DE: "\377\377"-
#1526	NEW    cov: 314 ft: 660 corp: 113/6319b lim: 95 exec/s: 0 rss: 38Mb L: 95/95 MS: 1 ChangeByte-
#1527	NEW    cov: 314 ft: 661 corp: 114/6405b lim: 95 exec/s: 0 rss: 38Mb L: 86/95 MS: 1 InsertByte-
#1553	NEW    cov: 317 ft: 665 corp: 115/6500b lim: 95 exec/s: 0 rss: 38Mb L: 95/95 MS: 1 CopyPart-
#1557	REDUCE cov: 317 ft: 665 corp: 115/6483b lim: 95 exec/s: 0 rss: 38Mb L: 52/95 MS: 4 InsertRepeatedBytes-ChangeBinInt-CopyPart-EraseBytes-
#1573	REDUCE cov: 317 ft: 665 corp: 115/6457b lim: 95 exec/s: 0 rss: 38Mb L: 65/95 MS: 1 CrossOver-
#1574	NEW    cov: 317 ft: 667 corp: 116/6543b lim: 95 exec/s: 0 rss: 38Mb L: 86/95 MS: 1 InsertRepeatedBytes-
#1575	NEW    cov: 317 ft: 668 corp: 117/6638b lim: 95 exec/s: 0 rss: 38Mb L: 95/95 MS: 1 ChangeByte-
#1583	NEW    cov: 317 ft: 669 corp: 118/6659b lim: 95 exec/s: 0 rss: 38Mb L: 21/95 MS: 3 ChangeBit-ChangeByte-ChangeBinInt-
#1604	REDUCE cov: 317 ft: 669 corp: 118/6657b lim: 95 exec/s: 0 rss: 38Mb L: 59/95 MS: 1 EraseBytes-
#1606	REDUCE cov: 317 ft: 669 corp: 118/6648b lim: 95 exec/s: 0 rss: 38Mb L: 81/95 MS: 2 ChangeBit-EraseBytes-
#1687	REDUCE cov: 317 ft: 669 corp: 118/6643b lim: 95 exec/s: 0 rss: 39Mb L: 87/95 MS: 1 EraseBytes-
#1748	NEW    cov: 317 ft: 671 corp: 119/6675b lim: 95 exec/s: 0 rss: 39Mb L: 32/95 MS: 1 EraseBytes-
#1824	NEW    cov: 318 ft: 672 corp: 120/6752b lim: 95 exec/s: 0 rss: 39Mb L: 77/95 MS: 1 ShuffleBytes-
#1825	REDUCE cov: 318 ft: 672 corp: 120/6730b lim: 95 exec/s: 0 rss: 39Mb L: 65/95 MS: 1 EraseBytes-
#1826	NEW    cov: 318 ft: 673 corp: 121/6766b lim: 95 exec/s: 0 rss: 39Mb L: 36/95 MS: 1 InsertByte-
#1827	REDUCE cov: 318 ft: 673 corp: 121/6749b lim: 95 exec/s: 0 rss: 39Mb L: 21/95 MS: 1 EraseBytes-
#1884	REDUCE cov: 318 ft: 673 corp: 121/6742b lim: 95 exec/s: 0 rss: 39Mb L: 88/95 MS: 2 CMP-EraseBytes- DE: "\377\377\377\377\377\377\037\000"-
#1890	NEW    cov: 319 ft: 674 corp: 122/6828b lim: 95 exec/s: 0 rss: 39Mb L: 86/95 MS: 1 ChangeByte-
#1941	NEW    cov: 319 ft: 675 corp: 123/6916b lim: 95 exec/s: 0 rss: 39Mb L: 88/95 MS: 1 PersAutoDict- DE: "\377\377"-
#1991	NEW    cov: 320 ft: 676 corp: 124/7000b lim: 95 exec/s: 0 rss: 39Mb L: 84/95 MS: 5 ChangeBit-CrossOver-InsertByte-ChangeBinInt-CrossOver-
#2002	REDUCE cov: 320 ft: 676 corp: 124/6999b lim: 95 exec/s: 0 rss: 39Mb L: 30/95 MS: 1 EraseBytes-
#2003	NEW    cov: 320 ft: 677 corp: 125/7018b lim: 95 exec/s: 0 rss: 39Mb L: 19/95 MS: 1 CrossOver-
#2059	REDUCE cov: 320 ft: 677 corp: 125/7009b lim: 95 exec/s: 0 rss: 39Mb L: 53/95 MS: 1 EraseBytes-
#2075	NEW    cov: 321 ft: 678 corp: 126/7104b lim: 95 exec/s: 0 rss: 39Mb L: 95/95 MS: 1 ChangeByte-
#2077	NEW    cov: 322 ft: 679 corp: 127/7182b lim: 95 exec/s: 0 rss: 39Mb L: 78/95 MS: 2 EraseBytes-CrossOver-
#2108	REDUCE cov: 323 ft: 681 corp: 128/7263b lim: 95 exec/s: 0 rss: 39Mb L: 81/95 MS: 1 CrossOver-
#2119	NEW    cov: 323 ft: 682 corp: 129/7349b lim: 95 exec/s: 0 rss: 39Mb L: 86/95 MS: 1 ChangeByte-
#2164	REDUCE cov: 323 ft: 682 corp: 129/7333b lim: 95 exec/s: 0 rss: 39Mb L: 74/95 MS: 5 CopyPart-CopyPart-CopyPart-ChangeBinInt-EraseBytes-
#2165	NEW    cov: 324 ft: 683 corp: 130/7393b lim: 95 exec/s: 0 rss: 39Mb L: 60/95 MS: 1 InsertByte-
#2170	NEW    cov: 324 ft: 684 corp: 131/7437b lim: 95 exec/s: 0 rss: 39Mb L: 44/95 MS: 5 ShuffleBytes-PersAutoDict-ChangeASCIIInt-ChangeBinInt-InsertByte- DE: "\377\377\377\377"-
#2188	NEW    cov: 324 ft: 685 corp: 132/7522b lim: 95 exec/s: 0 rss: 39Mb L: 85/95 MS: 3 ChangeASCIIInt-ChangeASCIIInt-PersAutoDict- DE: "\021\000\000\000\000\000\000\000"-
#2190	REDUCE cov: 324 ft: 685 corp: 132/7514b lim: 95 exec/s: 0 rss: 39Mb L: 45/95 MS: 2 CopyPart-EraseBytes-
#2205	NEW    cov: 324 ft: 687 corp: 133/7603b lim: 95 exec/s: 0 rss: 40Mb L: 89/95 MS: 5 InsertByte-ChangeByte-ShuffleBytes-PersAutoDict-InsertRepeatedBytes- DE: "\377\377\377\377"-
#2261	NEW    cov: 324 ft: 688 corp: 134/7625b lim: 95 exec/s: 0 rss: 40Mb L: 22/95 MS: 1 EraseBytes-
#2262	NEW    cov: 325 ft: 689 corp: 135/7720b lim: 95 exec/s: 0 rss: 40Mb L: 95/95 MS: 1 CopyPart-
#2264	REDUCE cov: 325 ft: 690 corp: 136/7735b lim: 95 exec/s: 0 rss: 40Mb L: 15/95 MS: 2 ChangeBit-EraseBytes-
#2270	REDUCE cov: 325 ft: 690 corp: 136/7734b lim: 95 exec/s: 0 rss: 40Mb L: 1/95 MS: 1 EraseBytes-
#2376	NEW    cov: 326 ft: 691 corp: 137/7792b lim: 95 exec/s: 0 rss: 40Mb L: 58/95 MS: 1 ChangeByte-
#2379	REDUCE cov: 326 ft: 691 corp: 137/7788b lim: 95 exec/s: 0 rss: 40Mb L: 15/95 MS: 3 ChangeBit-ChangeBinInt-EraseBytes-
#2388	NEW    cov: 326 ft: 693 corp: 138/7881b lim: 95 exec/s: 0 rss: 40Mb L: 93/95 MS: 4 ChangeASCIIInt-CopyPart-CrossOver-PersAutoDict- DE: "\000\000\000\000\000\000\000\010"-
#2396	NEW    cov: 326 ft: 695 corp: 139/7976b lim: 95 exec/s: 0 rss: 40Mb L: 95/95 MS: 3 PersAutoDict-ChangeBit-CopyPart- DE: "\000\000"-
#2407	REDUCE cov: 326 ft: 695 corp: 139/7970b lim: 95 exec/s: 0 rss: 40Mb L: 87/95 MS: 1 EraseBytes-
#2453	NEW    cov: 326 ft: 696 corp: 140/8029b lim: 95 exec/s: 0 rss: 40Mb L: 59/95 MS: 1 ChangeBit-
#2459	REDUCE cov: 326 ft: 696 corp: 140/8004b lim: 95 exec/s: 0 rss: 40Mb L: 56/95 MS: 1 CrossOver-
#2483	NEW    cov: 327 ft: 697 corp: 141/8079b lim: 95 exec/s: 0 rss: 40Mb L: 75/95 MS: 4 ChangeBinInt-EraseBytes-InsertByte-EraseBytes-
#2489	REDUCE cov: 327 ft: 697 corp: 141/8073b lim: 95 exec/s: 0 rss: 40Mb L: 9/95 MS: 1 EraseBytes-
#2490	REDUCE cov: 327 ft: 697 corp: 141/8061b lim: 95 exec/s: 0 rss: 40Mb L: 49/95 MS: 1 EraseBytes-
#2503	REDUCE cov: 327 ft: 697 corp: 141/8049b lim: 95 exec/s: 0 rss: 40Mb L: 74/95 MS: 3 ShuffleBytes-ChangeASCIIInt-CrossOver-
#2569	NEW    cov: 327 ft: 699 corp: 142/8139b lim: 95 exec/s: 0 rss: 40Mb L: 90/95 MS: 1 InsertRepeatedBytes-
#2580	REDUCE cov: 327 ft: 699 corp: 142/8138b lim: 95 exec/s: 0 rss: 40Mb L: 18/95 MS: 1 EraseBytes-
#2611	REDUCE cov: 327 ft: 699 corp: 142/8122b lim: 95 exec/s: 0 rss: 40Mb L: 79/95 MS: 1 EraseBytes-
#2622	REDUCE cov: 327 ft: 699 corp: 142/8121b lim: 95 exec/s: 0 rss: 40Mb L: 48/95 MS: 1 EraseBytes-
#2634	REDUCE cov: 327 ft: 699 corp: 142/8118b lim: 95 exec/s: 0 rss: 40Mb L: 81/95 MS: 2 InsertByte-EraseBytes-
#2635	REDUCE cov: 327 ft: 699 corp: 142/8116b lim: 95 exec/s: 0 rss: 40Mb L: 33/95 MS: 1 EraseBytes-
#2647	NEW    cov: 328 ft: 700 corp: 143/8175b lim: 95 exec/s: 0 rss: 40Mb L: 59/95 MS: 2 ShuffleBytes-InsertByte-
#2648	REDUCE cov: 328 ft: 700 corp: 143/8156b lim: 95 exec/s: 0 rss: 40Mb L: 76/95 MS: 1 EraseBytes-
#2669	REDUCE cov: 328 ft: 700 corp: 143/8131b lim: 95 exec/s: 0 rss: 40Mb L: 28/95 MS: 1 EraseBytes-
#2685	REDUCE cov: 328 ft: 702 corp: 144/8224b lim: 95 exec/s: 0 rss: 40Mb L: 93/95 MS: 1 InsertRepeatedBytes-
#2697	REDUCE cov: 328 ft: 702 corp: 144/8210b lim: 95 exec/s: 0 rss: 41Mb L: 44/95 MS: 2 InsertByte-EraseBytes-
#2710	REDUCE cov: 328 ft: 702 corp: 144/8192b lim: 95 exec/s: 0 rss: 41Mb L: 46/95 MS: 3 PersAutoDict-InsertByte-CrossOver- DE: "\000\000\000\000"-
#2732	REDUCE cov: 328 ft: 702 corp: 144/8167b lim: 95 exec/s: 0 rss: 41Mb L: 68/95 MS: 2 CrossOver-EraseBytes-
#2745	REDUCE cov: 328 ft: 702 corp: 144/8137b lim: 95 exec/s: 0 rss: 41Mb L: 21/95 MS: 3 PersAutoDict-CrossOver-CrossOver- DE: "\000\000\000\000\000\000\000\010"-
#2771	REDUCE cov: 328 ft: 702 corp: 144/8130b lim: 95 exec/s: 0 rss: 41Mb L: 8/95 MS: 1 EraseBytes-
#2854	NEW    cov: 329 ft: 703 corp: 145/8178b lim: 95 exec/s: 0 rss: 41Mb L: 48/95 MS: 3 CrossOver-CrossOver-EraseBytes-
#2887	REDUCE cov: 329 ft: 703 corp: 145/8171b lim: 95 exec/s: 0 rss: 41Mb L: 15/95 MS: 3 ChangeBinInt-ChangeByte-EraseBytes-
#2896	REDUCE cov: 329 ft: 703 corp: 145/8147b lim: 95 exec/s: 0 rss: 41Mb L: 69/95 MS: 4 InsertByte-ChangeByte-CopyPart-EraseBytes-
#3008	REDUCE cov: 329 ft: 703 corp: 145/8134b lim: 95 exec/s: 0 rss: 41Mb L: 17/95 MS: 2 CMP-EraseBytes- DE: "\000\000\000\000"-
#3014	NEW    cov: 330 ft: 704 corp: 146/8229b lim: 95 exec/s: 0 rss: 41Mb L: 95/95 MS: 1 ChangeBinInt-
#3040	NEW    cov: 331 ft: 709 corp: 147/8297b lim: 95 exec/s: 0 rss: 41Mb L: 68/95 MS: 1 CopyPart-
#3051	REDUCE cov: 331 ft: 709 corp: 147/8293b lim: 95 exec/s: 0 rss: 41Mb L: 64/95 MS: 1 EraseBytes-
#3073	REDUCE cov: 331 ft: 709 corp: 147/8273b lim: 95 exec/s: 0 rss: 41Mb L: 67/95 MS: 2 PersAutoDict-EraseBytes- DE: "\377\377\377\377"-
#3089	NEW    cov: 332 ft: 710 corp: 148/8350b lim: 95 exec/s: 0 rss: 41Mb L: 77/95 MS: 1 ShuffleBytes-
#3115	REDUCE cov: 332 ft: 710 corp: 148/8347b lim: 95 exec/s: 0 rss: 41Mb L: 25/95 MS: 1 EraseBytes-
#3121	NEW    cov: 332 ft: 712 corp: 149/8433b lim: 95 exec/s: 0 rss: 41Mb L: 86/95 MS: 1 ShuffleBytes-
#3140	REDUCE cov: 332 ft: 712 corp: 149/8427b lim: 95 exec/s: 0 rss: 41Mb L: 50/95 MS: 4 InsertRepeatedBytes-CopyPart-InsertByte-EraseBytes-
#3151	REDUCE cov: 332 ft: 712 corp: 149/8410b lim: 95 exec/s: 0 rss: 41Mb L: 66/95 MS: 1 EraseBytes-
#3162	REDUCE cov: 332 ft: 712 corp: 149/8400b lim: 95 exec/s: 0 rss: 41Mb L: 23/95 MS: 1 EraseBytes-
#3218	REDUCE cov: 332 ft: 712 corp: 149/8392b lim: 95 exec/s: 0 rss: 41Mb L: 50/95 MS: 1 EraseBytes-
#3268	NEW    cov: 332 ft: 716 corp: 150/8437b lim: 95 exec/s: 0 rss: 41Mb L: 45/95 MS: 5 ChangeASCIIInt-CopyPart-ChangeByte-ChangeBit-CrossOver-
#3282	REDUCE cov: 333 ft: 717 corp: 151/8465b lim: 95 exec/s: 0 rss: 41Mb L: 28/95 MS: 4 ChangeByte-PersAutoDict-EraseBytes-EraseBytes- DE: "\001\000\000\000"-
#3398	NEW    cov: 333 ft: 718 corp: 152/8530b lim: 95 exec/s: 0 rss: 41Mb L: 65/95 MS: 1 CrossOver-
#3434	NEW    cov: 335 ft: 724 corp: 153/8617b lim: 95 exec/s: 0 rss: 41Mb L: 87/95 MS: 1 InsertByte-
#3448	REDUCE cov: 335 ft: 725 corp: 154/8661b lim: 95 exec/s: 0 rss: 42Mb L: 44/95 MS: 4 PersAutoDict-CMP-CopyPart-CrossOver- DE: "\001\000\000\000"-"\023\000\000\000\000\000\000\000"-
#3474	NEW    cov: 336 ft: 726 corp: 155/8738b lim: 95 exec/s: 0 rss: 42Mb L: 77/95 MS: 1 ChangeBit-
#3480	NEW    cov: 338 ft: 728 corp: 156/8772b lim: 95 exec/s: 0 rss: 42Mb L: 34/95 MS: 1 EraseBytes-
#3501	REDUCE cov: 338 ft: 728 corp: 156/8750b lim: 95 exec/s: 0 rss: 42Mb L: 43/95 MS: 1 EraseBytes-
#3507	REDUCE cov: 338 ft: 728 corp: 156/8713b lim: 95 exec/s: 0 rss: 42Mb L: 44/95 MS: 1 CrossOver-
#3526	REDUCE cov: 338 ft: 728 corp: 156/8705b lim: 95 exec/s: 0 rss: 42Mb L: 35/95 MS: 4 InsertByte-InsertRepeatedBytes-ShuffleBytes-EraseBytes-
#3572	NEW    cov: 339 ft: 729 corp: 157/8783b lim: 95 exec/s: 0 rss: 42Mb L: 78/95 MS: 1 ChangeByte-
#3607	REDUCE cov: 339 ft: 729 corp: 157/8781b lim: 95 exec/s: 0 rss: 42Mb L: 84/95 MS: 5 CopyPart-CrossOver-ShuffleBytes-CMP-EraseBytes- DE: "<\000\000\000\000\000\000\000"-
#3654	NEW    cov: 339 ft: 730 corp: 158/8826b lim: 95 exec/s: 0 rss: 42Mb L: 45/95 MS: 2 ChangeByte-InsertByte-
#3712	REDUCE cov: 339 ft: 730 corp: 158/8819b lim: 95 exec/s: 0 rss: 42Mb L: 43/95 MS: 3 CrossOver-ChangeByte-CrossOver-
#3754	REDUCE cov: 339 ft: 730 corp: 158/8809b lim: 95 exec/s: 0 rss: 42Mb L: 12/95 MS: 2 ChangeBinInt-EraseBytes-
#3771	REDUCE cov: 339 ft: 730 corp: 158/8805b lim: 95 exec/s: 0 rss: 42Mb L: 60/95 MS: 2 CrossOver-EraseBytes-
#3817	REDUCE cov: 339 ft: 730 corp: 158/8797b lim: 95 exec/s: 0 rss: 42Mb L: 62/95 MS: 1 EraseBytes-
#3818	REDUCE cov: 339 ft: 730 corp: 158/8779b lim: 95 exec/s: 0 rss: 42Mb L: 42/95 MS: 1 EraseBytes-
#3871	NEW    cov: 339 ft: 731 corp: 159/8867b lim: 95 exec/s: 0 rss: 42Mb L: 88/95 MS: 3 ChangeBinInt-CrossOver-PersAutoDict- DE: "<\000\000\000\000\000\000\000"-
#3885	REDUCE cov: 339 ft: 731 corp: 159/8856b lim: 95 exec/s: 0 rss: 42Mb L: 73/95 MS: 4 ChangeBit-CopyPart-ChangeBinInt-EraseBytes-
#3907	REDUCE cov: 340 ft: 732 corp: 160/8890b lim: 95 exec/s: 0 rss: 42Mb L: 34/95 MS: 2 CopyPart-EraseBytes-
#3914	REDUCE cov: 340 ft: 732 corp: 160/8869b lim: 95 exec/s: 0 rss: 42Mb L: 25/95 MS: 2 CMP-EraseBytes- DE: "\005\000\000\000\000\000\000\000"-
#3946	REDUCE cov: 340 ft: 732 corp: 160/8862b lim: 95 exec/s: 0 rss: 42Mb L: 88/95 MS: 2 ChangeASCIIInt-EraseBytes-
#4022	NEW    cov: 342 ft: 734 corp: 161/8948b lim: 95 exec/s: 0 rss: 42Mb L: 86/95 MS: 1 ShuffleBytes-
#4093	NEW    cov: 343 ft: 735 corp: 162/9025b lim: 95 exec/s: 0 rss: 42Mb L: 77/95 MS: 1 ChangeBit-
#4109	REDUCE cov: 343 ft: 735 corp: 162/9016b lim: 95 exec/s: 0 rss: 42Mb L: 63/95 MS: 1 EraseBytes-
#4163	NEW    cov: 344 ft: 736 corp: 163/9101b lim: 95 exec/s: 0 rss: 42Mb L: 85/95 MS: 4 CopyPart-ChangeByte-EraseBytes-CopyPart-
#4179	REDUCE cov: 344 ft: 736 corp: 163/9089b lim: 95 exec/s: 0 rss: 43Mb L: 50/95 MS: 1 EraseBytes-
#4200	REDUCE cov: 344 ft: 736 corp: 163/9080b lim: 95 exec/s: 0 rss: 43Mb L: 34/95 MS: 1 EraseBytes-
#4229	REDUCE cov: 344 ft: 736 corp: 163/9063b lim: 95 exec/s: 0 rss: 43Mb L: 64/95 MS: 4 ChangeBit-ChangeBinInt-InsertRepeatedBytes-EraseBytes-
#4286	REDUCE cov: 344 ft: 736 corp: 163/9046b lim: 95 exec/s: 0 rss: 43Mb L: 71/95 MS: 2 ChangeASCIIInt-CrossOver-
#4349	REDUCE cov: 344 ft: 736 corp: 163/9035b lim: 95 exec/s: 0 rss: 43Mb L: 23/95 MS: 3 InsertByte-ShuffleBytes-EraseBytes-
#4416	REDUCE cov: 344 ft: 736 corp: 163/9033b lim: 95 exec/s: 0 rss: 43Mb L: 26/95 MS: 2 ChangeBinInt-EraseBytes-
#4482	REDUCE cov: 344 ft: 736 corp: 163/9022b lim: 95 exec/s: 0 rss: 43Mb L: 15/95 MS: 1 CrossOver-
#4494	REDUCE cov: 344 ft: 736 corp: 163/8999b lim: 95 exec/s: 0 rss: 43Mb L: 35/95 MS: 2 CrossOver-EraseBytes-
#4495	NEW    cov: 345 ft: 737 corp: 164/9094b lim: 95 exec/s: 0 rss: 43Mb L: 95/95 MS: 1 CopyPart-
#4511	NEW    cov: 345 ft: 738 corp: 165/9179b lim: 95 exec/s: 0 rss: 43Mb L: 85/95 MS: 1 CopyPart-
#4533	REDUCE cov: 345 ft: 738 corp: 165/9171b lim: 95 exec/s: 0 rss: 43Mb L: 58/95 MS: 2 InsertByte-EraseBytes-
#4636	REDUCE cov: 345 ft: 738 corp: 165/9168b lim: 95 exec/s: 0 rss: 43Mb L: 36/95 MS: 3 PersAutoDict-CopyPart-EraseBytes- DE: "\021\000\000\000\000\000\000\000"-
#4703	REDUCE cov: 345 ft: 738 corp: 165/9160b lim: 95 exec/s: 0 rss: 43Mb L: 17/95 MS: 2 InsertByte-EraseBytes-
#4708	NEW    cov: 346 ft: 739 corp: 166/9223b lim: 95 exec/s: 0 rss: 43Mb L: 63/95 MS: 5 ShuffleBytes-CopyPart-EraseBytes-PersAutoDict-PersAutoDict- DE: "\005\000\000\000\000\000\000\000"-"\021\000\000\000\000\000\000\000"-
#4749	REDUCE cov: 346 ft: 739 corp: 166/9220b lim: 95 exec/s: 0 rss: 43Mb L: 45/95 MS: 1 EraseBytes-
#4796	REDUCE cov: 346 ft: 739 corp: 166/9201b lim: 95 exec/s: 0 rss: 43Mb L: 40/95 MS: 2 PersAutoDict-EraseBytes- DE: "\001\000"-
#4800	REDUCE cov: 346 ft: 739 corp: 166/9199b lim: 95 exec/s: 0 rss: 43Mb L: 62/95 MS: 4 ShuffleBytes-ChangeBinInt-ChangeByte-EraseBytes-
#4806	NEW    cov: 346 ft: 741 corp: 167/9292b lim: 95 exec/s: 0 rss: 43Mb L: 93/95 MS: 1 InsertRepeatedBytes-
#4867	REDUCE cov: 346 ft: 741 corp: 167/9290b lim: 95 exec/s: 0 rss: 43Mb L: 93/95 MS: 1 CrossOver-
#4869	NEW    cov: 349 ft: 744 corp: 168/9377b lim: 95 exec/s: 0 rss: 43Mb L: 87/95 MS: 2 ChangeBinInt-CrossOver-
#4880	REDUCE cov: 349 ft: 744 corp: 168/9368b lim: 95 exec/s: 0 rss: 43Mb L: 77/95 MS: 1 EraseBytes-
#4931	REDUCE cov: 349 ft: 744 corp: 168/9366b lim: 95 exec/s: 0 rss: 43Mb L: 21/95 MS: 1 EraseBytes-
#4985	NEW    cov: 349 ft: 746 corp: 169/9427b lim: 95 exec/s: 0 rss: 43Mb L: 61/95 MS: 4 CMP-PersAutoDict-CrossOver-InsertRepeatedBytes- DE: "\001\000\000\000\000\000 \000"-"\000\000"-
#4996	REDUCE cov: 349 ft: 746 corp: 169/9406b lim: 95 exec/s: 0 rss: 43Mb L: 37/95 MS: 1 EraseBytes-
#5061	NEW    cov: 350 ft: 747 corp: 170/9467b lim: 95 exec/s: 0 rss: 43Mb L: 61/95 MS: 5 ChangeBit-ShuffleBytes-CrossOver-ChangeByte-CrossOver-
#5107	NEW    cov: 351 ft: 748 corp: 171/9503b lim: 95 exec/s: 0 rss: 44Mb L: 36/95 MS: 1 InsertByte-
#5144	REDUCE cov: 351 ft: 748 corp: 171/9495b lim: 95 exec/s: 0 rss: 44Mb L: 29/95 MS: 2 InsertByte-EraseBytes-
#5240	NEW    cov: 351 ft: 749 corp: 172/9569b lim: 95 exec/s: 0 rss: 44Mb L: 74/95 MS: 1 InsertRepeatedBytes-
#5242	REDUCE cov: 351 ft: 749 corp: 172/9564b lim: 95 exec/s: 0 rss: 44Mb L: 12/95 MS: 2 ShuffleBytes-EraseBytes-
#5263	NEW    cov: 351 ft: 750 corp: 173/9638b lim: 95 exec/s: 0 rss: 44Mb L: 74/95 MS: 1 ChangeByte-
#5284	REDUCE cov: 351 ft: 750 corp: 173/9604b lim: 95 exec/s: 0 rss: 44Mb L: 54/95 MS: 1 EraseBytes-
#5401	REDUCE cov: 351 ft: 750 corp: 173/9596b lim: 95 exec/s: 0 rss: 44Mb L: 12/95 MS: 2 InsertByte-EraseBytes-
#5415	REDUCE cov: 351 ft: 750 corp: 173/9595b lim: 95 exec/s: 0 rss: 44Mb L: 38/95 MS: 4 ChangeBinInt-ChangeByte-InsertByte-EraseBytes-
#5428	REDUCE cov: 351 ft: 750 corp: 173/9594b lim: 95 exec/s: 0 rss: 44Mb L: 70/95 MS: 3 ChangeByte-ShuffleBytes-EraseBytes-
#5505	REDUCE cov: 351 ft: 750 corp: 173/9591b lim: 95 exec/s: 0 rss: 44Mb L: 85/95 MS: 2 ShuffleBytes-EraseBytes-
#5552	REDUCE cov: 351 ft: 752 corp: 174/9676b lim: 95 exec/s: 0 rss: 44Mb L: 85/95 MS: 2 CopyPart-ChangeBinInt-
#5575	NEW    cov: 353 ft: 754 corp: 175/9715b lim: 95 exec/s: 0 rss: 44Mb L: 39/95 MS: 3 CrossOver-ChangeByte-CrossOver-
#5637	REDUCE cov: 354 ft: 755 corp: 176/9785b lim: 95 exec/s: 0 rss: 44Mb L: 70/95 MS: 2 InsertByte-ChangeBinInt-
#5698	REDUCE cov: 354 ft: 755 corp: 176/9770b lim: 95 exec/s: 0 rss: 44Mb L: 42/95 MS: 1 EraseBytes-
#5766	REDUCE cov: 354 ft: 755 corp: 176/9762b lim: 95 exec/s: 0 rss: 44Mb L: 28/95 MS: 3 InsertByte-ChangeBinInt-EraseBytes-
#5913	REDUCE cov: 354 ft: 755 corp: 176/9736b lim: 95 exec/s: 0 rss: 44Mb L: 28/95 MS: 2 ChangeBit-EraseBytes-
#5926	REDUCE cov: 354 ft: 755 corp: 176/9718b lim: 95 exec/s: 0 rss: 44Mb L: 43/95 MS: 3 ShuffleBytes-ChangeByte-EraseBytes-
#6042	NEW    cov: 354 ft: 757 corp: 177/9763b lim: 95 exec/s: 0 rss: 45Mb L: 45/95 MS: 1 CrossOver-
#6074	NEW    cov: 355 ft: 758 corp: 178/9849b lim: 95 exec/s: 0 rss: 45Mb L: 86/95 MS: 2 CopyPart-ChangeByte-
#6086	REDUCE cov: 355 ft: 758 corp: 178/9835b lim: 95 exec/s: 0 rss: 45Mb L: 49/95 MS: 2 CopyPart-EraseBytes-
#6142	NEW    cov: 355 ft: 760 corp: 179/9904b lim: 95 exec/s: 0 rss: 45Mb L: 69/95 MS: 1 CopyPart-
#6159	REDUCE cov: 355 ft: 760 corp: 179/9900b lim: 95 exec/s: 0 rss: 45Mb L: 81/95 MS: 2 ChangeASCIIInt-EraseBytes-
#6232	REDUCE cov: 355 ft: 760 corp: 179/9896b lim: 95 exec/s: 0 rss: 45Mb L: 65/95 MS: 3 ChangeBit-PersAutoDict-EraseBytes- DE: "\001\000"-
#6248	REDUCE cov: 355 ft: 760 corp: 179/9885b lim: 95 exec/s: 0 rss: 45Mb L: 27/95 MS: 1 EraseBytes-
#6339	REDUCE cov: 355 ft: 760 corp: 179/9874b lim: 95 exec/s: 0 rss: 45Mb L: 42/95 MS: 1 EraseBytes-
#6417	NEW    cov: 357 ft: 762 corp: 180/9939b lim: 95 exec/s: 0 rss: 45Mb L: 65/95 MS: 3 ChangeBinInt-EraseBytes-ChangeBinInt-
#6498	REDUCE cov: 357 ft: 762 corp: 180/9929b lim: 95 exec/s: 0 rss: 45Mb L: 53/95 MS: 1 EraseBytes-
#6569	NEW    cov: 357 ft: 763 corp: 181/10023b lim: 95 exec/s: 0 rss: 45Mb L: 94/95 MS: 1 InsertByte-
#6610	REDUCE cov: 357 ft: 763 corp: 181/10017b lim: 95 exec/s: 0 rss: 45Mb L: 22/95 MS: 1 EraseBytes-
#6676	NEW    cov: 358 ft: 764 corp: 182/10112b lim: 95 exec/s: 0 rss: 45Mb L: 95/95 MS: 1 ChangeByte-
#6767	NEW    cov: 360 ft: 766 corp: 183/10147b lim: 95 exec/s: 0 rss: 45Mb L: 35/95 MS: 1 InsertByte-
#6788	REDUCE cov: 360 ft: 766 corp: 183/10141b lim: 95 exec/s: 0 rss: 45Mb L: 30/95 MS: 1 CrossOver-
#6793	NEW    cov: 360 ft: 767 corp: 184/10235b lim: 95 exec/s: 0 rss: 45Mb L: 94/95 MS: 5 InsertRepeatedBytes-CopyPart-InsertRepeatedBytes-ChangeASCIIInt-ShuffleBytes-
#6794	NEW    cov: 360 ft: 768 corp: 185/10325b lim: 95 exec/s: 0 rss: 45Mb L: 90/95 MS: 1 CrossOver-
#6908	REDUCE cov: 360 ft: 768 corp: 185/10323b lim: 95 exec/s: 0 rss: 45Mb L: 13/95 MS: 4 CopyPart-CMP-EraseBytes-PersAutoDict- DE: "\377\377"-"\000\000"-
#6930	REDUCE cov: 360 ft: 768 corp: 185/10321b lim: 95 exec/s: 0 rss: 46Mb L: 83/95 MS: 2 ChangeASCIIInt-EraseBytes-
#7026	REDUCE cov: 360 ft: 768 corp: 185/10308b lim: 95 exec/s: 0 rss: 46Mb L: 82/95 MS: 1 EraseBytes-
#7077	REDUCE cov: 360 ft: 768 corp: 185/10300b lim: 95 exec/s: 0 rss: 46Mb L: 17/95 MS: 1 EraseBytes-
#7138	REDUCE cov: 360 ft: 768 corp: 185/10295b lim: 95 exec/s: 0 rss: 46Mb L: 81/95 MS: 1 EraseBytes-
#7170	REDUCE cov: 360 ft: 768 corp: 185/10292b lim: 95 exec/s: 0 rss: 46Mb L: 22/95 MS: 2 CrossOver-EraseBytes-
#7196	REDUCE cov: 360 ft: 768 corp: 185/10268b lim: 95 exec/s: 0 rss: 46Mb L: 51/95 MS: 1 EraseBytes-
#7257	REDUCE cov: 360 ft: 768 corp: 185/10260b lim: 95 exec/s: 0 rss: 46Mb L: 20/95 MS: 1 EraseBytes-
#7258	REDUCE cov: 360 ft: 768 corp: 185/10256b lim: 95 exec/s: 0 rss: 46Mb L: 8/95 MS: 1 EraseBytes-
#7279	REDUCE cov: 360 ft: 768 corp: 185/10253b lim: 95 exec/s: 0 rss: 46Mb L: 20/95 MS: 1 EraseBytes-
#7301	REDUCE cov: 361 ft: 769 corp: 186/10334b lim: 95 exec/s: 0 rss: 46Mb L: 81/95 MS: 2 ChangeByte-ChangeBinInt-
#7378	REDUCE cov: 361 ft: 769 corp: 186/10318b lim: 95 exec/s: 0 rss: 46Mb L: 28/95 MS: 2 ChangeByte-EraseBytes-
#7490	NEW    cov: 362 ft: 770 corp: 187/10406b lim: 95 exec/s: 0 rss: 46Mb L: 88/95 MS: 2 ChangeBinInt-PersAutoDict- DE: "\377\377"-
#7509	REDUCE cov: 362 ft: 770 corp: 187/10372b lim: 95 exec/s: 0 rss: 46Mb L: 47/95 MS: 4 ChangeBit-CopyPart-InsertByte-EraseBytes-
#7541	NEW    cov: 366 ft: 774 corp: 188/10459b lim: 95 exec/s: 0 rss: 46Mb L: 87/95 MS: 2 ChangeBit-EraseBytes-
#7545	REDUCE cov: 366 ft: 774 corp: 188/10452b lim: 95 exec/s: 0 rss: 46Mb L: 66/95 MS: 4 ChangeBit-ChangeByte-InsertRepeatedBytes-EraseBytes-
#7712	REDUCE cov: 366 ft: 774 corp: 188/10422b lim: 95 exec/s: 0 rss: 46Mb L: 58/95 MS: 2 ChangeBit-EraseBytes-
#7738	REDUCE cov: 366 ft: 774 corp: 188/10411b lim: 95 exec/s: 0 rss: 46Mb L: 68/95 MS: 1 EraseBytes-
#7790	REDUCE cov: 366 ft: 774 corp: 188/10407b lim: 95 exec/s: 0 rss: 46Mb L: 24/95 MS: 2 ChangeBinInt-EraseBytes-
#7791	NEW    cov: 366 ft: 775 corp: 189/10490b lim: 95 exec/s: 0 rss: 46Mb L: 83/95 MS: 1 ShuffleBytes-
#7802	NEW    cov: 366 ft: 776 corp: 190/10576b lim: 95 exec/s: 0 rss: 46Mb L: 86/95 MS: 1 InsertRepeatedBytes-
#7908	REDUCE cov: 366 ft: 776 corp: 190/10555b lim: 95 exec/s: 0 rss: 46Mb L: 26/95 MS: 1 EraseBytes-
#7920	NEW    cov: 366 ft: 777 corp: 191/10631b lim: 95 exec/s: 0 rss: 46Mb L: 76/95 MS: 2 InsertByte-InsertByte-
#7921	REDUCE cov: 366 ft: 777 corp: 191/10607b lim: 95 exec/s: 0 rss: 46Mb L: 39/95 MS: 1 EraseBytes-
#7950	REDUCE cov: 366 ft: 777 corp: 191/10602b lim: 95 exec/s: 0 rss: 46Mb L: 21/95 MS: 4 ShuffleBytes-ChangeBinInt-ChangeBinInt-EraseBytes-
#8056	NEW    cov: 366 ft: 778 corp: 192/10666b lim: 95 exec/s: 0 rss: 47Mb L: 64/95 MS: 1 EraseBytes-
#8069	NEW    cov: 366 ft: 779 corp: 193/10720b lim: 95 exec/s: 0 rss: 47Mb L: 54/95 MS: 3 ShuffleBytes-ChangeASCIIInt-CrossOver-
#8105	REDUCE cov: 366 ft: 779 corp: 193/10707b lim: 95 exec/s: 0 rss: 47Mb L: 22/95 MS: 1 EraseBytes-
#8241	REDUCE cov: 366 ft: 779 corp: 193/10695b lim: 95 exec/s: 0 rss: 47Mb L: 37/95 MS: 1 EraseBytes-
#8297	REDUCE cov: 366 ft: 779 corp: 193/10693b lim: 95 exec/s: 0 rss: 47Mb L: 22/95 MS: 1 EraseBytes-
#8366	REDUCE cov: 366 ft: 781 corp: 194/10755b lim: 95 exec/s: 0 rss: 47Mb L: 62/95 MS: 4 PersAutoDict-ChangeBinInt-ShuffleBytes-CrossOver- DE: "\023\000\000\000\000\000\000\000"-
#8372	REDUCE cov: 366 ft: 781 corp: 194/10740b lim: 95 exec/s: 0 rss: 47Mb L: 59/95 MS: 1 EraseBytes-
#8408	REDUCE cov: 366 ft: 781 corp: 194/10739b lim: 95 exec/s: 0 rss: 47Mb L: 64/95 MS: 1 CrossOver-
#8430	REDUCE cov: 366 ft: 781 corp: 194/10730b lim: 95 exec/s: 0 rss: 47Mb L: 53/95 MS: 2 ShuffleBytes-EraseBytes-
#8446	NEW    cov: 366 ft: 782 corp: 195/10777b lim: 95 exec/s: 0 rss: 47Mb L: 47/95 MS: 1 CrossOver-
#8558	NEW    cov: 366 ft: 783 corp: 196/10855b lim: 95 exec/s: 0 rss: 47Mb L: 78/95 MS: 2 CopyPart-ChangeBit-
#8584	NEW    cov: 366 ft: 784 corp: 197/10950b lim: 95 exec/s: 0 rss: 47Mb L: 95/95 MS: 1 CopyPart-
#8608	REDUCE cov: 366 ft: 784 corp: 197/10947b lim: 95 exec/s: 0 rss: 47Mb L: 49/95 MS: 4 PersAutoDict-ChangeBinInt-InsertByte-EraseBytes- DE: "\377\377\377\377"-
#8610	NEW    cov: 370 ft: 788 corp: 198/11040b lim: 95 exec/s: 0 rss: 47Mb L: 93/95 MS: 2 ChangeASCIIInt-CrossOver-
#8706	REDUCE cov: 370 ft: 788 corp: 198/11032b lim: 95 exec/s: 0 rss: 47Mb L: 12/95 MS: 1 EraseBytes-
#8779	NEW    cov: 370 ft: 789 corp: 199/11123b lim: 95 exec/s: 0 rss: 47Mb L: 91/95 MS: 3 CopyPart-CopyPart-CopyPart-
#8846	REDUCE cov: 370 ft: 789 corp: 199/11121b lim: 95 exec/s: 0 rss: 47Mb L: 15/95 MS: 2 ChangeByte-EraseBytes-
#8892	NEW    cov: 370 ft: 790 corp: 200/11198b lim: 95 exec/s: 0 rss: 47Mb L: 77/95 MS: 1 ShuffleBytes-
#8894	REDUCE cov: 370 ft: 790 corp: 200/11186b lim: 95 exec/s: 0 rss: 47Mb L: 23/95 MS: 2 ChangeBit-EraseBytes-
#8996	NEW    cov: 371 ft: 791 corp: 201/11272b lim: 95 exec/s: 0 rss: 47Mb L: 86/95 MS: 2 ChangeBinInt-ShuffleBytes-
#9005	REDUCE cov: 371 ft: 791 corp: 201/11265b lim: 95 exec/s: 0 rss: 48Mb L: 41/95 MS: 4 ChangeASCIIInt-ChangeASCIIInt-ChangeByte-EraseBytes-
#9006	REDUCE cov: 372 ft: 792 corp: 202/11287b lim: 95 exec/s: 0 rss: 48Mb L: 22/95 MS: 1 InsertByte-
#9007	REDUCE cov: 372 ft: 792 corp: 202/11279b lim: 95 exec/s: 0 rss: 48Mb L: 13/95 MS: 1 EraseBytes-
#9249	REDUCE cov: 372 ft: 792 corp: 202/11263b lim: 95 exec/s: 0 rss: 48Mb L: 69/95 MS: 2 CopyPart-EraseBytes-
#9352	REDUCE cov: 372 ft: 792 corp: 202/11262b lim: 95 exec/s: 0 rss: 48Mb L: 73/95 MS: 3 ChangeBinInt-PersAutoDict-CrossOver- DE: "\005\000\000\000\000\000\000\000"-
#9354	REDUCE cov: 372 ft: 792 corp: 202/11261b lim: 95 exec/s: 0 rss: 48Mb L: 69/95 MS: 2 CopyPart-EraseBytes-
#9475	NEW    cov: 372 ft: 793 corp: 203/11338b lim: 95 exec/s: 0 rss: 48Mb L: 77/95 MS: 1 ShuffleBytes-
#9487	REDUCE cov: 372 ft: 793 corp: 203/11331b lim: 95 exec/s: 0 rss: 48Mb L: 31/95 MS: 2 CMP-EraseBytes- DE: "\001\000\000\000\000\000\177\357"-
#9548	REDUCE cov: 372 ft: 793 corp: 203/11325b lim: 95 exec/s: 0 rss: 48Mb L: 16/95 MS: 1 EraseBytes-
#9569	REDUCE cov: 372 ft: 793 corp: 203/11319b lim: 95 exec/s: 0 rss: 48Mb L: 25/95 MS: 1 EraseBytes-
#9591	REDUCE cov: 372 ft: 793 corp: 203/11309b lim: 95 exec/s: 0 rss: 48Mb L: 35/95 MS: 2 ChangeByte-EraseBytes-
#9662	NEW    cov: 372 ft: 797 corp: 204/11400b lim: 95 exec/s: 0 rss: 48Mb L: 91/95 MS: 1 CopyPart-
#9713	NEW    cov: 372 ft: 800 corp: 205/11494b lim: 95 exec/s: 0 rss: 48Mb L: 94/95 MS: 1 InsertRepeatedBytes-
#9717	NEW    cov: 372 ft: 801 corp: 206/11584b lim: 95 exec/s: 0 rss: 48Mb L: 90/95 MS: 4 CMP-CrossOver-CopyPart-ChangeByte- DE: "\000\000\000\000\000\000\000\023"-
#9718	NEW    cov: 372 ft: 802 corp: 207/11674b lim: 95 exec/s: 0 rss: 48Mb L: 90/95 MS: 1 PersAutoDict- DE: "\001\000\000\000"-
#9796	REDUCE cov: 372 ft: 802 corp: 207/11633b lim: 95 exec/s: 0 rss: 48Mb L: 54/95 MS: 3 ChangeBit-ChangeBit-EraseBytes-
#9832	NEW    cov: 372 ft: 803 corp: 208/11720b lim: 95 exec/s: 0 rss: 48Mb L: 87/95 MS: 1 InsertByte-
#9869	REDUCE cov: 372 ft: 803 corp: 208/11713b lim: 95 exec/s: 0 rss: 48Mb L: 23/95 MS: 2 PersAutoDict-EraseBytes- DE: "\377\377\377\377"-
#9889	REDUCE cov: 372 ft: 803 corp: 208/11704b lim: 95 exec/s: 0 rss: 48Mb L: 32/95 MS: 5 CMP-InsertByte-ChangeBit-ChangeBinInt-EraseBytes- DE: "\377\377\377\377"-
#10016	NEW    cov: 373 ft: 804 corp: 209/11781b lim: 95 exec/s: 0 rss: 48Mb L: 77/95 MS: 2 ChangeASCIIInt-CopyPart-
#10067	NEW    cov: 373 ft: 805 corp: 210/11871b lim: 95 exec/s: 0 rss: 48Mb L: 90/95 MS: 1 CopyPart-
#10083	REDUCE cov: 373 ft: 805 corp: 210/11857b lim: 95 exec/s: 0 rss: 48Mb L: 39/95 MS: 1 EraseBytes-
#10085	REDUCE cov: 373 ft: 805 corp: 210/11829b lim: 95 exec/s: 0 rss: 48Mb L: 62/95 MS: 2 ChangeByte-EraseBytes-
#10116	NEW    cov: 373 ft: 806 corp: 211/11906b lim: 95 exec/s: 0 rss: 48Mb L: 77/95 MS: 1 ChangeBit-
#10199	REDUCE cov: 373 ft: 806 corp: 211/11901b lim: 95 exec/s: 0 rss: 48Mb L: 18/95 MS: 3 PersAutoDict-CMP-EraseBytes- DE: "\377\377\377\377\377\377\037\000"-"\002\000\000\000"-
#10200	REDUCE cov: 373 ft: 806 corp: 211/11898b lim: 95 exec/s: 0 rss: 49Mb L: 62/95 MS: 1 EraseBytes-
#10203	REDUCE cov: 373 ft: 806 corp: 211/11887b lim: 95 exec/s: 0 rss: 49Mb L: 6/95 MS: 3 ChangeByte-EraseBytes-EraseBytes-
#10270	NEW    cov: 373 ft: 807 corp: 212/11982b lim: 95 exec/s: 0 rss: 49Mb L: 95/95 MS: 2 ChangeBinInt-PersAutoDict- DE: "\023\000\000\000\000\000\000\000"-
#10544	NEW    cov: 373 ft: 808 corp: 213/12073b lim: 95 exec/s: 0 rss: 49Mb L: 91/95 MS: 4 ChangeByte-CrossOver-InsertByte-ChangeBit-
#10630	REDUCE cov: 373 ft: 808 corp: 213/12032b lim: 95 exec/s: 0 rss: 49Mb L: 49/95 MS: 1 EraseBytes-
#10632	REDUCE cov: 373 ft: 808 corp: 213/12030b lim: 95 exec/s: 0 rss: 49Mb L: 72/95 MS: 2 ChangeByte-EraseBytes-
#10654	REDUCE cov: 373 ft: 808 corp: 213/12009b lim: 95 exec/s: 0 rss: 49Mb L: 29/95 MS: 2 PersAutoDict-EraseBytes- DE: "\377\377\377\377\377\377\037\000"-
#10715	REDUCE cov: 373 ft: 808 corp: 213/11980b lim: 95 exec/s: 0 rss: 49Mb L: 29/95 MS: 1 EraseBytes-
#10872	NEW    cov: 373 ft: 811 corp: 214/12065b lim: 95 exec/s: 0 rss: 49Mb L: 85/95 MS: 2 ChangeBinInt-InsertRepeatedBytes-
#10890	REDUCE cov: 373 ft: 811 corp: 214/12051b lim: 95 exec/s: 0 rss: 49Mb L: 52/95 MS: 3 InsertByte-InsertByte-EraseBytes-
#11130	REDUCE cov: 373 ft: 811 corp: 214/12012b lim: 95 exec/s: 0 rss: 49Mb L: 52/95 MS: 5 ChangeASCIIInt-ChangeBit-ChangeByte-ChangeByte-EraseBytes-
#11138	NEW    cov: 373 ft: 812 corp: 215/12098b lim: 95 exec/s: 0 rss: 49Mb L: 86/95 MS: 3 ChangeASCIIInt-ChangeASCIIInt-InsertRepeatedBytes-
#11279	REDUCE cov: 373 ft: 812 corp: 215/12066b lim: 95 exec/s: 0 rss: 49Mb L: 63/95 MS: 1 EraseBytes-
#11335	REDUCE cov: 373 ft: 812 corp: 215/12062b lim: 95 exec/s: 0 rss: 49Mb L: 32/95 MS: 1 EraseBytes-
#11347	REDUCE cov: 373 ft: 812 corp: 215/12047b lim: 95 exec/s: 0 rss: 49Mb L: 54/95 MS: 2 ShuffleBytes-EraseBytes-
#11443	NEW    cov: 373 ft: 813 corp: 216/12133b lim: 95 exec/s: 0 rss: 49Mb L: 86/95 MS: 1 ChangeByte-
#11473	REDUCE cov: 373 ft: 813 corp: 216/12115b lim: 95 exec/s: 0 rss: 49Mb L: 27/95 MS: 5 ChangeBit-ChangeBit-ChangeBit-InsertByte-EraseBytes-
#11609	NEW    cov: 373 ft: 814 corp: 217/12210b lim: 95 exec/s: 0 rss: 49Mb L: 95/95 MS: 1 ChangeBit-
#11612	REDUCE cov: 373 ft: 814 corp: 217/12203b lim: 95 exec/s: 0 rss: 49Mb L: 38/95 MS: 3 ChangeBinInt-ShuffleBytes-EraseBytes-
#11639	REDUCE cov: 373 ft: 814 corp: 217/12191b lim: 95 exec/s: 0 rss: 49Mb L: 32/95 MS: 2 ShuffleBytes-EraseBytes-
#11677	REDUCE cov: 373 ft: 814 corp: 217/12190b lim: 95 exec/s: 0 rss: 50Mb L: 59/95 MS: 3 PersAutoDict-CopyPart-EraseBytes- DE: "\005\000\000\000\000\000\000\000"-
#11743	REDUCE cov: 373 ft: 814 corp: 217/12187b lim: 95 exec/s: 0 rss: 50Mb L: 15/95 MS: 1 EraseBytes-
#11762	REDUCE cov: 373 ft: 814 corp: 217/12150b lim: 95 exec/s: 0 rss: 50Mb L: 54/95 MS: 4 ShuffleBytes-ChangeBit-InsertByte-EraseBytes-
#11837	REDUCE cov: 373 ft: 814 corp: 217/12137b lim: 95 exec/s: 0 rss: 50Mb L: 74/95 MS: 5 ShuffleBytes-ChangeBit-PersAutoDict-ChangeBinInt-EraseBytes- DE: "\001\000"-
#11878	REDUCE cov: 373 ft: 814 corp: 217/12128b lim: 95 exec/s: 0 rss: 50Mb L: 49/95 MS: 1 EraseBytes-
#12004	REDUCE cov: 373 ft: 814 corp: 217/12103b lim: 95 exec/s: 0 rss: 50Mb L: 62/95 MS: 1 EraseBytes-
#12030	NEW    cov: 373 ft: 815 corp: 218/12198b lim: 95 exec/s: 0 rss: 50Mb L: 95/95 MS: 1 InsertRepeatedBytes-
#12106	REDUCE cov: 373 ft: 815 corp: 218/12197b lim: 95 exec/s: 0 rss: 50Mb L: 61/95 MS: 1 EraseBytes-
#12108	REDUCE cov: 373 ft: 815 corp: 218/12157b lim: 95 exec/s: 0 rss: 50Mb L: 41/95 MS: 2 InsertByte-EraseBytes-
#12166	REDUCE cov: 373 ft: 815 corp: 218/12148b lim: 95 exec/s: 0 rss: 50Mb L: 60/95 MS: 3 ChangeByte-ChangeBinInt-EraseBytes-
#12285	REDUCE cov: 373 ft: 815 corp: 218/12126b lim: 95 exec/s: 0 rss: 50Mb L: 63/95 MS: 4 InsertRepeatedBytes-ShuffleBytes-CopyPart-EraseBytes-
#12286	REDUCE cov: 373 ft: 816 corp: 219/12209b lim: 95 exec/s: 0 rss: 50Mb L: 83/95 MS: 1 InsertRepeatedBytes-
#12352	REDUCE cov: 373 ft: 816 corp: 219/12189b lim: 95 exec/s: 0 rss: 50Mb L: 65/95 MS: 1 EraseBytes-
#12513	NEW    cov: 373 ft: 817 corp: 220/12276b lim: 95 exec/s: 0 rss: 50Mb L: 87/95 MS: 1 InsertByte-
#12561	REDUCE cov: 373 ft: 817 corp: 220/12252b lim: 95 exec/s: 0 rss: 50Mb L: 44/95 MS: 3 CrossOver-ChangeBit-EraseBytes-
#12771	NEW    cov: 373 ft: 822 corp: 221/12346b lim: 95 exec/s: 0 rss: 50Mb L: 94/95 MS: 5 CrossOver-ChangeBit-CMP-InsertByte-CrossOver- DE: "\377\377"-
#12857	NEW    cov: 374 ft: 823 corp: 222/12410b lim: 95 exec/s: 0 rss: 50Mb L: 64/95 MS: 1 EraseBytes-
#12965	REDUCE cov: 374 ft: 823 corp: 222/12409b lim: 95 exec/s: 0 rss: 50Mb L: 14/95 MS: 3 PersAutoDict-PersAutoDict-EraseBytes- DE: "\377\377\377\377"-"\377\377\377\377"-
#13067	NEW    cov: 374 ft: 824 corp: 223/12504b lim: 95 exec/s: 0 rss: 50Mb L: 95/95 MS: 2 CrossOver-CrossOver-
#13093	NEW    cov: 378 ft: 831 corp: 224/12589b lim: 95 exec/s: 0 rss: 50Mb L: 85/95 MS: 1 EraseBytes-
#13102	NEW    cov: 378 ft: 832 corp: 225/12678b lim: 95 exec/s: 0 rss: 50Mb L: 89/95 MS: 4 CopyPart-ChangeASCIIInt-InsertRepeatedBytes-ChangeBinInt-
#13189	REDUCE cov: 378 ft: 832 corp: 225/12675b lim: 95 exec/s: 0 rss: 51Mb L: 92/95 MS: 2 ChangeBinInt-EraseBytes-
#13197	REDUCE cov: 378 ft: 832 corp: 225/12660b lim: 95 exec/s: 0 rss: 51Mb L: 43/95 MS: 3 ChangeBinInt-CMP-EraseBytes- DE: "\000\000"-
#13207	REDUCE cov: 378 ft: 832 corp: 225/12657b lim: 95 exec/s: 0 rss: 51Mb L: 83/95 MS: 5 ShuffleBytes-InsertRepeatedBytes-CrossOver-PersAutoDict-EraseBytes- DE: "\000\000\000\000"-
#13228	REDUCE cov: 378 ft: 832 corp: 225/12651b lim: 95 exec/s: 0 rss: 51Mb L: 15/95 MS: 1 EraseBytes-
#13284	REDUCE cov: 378 ft: 832 corp: 225/12646b lim: 95 exec/s: 0 rss: 51Mb L: 38/95 MS: 1 EraseBytes-
#13311	REDUCE cov: 378 ft: 832 corp: 225/12610b lim: 95 exec/s: 0 rss: 51Mb L: 53/95 MS: 2 CrossOver-EraseBytes-
#13357	NEW    cov: 380 ft: 834 corp: 226/12682b lim: 95 exec/s: 0 rss: 51Mb L: 72/95 MS: 1 InsertRepeatedBytes-
#13384	REDUCE cov: 380 ft: 834 corp: 226/12677b lim: 95 exec/s: 0 rss: 51Mb L: 35/95 MS: 2 ChangeBinInt-EraseBytes-
#13499	REDUCE cov: 380 ft: 834 corp: 226/12657b lim: 95 exec/s: 0 rss: 51Mb L: 21/95 MS: 5 ChangeASCIIInt-ChangeASCIIInt-ChangeASCIIInt-ChangeBinInt-EraseBytes-
#13541	NEW    cov: 380 ft: 835 corp: 227/12715b lim: 95 exec/s: 0 rss: 51Mb L: 58/95 MS: 2 InsertByte-EraseBytes-
#13612	REDUCE cov: 380 ft: 835 corp: 227/12712b lim: 95 exec/s: 0 rss: 51Mb L: 12/95 MS: 1 EraseBytes-
#13779	NEW    cov: 380 ft: 836 corp: 228/12807b lim: 95 exec/s: 0 rss: 51Mb L: 95/95 MS: 2 CopyPart-CopyPart-
#13780	REDUCE cov: 380 ft: 836 corp: 228/12805b lim: 95 exec/s: 0 rss: 51Mb L: 68/95 MS: 1 EraseBytes-
#13821	REDUCE cov: 380 ft: 836 corp: 228/12799b lim: 95 exec/s: 0 rss: 51Mb L: 55/95 MS: 1 EraseBytes-
#13853	NEW    cov: 381 ft: 837 corp: 229/12877b lim: 95 exec/s: 0 rss: 51Mb L: 78/95 MS: 2 ChangeBit-ChangeByte-
#13922	REDUCE cov: 381 ft: 837 corp: 229/12847b lim: 95 exec/s: 0 rss: 51Mb L: 56/95 MS: 4 CopyPart-CopyPart-ChangeASCIIInt-EraseBytes-
#13923	REDUCE cov: 381 ft: 837 corp: 229/12846b lim: 95 exec/s: 0 rss: 51Mb L: 5/95 MS: 1 EraseBytes-
#14009	REDUCE cov: 381 ft: 837 corp: 229/12845b lim: 95 exec/s: 0 rss: 51Mb L: 7/95 MS: 1 EraseBytes-
#14066	REDUCE cov: 381 ft: 837 corp: 229/12828b lim: 95 exec/s: 0 rss: 51Mb L: 35/95 MS: 2 ChangeByte-EraseBytes-
#14192	REDUCE cov: 381 ft: 837 corp: 229/12826b lim: 95 exec/s: 0 rss: 51Mb L: 62/95 MS: 1 EraseBytes-
#14198	REDUCE cov: 381 ft: 837 corp: 229/12805b lim: 95 exec/s: 0 rss: 51Mb L: 69/95 MS: 1 EraseBytes-
#14249	REDUCE cov: 381 ft: 837 corp: 229/12780b lim: 95 exec/s: 0 rss: 51Mb L: 38/95 MS: 1 EraseBytes-
#14255	REDUCE cov: 381 ft: 837 corp: 229/12772b lim: 95 exec/s: 0 rss: 51Mb L: 13/95 MS: 1 CrossOver-
#14407	REDUCE cov: 381 ft: 837 corp: 229/12768b lim: 95 exec/s: 0 rss: 51Mb L: 55/95 MS: 2 ChangeASCIIInt-EraseBytes-
#14413	REDUCE cov: 381 ft: 837 corp: 229/12759b lim: 95 exec/s: 0 rss: 52Mb L: 65/95 MS: 1 EraseBytes-
#14504	REDUCE cov: 381 ft: 837 corp: 229/12744b lim: 95 exec/s: 0 rss: 52Mb L: 57/95 MS: 1 EraseBytes-
#14560	REDUCE cov: 381 ft: 837 corp: 229/12743b lim: 95 exec/s: 0 rss: 52Mb L: 43/95 MS: 1 EraseBytes-
#14690	REDUCE cov: 381 ft: 837 corp: 229/12735b lim: 95 exec/s: 0 rss: 52Mb L: 5/95 MS: 5 CopyPart-ShuffleBytes-EraseBytes-ShuffleBytes-EraseBytes-
#14889	REDUCE cov: 381 ft: 837 corp: 229/12732b lim: 95 exec/s: 0 rss: 52Mb L: 19/95 MS: 4 CrossOver-InsertByte-PersAutoDict-EraseBytes- DE: "\021\000\000\000\000\000\000\000"-
#14907	NEW    cov: 382 ft: 838 corp: 230/12827b lim: 95 exec/s: 0 rss: 52Mb L: 95/95 MS: 3 CopyPart-ChangeASCIIInt-ChangeBinInt-
#14955	REDUCE cov: 382 ft: 839 corp: 231/12886b lim: 95 exec/s: 0 rss: 52Mb L: 59/95 MS: 3 ChangeBit-EraseBytes-PersAutoDict- DE: "\023\000\000\000\000\000\000\000"-
#14980	REDUCE cov: 382 ft: 839 corp: 231/12885b lim: 95 exec/s: 0 rss: 52Mb L: 20/95 MS: 5 ChangeBit-ChangeASCIIInt-CrossOver-ChangeBit-EraseBytes-
#15170	NEW    cov: 382 ft: 842 corp: 232/12962b lim: 95 exec/s: 0 rss: 52Mb L: 77/95 MS: 5 PersAutoDict-ShuffleBytes-CMP-EraseBytes-InsertRepeatedBytes- DE: "\005\000\000\000\000\000\000\000"-"\000\000\000\000"-
#15346	NEW    cov: 383 ft: 843 corp: 233/13050b lim: 95 exec/s: 0 rss: 52Mb L: 88/95 MS: 1 ChangeByte-
#15398	REDUCE cov: 383 ft: 843 corp: 233/13045b lim: 95 exec/s: 0 rss: 52Mb L: 53/95 MS: 2 InsertByte-EraseBytes-
#15491	REDUCE cov: 383 ft: 843 corp: 233/13039b lim: 95 exec/s: 0 rss: 52Mb L: 50/95 MS: 3 InsertByte-ChangeASCIIInt-EraseBytes-
#15633	REDUCE cov: 383 ft: 843 corp: 233/13037b lim: 95 exec/s: 0 rss: 52Mb L: 17/95 MS: 2 ChangeBit-EraseBytes-
#15704	NEW    cov: 383 ft: 844 corp: 234/13131b lim: 95 exec/s: 0 rss: 52Mb L: 94/95 MS: 1 ShuffleBytes-
#15717	REDUCE cov: 383 ft: 844 corp: 234/13125b lim: 95 exec/s: 0 rss: 52Mb L: 10/95 MS: 3 ChangeBit-ShuffleBytes-EraseBytes-
#15818	NEW    cov: 384 ft: 845 corp: 235/13220b lim: 95 exec/s: 0 rss: 52Mb L: 95/95 MS: 1 ChangeBinInt-
#15885	NEW    cov: 385 ft: 846 corp: 236/13315b lim: 95 exec/s: 0 rss: 52Mb L: 95/95 MS: 2 ShuffleBytes-ChangeBit-
#15961	REDUCE cov: 385 ft: 846 corp: 236/13312b lim: 95 exec/s: 0 rss: 52Mb L: 50/95 MS: 1 EraseBytes-
#15967	REDUCE cov: 385 ft: 846 corp: 236/13310b lim: 95 exec/s: 0 rss: 52Mb L: 31/95 MS: 1 EraseBytes-
#16020	REDUCE cov: 385 ft: 846 corp: 236/13307b lim: 95 exec/s: 0 rss: 52Mb L: 49/95 MS: 3 ChangeASCIIInt-ChangeASCIIInt-EraseBytes-
#16111	REDUCE cov: 385 ft: 846 corp: 236/13296b lim: 95 exec/s: 0 rss: 52Mb L: 51/95 MS: 1 EraseBytes-
#16122	REDUCE cov: 385 ft: 851 corp: 237/13356b lim: 95 exec/s: 0 rss: 53Mb L: 60/95 MS: 1 InsertRepeatedBytes-
#16324	NEW    cov: 385 ft: 852 corp: 238/13411b lim: 95 exec/s: 0 rss: 53Mb L: 55/95 MS: 2 ChangeBit-InsertByte-
#16367	REDUCE cov: 385 ft: 852 corp: 238/13385b lim: 95 exec/s: 0 rss: 53Mb L: 57/95 MS: 3 InsertByte-InsertByte-EraseBytes-
#16417	REDUCE cov: 385 ft: 852 corp: 238/13380b lim: 95 exec/s: 0 rss: 53Mb L: 27/95 MS: 5 CrossOver-CopyPart-PersAutoDict-CMP-EraseBytes- DE: "\000\000\000\000"-"\001\000\000\000"-
#16478	REDUCE cov: 385 ft: 852 corp: 238/13361b lim: 95 exec/s: 0 rss: 53Mb L: 30/95 MS: 1 EraseBytes-
#16625	REDUCE cov: 385 ft: 854 corp: 239/13435b lim: 95 exec/s: 0 rss: 53Mb L: 74/95 MS: 2 CopyPart-InsertRepeatedBytes-
#16836	REDUCE cov: 386 ft: 855 corp: 240/13442b lim: 95 exec/s: 0 rss: 53Mb L: 7/95 MS: 1 EraseBytes-
#16868	REDUCE cov: 386 ft: 855 corp: 240/13434b lim: 95 exec/s: 0 rss: 53Mb L: 17/95 MS: 2 ChangeBinInt-EraseBytes-
#16929	NEW    cov: 388 ft: 857 corp: 241/13475b lim: 95 exec/s: 0 rss: 53Mb L: 41/95 MS: 1 EraseBytes-
#16995	REDUCE cov: 388 ft: 857 corp: 241/13467b lim: 95 exec/s: 0 rss: 53Mb L: 87/95 MS: 1 EraseBytes-
#17240	REDUCE cov: 388 ft: 857 corp: 241/13460b lim: 95 exec/s: 0 rss: 53Mb L: 11/95 MS: 5 CMP-ChangeBit-EraseBytes-ChangeBit-EraseBytes- DE: "=\000\000\000\000\000\000\000"-
#17246	REDUCE cov: 388 ft: 858 corp: 242/13530b lim: 95 exec/s: 0 rss: 53Mb L: 70/95 MS: 1 EraseBytes-
#17262	REDUCE cov: 388 ft: 858 corp: 242/13521b lim: 95 exec/s: 0 rss: 53Mb L: 40/95 MS: 1 EraseBytes-
#17288	REDUCE cov: 388 ft: 858 corp: 242/13519b lim: 95 exec/s: 0 rss: 53Mb L: 10/95 MS: 1 EraseBytes-
#17336	REDUCE cov: 388 ft: 858 corp: 242/13515b lim: 95 exec/s: 0 rss: 53Mb L: 55/95 MS: 3 CopyPart-ShuffleBytes-EraseBytes-
#17558	REDUCE cov: 388 ft: 858 corp: 242/13505b lim: 95 exec/s: 0 rss: 53Mb L: 33/95 MS: 2 ChangeBit-EraseBytes-
#17584	REDUCE cov: 388 ft: 858 corp: 242/13494b lim: 95 exec/s: 0 rss: 53Mb L: 65/95 MS: 1 EraseBytes-
#17668	REDUCE cov: 388 ft: 858 corp: 242/13493b lim: 95 exec/s: 0 rss: 53Mb L: 35/95 MS: 4 ChangeByte-ShuffleBytes-ChangeBit-EraseBytes-
#17779	REDUCE cov: 388 ft: 858 corp: 242/13492b lim: 95 exec/s: 0 rss: 53Mb L: 10/95 MS: 1 EraseBytes-
#17835	NEW    cov: 388 ft: 860 corp: 243/13587b lim: 95 exec/s: 0 rss: 53Mb L: 95/95 MS: 1 CopyPart-
#17964	REDUCE cov: 388 ft: 860 corp: 243/13582b lim: 95 exec/s: 0 rss: 54Mb L: 90/95 MS: 4 ChangeBit-ChangeBit-ShuffleBytes-EraseBytes-
#18185	REDUCE cov: 388 ft: 860 corp: 243/13580b lim: 95 exec/s: 0 rss: 54Mb L: 43/95 MS: 1 EraseBytes-
#18237	REDUCE cov: 388 ft: 860 corp: 243/13579b lim: 95 exec/s: 0 rss: 54Mb L: 34/95 MS: 2 ChangeBit-EraseBytes-
#18279	REDUCE cov: 388 ft: 860 corp: 243/13543b lim: 95 exec/s: 0 rss: 54Mb L: 46/95 MS: 2 ChangeBinInt-EraseBytes-
#18285	REDUCE cov: 388 ft: 860 corp: 243/13519b lim: 95 exec/s: 0 rss: 54Mb L: 26/95 MS: 1 EraseBytes-
#18310	REDUCE cov: 388 ft: 860 corp: 243/13492b lim: 95 exec/s: 0 rss: 54Mb L: 68/95 MS: 5 ChangeBinInt-CopyPart-ShuffleBytes-ChangeBinInt-EraseBytes-
#18361	REDUCE cov: 388 ft: 860 corp: 243/13474b lim: 95 exec/s: 0 rss: 54Mb L: 59/95 MS: 1 EraseBytes-
#18372	NEW    cov: 388 ft: 861 corp: 244/13551b lim: 95 exec/s: 0 rss: 54Mb L: 77/95 MS: 1 ChangeBinInt-
#18443	REDUCE cov: 388 ft: 861 corp: 244/13531b lim: 95 exec/s: 0 rss: 54Mb L: 29/95 MS: 1 EraseBytes-
#18483	REDUCE cov: 388 ft: 861 corp: 244/13530b lim: 95 exec/s: 0 rss: 54Mb L: 8/95 MS: 5 InsertByte-InsertByte-ChangeByte-PersAutoDict-EraseBytes- DE: "\001\000\000\000"-
#18754	NEW    cov: 388 ft: 866 corp: 245/13624b lim: 95 exec/s: 0 rss: 54Mb L: 94/95 MS: 1 CopyPart-
#18835	REDUCE cov: 388 ft: 866 corp: 245/13616b lim: 95 exec/s: 0 rss: 54Mb L: 47/95 MS: 1 EraseBytes-
#18876	REDUCE cov: 388 ft: 866 corp: 245/13598b lim: 95 exec/s: 0 rss: 54Mb L: 36/95 MS: 1 EraseBytes-
#18928	REDUCE cov: 389 ft: 867 corp: 246/13684b lim: 95 exec/s: 0 rss: 54Mb L: 86/95 MS: 2 ChangeByte-InsertRepeatedBytes-
#18950	REDUCE cov: 389 ft: 867 corp: 246/13680b lim: 95 exec/s: 0 rss: 54Mb L: 64/95 MS: 2 ChangeBit-EraseBytes-
#19056	REDUCE cov: 389 ft: 867 corp: 246/13661b lim: 95 exec/s: 0 rss: 54Mb L: 35/95 MS: 1 EraseBytes-
#19072	REDUCE cov: 389 ft: 867 corp: 246/13659b lim: 95 exec/s: 0 rss: 54Mb L: 60/95 MS: 1 EraseBytes-
#19089	REDUCE cov: 389 ft: 867 corp: 246/13656b lim: 95 exec/s: 0 rss: 54Mb L: 54/95 MS: 2 ShuffleBytes-CrossOver-
#19190	REDUCE cov: 389 ft: 867 corp: 246/13653b lim: 95 exec/s: 0 rss: 54Mb L: 46/95 MS: 1 EraseBytes-
#19752	REDUCE cov: 389 ft: 867 corp: 246/13652b lim: 95 exec/s: 0 rss: 55Mb L: 6/95 MS: 2 CopyPart-EraseBytes-
#19790	REDUCE cov: 389 ft: 867 corp: 246/13645b lim: 95 exec/s: 0 rss: 55Mb L: 8/95 MS: 3 ShuffleBytes-ChangeBit-EraseBytes-
#19932	REDUCE cov: 389 ft: 867 corp: 246/13642b lim: 95 exec/s: 0 rss: 55Mb L: 19/95 MS: 2 ChangeASCIIInt-EraseBytes-
#20014	NEW    cov: 389 ft: 868 corp: 247/13649b lim: 95 exec/s: 0 rss: 55Mb L: 7/95 MS: 2 ChangeByte-ChangeByte-
#20075	REDUCE cov: 389 ft: 868 corp: 247/13645b lim: 95 exec/s: 0 rss: 55Mb L: 70/95 MS: 1 EraseBytes-
#20281	REDUCE cov: 389 ft: 868 corp: 247/13641b lim: 95 exec/s: 0 rss: 55Mb L: 17/95 MS: 1 EraseBytes-
#20352	REDUCE cov: 389 ft: 868 corp: 247/13638b lim: 95 exec/s: 0 rss: 55Mb L: 9/95 MS: 1 EraseBytes-
#20804	NEW    cov: 389 ft: 869 corp: 248/13719b lim: 95 exec/s: 0 rss: 55Mb L: 81/95 MS: 2 ChangeByte-CopyPart-
#21045	REDUCE cov: 389 ft: 869 corp: 248/13714b lim: 95 exec/s: 0 rss: 55Mb L: 85/95 MS: 1 EraseBytes-
#21083	REDUCE cov: 389 ft: 869 corp: 248/13710b lim: 95 exec/s: 0 rss: 55Mb L: 42/95 MS: 3 ChangeByte-InsertByte-EraseBytes-
#21119	REDUCE cov: 389 ft: 869 corp: 248/13694b lim: 95 exec/s: 0 rss: 55Mb L: 49/95 MS: 1 CrossOver-
#21183	REDUCE cov: 389 ft: 869 corp: 248/13683b lim: 95 exec/s: 0 rss: 55Mb L: 16/95 MS: 4 ChangeBinInt-ChangeBinInt-ChangeBit-EraseBytes-
#21401	NEW    cov: 389 ft: 870 corp: 249/13762b lim: 95 exec/s: 0 rss: 55Mb L: 79/95 MS: 3 ShuffleBytes-InsertByte-InsertByte-
#21402	REDUCE cov: 389 ft: 870 corp: 249/13761b lim: 95 exec/s: 0 rss: 55Mb L: 67/95 MS: 1 EraseBytes-
#21435	REDUCE cov: 389 ft: 870 corp: 249/13740b lim: 95 exec/s: 0 rss: 55Mb L: 74/95 MS: 3 ChangeBinInt-EraseBytes-CrossOver-
#21458	NEW    cov: 390 ft: 871 corp: 250/13835b lim: 95 exec/s: 0 rss: 55Mb L: 95/95 MS: 3 CrossOver-ChangeBinInt-ChangeBinInt-
#21484	NEW    cov: 390 ft: 872 corp: 251/13930b lim: 95 exec/s: 0 rss: 55Mb L: 95/95 MS: 1 CrossOver-
#21547	REDUCE cov: 390 ft: 872 corp: 251/13929b lim: 95 exec/s: 0 rss: 56Mb L: 72/95 MS: 3 EraseBytes-ChangeByte-InsertByte-
#21668	REDUCE cov: 390 ft: 872 corp: 251/13925b lim: 95 exec/s: 0 rss: 56Mb L: 86/95 MS: 1 CrossOver-
#21860	REDUCE cov: 390 ft: 872 corp: 251/13922b lim: 95 exec/s: 0 rss: 56Mb L: 58/95 MS: 2 ChangeBinInt-EraseBytes-
#21901	REDUCE cov: 390 ft: 872 corp: 251/13917b lim: 95 exec/s: 0 rss: 56Mb L: 30/95 MS: 1 EraseBytes-
#21917	REDUCE cov: 390 ft: 872 corp: 251/13900b lim: 95 exec/s: 0 rss: 56Mb L: 78/95 MS: 1 EraseBytes-
#21934	REDUCE cov: 390 ft: 872 corp: 251/13870b lim: 95 exec/s: 0 rss: 56Mb L: 40/95 MS: 2 PersAutoDict-CrossOver- DE: "\377\377"-
#21995	REDUCE cov: 390 ft: 872 corp: 251/13858b lim: 95 exec/s: 0 rss: 56Mb L: 30/95 MS: 1 EraseBytes-
#22272	REDUCE cov: 390 ft: 872 corp: 251/13857b lim: 95 exec/s: 0 rss: 56Mb L: 38/95 MS: 2 ChangeByte-EraseBytes-
#22334	REDUCE cov: 390 ft: 872 corp: 251/13847b lim: 95 exec/s: 0 rss: 56Mb L: 10/95 MS: 2 ChangeBit-EraseBytes-
#22365	REDUCE cov: 390 ft: 872 corp: 251/13842b lim: 95 exec/s: 0 rss: 56Mb L: 83/95 MS: 1 CrossOver-
#22494	NEW    cov: 390 ft: 873 corp: 252/13919b lim: 95 exec/s: 0 rss: 56Mb L: 77/95 MS: 4 ChangeBinInt-CopyPart-ChangeASCIIInt-ChangeBit-
#22775	REDUCE cov: 390 ft: 873 corp: 252/13918b lim: 95 exec/s: 0 rss: 56Mb L: 42/95 MS: 1 EraseBytes-
#22916	REDUCE cov: 390 ft: 873 corp: 252/13905b lim: 95 exec/s: 0 rss: 56Mb L: 64/95 MS: 1 EraseBytes-
#22977	REDUCE cov: 390 ft: 873 corp: 252/13904b lim: 95 exec/s: 0 rss: 56Mb L: 84/95 MS: 1 EraseBytes-
#22991	NEW    cov: 390 ft: 874 corp: 253/13992b lim: 95 exec/s: 0 rss: 56Mb L: 88/95 MS: 4 CopyPart-InsertByte-EraseBytes-InsertRepeatedBytes-
#23030	REDUCE cov: 390 ft: 874 corp: 253/13991b lim: 95 exec/s: 0 rss: 56Mb L: 7/95 MS: 4 InsertByte-ChangeASCIIInt-ChangeBit-EraseBytes-
#23046	REDUCE cov: 390 ft: 874 corp: 253/13985b lim: 95 exec/s: 0 rss: 56Mb L: 61/95 MS: 1 EraseBytes-
#23102	REDUCE cov: 390 ft: 874 corp: 253/13977b lim: 95 exec/s: 0 rss: 56Mb L: 15/95 MS: 1 EraseBytes-
#23163	REDUCE cov: 390 ft: 874 corp: 253/13956b lim: 95 exec/s: 0 rss: 56Mb L: 30/95 MS: 1 EraseBytes-
#23206	NEW    cov: 390 ft: 875 corp: 254/14048b lim: 95 exec/s: 0 rss: 57Mb L: 92/95 MS: 3 ChangeByte-ChangeBit-CMP- DE: "\000\000\000\000"-
#23213	REDUCE cov: 390 ft: 875 corp: 254/14029b lim: 95 exec/s: 0 rss: 57Mb L: 57/95 MS: 2 PersAutoDict-EraseBytes- DE: "<\000\000\000\000\000\000\000"-
#23254	REDUCE cov: 390 ft: 875 corp: 254/14026b lim: 95 exec/s: 0 rss: 57Mb L: 75/95 MS: 1 EraseBytes-
#23255	REDUCE cov: 390 ft: 875 corp: 254/14023b lim: 95 exec/s: 0 rss: 57Mb L: 92/95 MS: 1 EraseBytes-
#23261	NEW    cov: 390 ft: 876 corp: 255/14083b lim: 95 exec/s: 0 rss: 57Mb L: 60/95 MS: 1 ChangeByte-
#23322	NEW    cov: 391 ft: 877 corp: 256/14138b lim: 95 exec/s: 0 rss: 57Mb L: 55/95 MS: 1 EraseBytes-
#23551	REDUCE cov: 391 ft: 877 corp: 256/14136b lim: 95 exec/s: 0 rss: 57Mb L: 90/95 MS: 4 ChangeBinInt-CrossOver-ChangeBinInt-EraseBytes-
#23587	REDUCE cov: 391 ft: 877 corp: 256/14113b lim: 95 exec/s: 0 rss: 57Mb L: 42/95 MS: 1 EraseBytes-
#23589	REDUCE cov: 391 ft: 878 corp: 257/14205b lim: 95 exec/s: 0 rss: 57Mb L: 92/95 MS: 2 ChangeASCIIInt-InsertRepeatedBytes-
#23595	REDUCE cov: 391 ft: 878 corp: 257/14201b lim: 95 exec/s: 0 rss: 57Mb L: 11/95 MS: 1 EraseBytes-
#23657	NEW    cov: 391 ft: 882 corp: 258/14259b lim: 95 exec/s: 0 rss: 57Mb L: 58/95 MS: 2 EraseBytes-CrossOver-
#23868	REDUCE cov: 391 ft: 882 corp: 258/14253b lim: 95 exec/s: 0 rss: 57Mb L: 29/95 MS: 1 EraseBytes-
#23929	REDUCE cov: 391 ft: 882 corp: 258/14235b lim: 95 exec/s: 0 rss: 57Mb L: 70/95 MS: 1 EraseBytes-
#23994	REDUCE cov: 391 ft: 882 corp: 258/14219b lim: 95 exec/s: 0 rss: 57Mb L: 17/95 MS: 5 ChangeBit-ShuffleBytes-ChangeByte-ShuffleBytes-EraseBytes-
#24030	REDUCE cov: 392 ft: 883 corp: 259/14302b lim: 95 exec/s: 0 rss: 57Mb L: 83/95 MS: 1 CopyPart-
#24131	REDUCE cov: 392 ft: 883 corp: 259/14270b lim: 95 exec/s: 0 rss: 57Mb L: 36/95 MS: 1 EraseBytes-
#24157	NEW    cov: 392 ft: 886 corp: 260/14365b lim: 95 exec/s: 0 rss: 57Mb L: 95/95 MS: 1 CopyPart-
#24188	REDUCE cov: 392 ft: 886 corp: 260/14361b lim: 95 exec/s: 0 rss: 57Mb L: 91/95 MS: 1 EraseBytes-
#24209	REDUCE cov: 392 ft: 886 corp: 260/14358b lim: 95 exec/s: 0 rss: 57Mb L: 51/95 MS: 1 EraseBytes-
#24656	REDUCE cov: 392 ft: 886 corp: 260/14351b lim: 95 exec/s: 0 rss: 57Mb L: 35/95 MS: 2 ShuffleBytes-EraseBytes-
#24792	NEW    cov: 392 ft: 887 corp: 261/14429b lim: 95 exec/s: 0 rss: 58Mb L: 78/95 MS: 1 EraseBytes-
#24881	REDUCE cov: 392 ft: 887 corp: 261/14425b lim: 95 exec/s: 0 rss: 58Mb L: 47/95 MS: 4 CopyPart-CopyPart-ChangeByte-EraseBytes-
#24918	REDUCE cov: 392 ft: 887 corp: 261/14415b lim: 95 exec/s: 0 rss: 58Mb L: 84/95 MS: 2 CopyPart-EraseBytes-
#25036	REDUCE cov: 392 ft: 887 corp: 261/14405b lim: 95 exec/s: 0 rss: 58Mb L: 47/95 MS: 3 ChangeBinInt-ChangeBit-EraseBytes-
#25118	REDUCE cov: 392 ft: 887 corp: 261/14404b lim: 95 exec/s: 0 rss: 58Mb L: 21/95 MS: 2 CopyPart-EraseBytes-
#25138	NEW    cov: 392 ft: 888 corp: 262/14411b lim: 95 exec/s: 0 rss: 58Mb L: 7/95 MS: 5 ChangeBinInt-InsertByte-CopyPart-ChangeBit-EraseBytes-
#25150	REDUCE cov: 392 ft: 888 corp: 262/14393b lim: 95 exec/s: 0 rss: 58Mb L: 67/95 MS: 2 ChangeASCIIInt-EraseBytes-
#25197	REDUCE cov: 392 ft: 888 corp: 262/14383b lim: 95 exec/s: 0 rss: 58Mb L: 49/95 MS: 2 ShuffleBytes-EraseBytes-
#25254	REDUCE cov: 392 ft: 892 corp: 263/14467b lim: 95 exec/s: 0 rss: 58Mb L: 84/95 MS: 2 ChangeBit-ChangeBinInt-
#25450	REDUCE cov: 392 ft: 892 corp: 263/14458b lim: 95 exec/s: 0 rss: 58Mb L: 74/95 MS: 1 EraseBytes-
#25561	REDUCE cov: 392 ft: 892 corp: 263/14457b lim: 95 exec/s: 0 rss: 58Mb L: 77/95 MS: 1 EraseBytes-
#25728	REDUCE cov: 392 ft: 892 corp: 263/14446b lim: 95 exec/s: 0 rss: 58Mb L: 66/95 MS: 2 InsertByte-EraseBytes-
#25764	REDUCE cov: 392 ft: 892 corp: 263/14444b lim: 95 exec/s: 0 rss: 58Mb L: 18/95 MS: 1 EraseBytes-
#25892	REDUCE cov: 392 ft: 892 corp: 263/14442b lim: 95 exec/s: 0 rss: 59Mb L: 57/95 MS: 3 ChangeASCIIInt-ChangeASCIIInt-EraseBytes-
#25983	REDUCE cov: 392 ft: 892 corp: 263/14439b lim: 95 exec/s: 0 rss: 59Mb L: 31/95 MS: 1 EraseBytes-
#25994	NEW    cov: 392 ft: 893 corp: 264/14509b lim: 95 exec/s: 0 rss: 59Mb L: 70/95 MS: 1 InsertByte-
#26165	NEW    cov: 393 ft: 894 corp: 265/14604b lim: 95 exec/s: 0 rss: 59Mb L: 95/95 MS: 1 CrossOver-
#26205	REDUCE cov: 393 ft: 894 corp: 265/14601b lim: 95 exec/s: 0 rss: 59Mb L: 35/95 MS: 5 ChangeBit-ChangeBit-PersAutoDict-ShuffleBytes-EraseBytes- DE: "=\000\000\000\000\000\000\000"-
#26266	REDUCE cov: 393 ft: 894 corp: 265/14597b lim: 95 exec/s: 0 rss: 59Mb L: 26/95 MS: 1 EraseBytes-
#26527	REDUCE cov: 393 ft: 894 corp: 265/14582b lim: 95 exec/s: 0 rss: 59Mb L: 40/95 MS: 1 EraseBytes-
#26538	REDUCE cov: 393 ft: 894 corp: 265/14578b lim: 95 exec/s: 0 rss: 59Mb L: 6/95 MS: 1 EraseBytes-
#26545	REDUCE cov: 393 ft: 894 corp: 265/14574b lim: 95 exec/s: 0 rss: 59Mb L: 12/95 MS: 2 CopyPart-EraseBytes-
#26771	REDUCE cov: 393 ft: 894 corp: 265/14569b lim: 95 exec/s: 0 rss: 59Mb L: 24/95 MS: 1 EraseBytes-
#26817	REDUCE cov: 393 ft: 894 corp: 265/14561b lim: 95 exec/s: 0 rss: 59Mb L: 40/95 MS: 1 EraseBytes-
#26860	NEW    cov: 393 ft: 895 corp: 266/14646b lim: 95 exec/s: 0 rss: 59Mb L: 85/95 MS: 3 ChangeASCIIInt-ShuffleBytes-InsertRepeatedBytes-
#26891	REDUCE cov: 393 ft: 895 corp: 266/14645b lim: 95 exec/s: 0 rss: 59Mb L: 6/95 MS: 1 EraseBytes-
#26895	REDUCE cov: 393 ft: 895 corp: 266/14617b lim: 95 exec/s: 0 rss: 59Mb L: 67/95 MS: 4 ChangeBinInt-ChangeBit-ChangeByte-EraseBytes-
#27057	REDUCE cov: 393 ft: 895 corp: 266/14611b lim: 95 exec/s: 0 rss: 59Mb L: 24/95 MS: 2 ChangeASCIIInt-EraseBytes-
#27168	NEW    cov: 393 ft: 897 corp: 267/14697b lim: 95 exec/s: 0 rss: 59Mb L: 86/95 MS: 1 CopyPart-
#27309	NEW    cov: 393 ft: 898 corp: 268/14772b lim: 95 exec/s: 0 rss: 60Mb L: 75/95 MS: 1 CopyPart-
#27471	NEW    cov: 393 ft: 899 corp: 269/14854b lim: 95 exec/s: 0 rss: 60Mb L: 82/95 MS: 2 ShuffleBytes-EraseBytes-
#27472	REDUCE cov: 393 ft: 899 corp: 269/14845b lim: 95 exec/s: 0 rss: 60Mb L: 53/95 MS: 1 EraseBytes-
#27609	REDUCE cov: 393 ft: 899 corp: 269/14837b lim: 95 exec/s: 0 rss: 60Mb L: 49/95 MS: 2 ShuffleBytes-EraseBytes-
#27725	REDUCE cov: 393 ft: 899 corp: 269/14829b lim: 95 exec/s: 0 rss: 60Mb L: 71/95 MS: 1 EraseBytes-
#27731	REDUCE cov: 393 ft: 899 corp: 269/14824b lim: 95 exec/s: 0 rss: 60Mb L: 54/95 MS: 1 EraseBytes-
#27762	REDUCE cov: 393 ft: 899 corp: 269/14804b lim: 95 exec/s: 0 rss: 60Mb L: 41/95 MS: 1 EraseBytes-
#27763	REDUCE cov: 393 ft: 899 corp: 269/14790b lim: 95 exec/s: 0 rss: 60Mb L: 72/95 MS: 1 EraseBytes-
#27980	REDUCE cov: 393 ft: 899 corp: 269/14748b lim: 95 exec/s: 0 rss: 60Mb L: 50/95 MS: 2 ChangeBit-EraseBytes-
#27982	REDUCE cov: 393 ft: 899 corp: 269/14736b lim: 95 exec/s: 0 rss: 60Mb L: 35/95 MS: 2 InsertRepeatedBytes-EraseBytes-
#28078	REDUCE cov: 393 ft: 899 corp: 269/14734b lim: 95 exec/s: 0 rss: 60Mb L: 88/95 MS: 1 EraseBytes-
#28225	REDUCE cov: 393 ft: 900 corp: 270/14779b lim: 95 exec/s: 0 rss: 60Mb L: 45/95 MS: 2 EraseBytes-CopyPart-
#28332	REDUCE cov: 393 ft: 900 corp: 270/14774b lim: 95 exec/s: 0 rss: 60Mb L: 16/95 MS: 2 ChangeBinInt-EraseBytes-
#28369	REDUCE cov: 393 ft: 900 corp: 270/14769b lim: 95 exec/s: 0 rss: 60Mb L: 33/95 MS: 2 CrossOver-EraseBytes-
#28405	NEW    cov: 393 ft: 902 corp: 271/14850b lim: 95 exec/s: 0 rss: 60Mb L: 81/95 MS: 1 EraseBytes-
#28487	REDUCE cov: 393 ft: 902 corp: 271/14840b lim: 95 exec/s: 0 rss: 60Mb L: 39/95 MS: 2 PersAutoDict-EraseBytes- DE: "\001\000"-
#28500	REDUCE cov: 393 ft: 902 corp: 271/14839b lim: 95 exec/s: 0 rss: 60Mb L: 4/95 MS: 3 ChangeBit-ChangeByte-EraseBytes-
#28768	REDUCE cov: 393 ft: 902 corp: 271/14837b lim: 95 exec/s: 0 rss: 61Mb L: 28/95 MS: 3 PersAutoDict-ChangeBinInt-EraseBytes- DE: "\377\377\377\377\377\377\037\000"-
#28805	REDUCE cov: 393 ft: 902 corp: 271/14814b lim: 95 exec/s: 0 rss: 61Mb L: 41/95 MS: 2 ChangeASCIIInt-EraseBytes-
#28941	REDUCE cov: 393 ft: 902 corp: 271/14796b lim: 95 exec/s: 0 rss: 61Mb L: 51/95 MS: 1 EraseBytes-
#29013	REDUCE cov: 393 ft: 902 corp: 271/14795b lim: 95 exec/s: 0 rss: 61Mb L: 9/95 MS: 2 EraseBytes-InsertByte-
#29054	NEW    cov: 393 ft: 904 corp: 272/14879b lim: 95 exec/s: 0 rss: 61Mb L: 84/95 MS: 1 CopyPart-
#29340	REDUCE cov: 393 ft: 904 corp: 272/14868b lim: 95 exec/s: 0 rss: 61Mb L: 61/95 MS: 1 EraseBytes-
#29351	REDUCE cov: 393 ft: 904 corp: 272/14860b lim: 95 exec/s: 0 rss: 61Mb L: 19/95 MS: 1 EraseBytes-
#29467	REDUCE cov: 394 ft: 905 corp: 273/14952b lim: 95 exec/s: 0 rss: 61Mb L: 92/95 MS: 1 CopyPart-
#29745	REDUCE cov: 394 ft: 905 corp: 273/14947b lim: 95 exec/s: 0 rss: 61Mb L: 78/95 MS: 3 CMP-ShuffleBytes-EraseBytes- DE: "\377\377\377\377\377\377\037\000"-
#29873	REDUCE cov: 394 ft: 905 corp: 273/14945b lim: 95 exec/s: 0 rss: 61Mb L: 40/95 MS: 3 InsertByte-CopyPart-EraseBytes-
#29946	NEW    cov: 394 ft: 906 corp: 274/15040b lim: 95 exec/s: 0 rss: 61Mb L: 95/95 MS: 3 ShuffleBytes-ChangeBinInt-InsertRepeatedBytes-
#30290	REDUCE cov: 394 ft: 906 corp: 274/15039b lim: 95 exec/s: 0 rss: 61Mb L: 35/95 MS: 4 ShuffleBytes-InsertByte-PersAutoDict-EraseBytes- DE: "\377\377"-
#30296	REDUCE cov: 394 ft: 906 corp: 274/15034b lim: 95 exec/s: 0 rss: 61Mb L: 64/95 MS: 1 CrossOver-
#30387	REDUCE cov: 394 ft: 906 corp: 274/15027b lim: 95 exec/s: 0 rss: 61Mb L: 28/95 MS: 1 EraseBytes-
#30399	REDUCE cov: 394 ft: 906 corp: 274/15025b lim: 95 exec/s: 0 rss: 62Mb L: 25/95 MS: 2 CMP-EraseBytes- DE: "\000\000"-
#30427	REDUCE cov: 394 ft: 906 corp: 274/15020b lim: 95 exec/s: 0 rss: 62Mb L: 38/95 MS: 3 ChangeBinInt-CrossOver-EraseBytes-
#30444	REDUCE cov: 394 ft: 906 corp: 274/15019b lim: 95 exec/s: 0 rss: 62Mb L: 5/95 MS: 2 ChangeBit-EraseBytes-
#30775	REDUCE cov: 394 ft: 906 corp: 274/15013b lim: 95 exec/s: 0 rss: 62Mb L: 43/95 MS: 1 EraseBytes-
#30997	REDUCE cov: 394 ft: 906 corp: 274/15003b lim: 95 exec/s: 0 rss: 62Mb L: 85/95 MS: 2 ShuffleBytes-EraseBytes-
#31111	REDUCE cov: 394 ft: 906 corp: 274/15002b lim: 95 exec/s: 0 rss: 62Mb L: 92/95 MS: 4 CopyPart-ChangeASCIIInt-ShuffleBytes-EraseBytes-
#31167	REDUCE cov: 394 ft: 906 corp: 274/15001b lim: 95 exec/s: 0 rss: 62Mb L: 31/95 MS: 1 EraseBytes-
#31224	REDUCE cov: 394 ft: 906 corp: 274/14980b lim: 95 exec/s: 0 rss: 62Mb L: 73/95 MS: 2 InsertByte-EraseBytes-
#31317	NEW    cov: 394 ft: 907 corp: 275/15065b lim: 95 exec/s: 0 rss: 62Mb L: 85/95 MS: 3 ShuffleBytes-ChangeByte-InsertRepeatedBytes-
#31714	REDUCE cov: 394 ft: 907 corp: 275/15060b lim: 95 exec/s: 0 rss: 62Mb L: 39/95 MS: 2 ChangeBinInt-EraseBytes-
#32024	NEW    cov: 394 ft: 910 corp: 276/15155b lim: 95 exec/s: 0 rss: 62Mb L: 95/95 MS: 5 CopyPart-CopyPart-ChangeByte-ChangeBit-CrossOver-
#32280	REDUCE cov: 394 ft: 911 corp: 277/15203b lim: 95 exec/s: 0 rss: 63Mb L: 48/95 MS: 1 InsertRepeatedBytes-
#32286	REDUCE cov: 394 ft: 911 corp: 277/15195b lim: 95 exec/s: 0 rss: 63Mb L: 14/95 MS: 1 EraseBytes-
#32342	REDUCE cov: 394 ft: 911 corp: 277/15188b lim: 95 exec/s: 0 rss: 63Mb L: 42/95 MS: 1 EraseBytes-
#32465	REDUCE cov: 394 ft: 911 corp: 277/15183b lim: 95 exec/s: 0 rss: 63Mb L: 55/95 MS: 3 ChangeBit-InsertRepeatedBytes-EraseBytes-
#32674	REDUCE cov: 394 ft: 911 corp: 277/15181b lim: 95 exec/s: 0 rss: 63Mb L: 30/95 MS: 4 ShuffleBytes-CMP-InsertByte-EraseBytes- DE: "\377\377"-
#32745	REDUCE cov: 394 ft: 911 corp: 277/15164b lim: 95 exec/s: 0 rss: 63Mb L: 69/95 MS: 1 EraseBytes-
#32811	REDUCE cov: 394 ft: 911 corp: 277/15160b lim: 95 exec/s: 0 rss: 63Mb L: 36/95 MS: 1 EraseBytes-
#32838	REDUCE cov: 394 ft: 911 corp: 277/15155b lim: 95 exec/s: 0 rss: 63Mb L: 27/95 MS: 2 ChangeBit-EraseBytes-
#32984	REDUCE cov: 394 ft: 912 corp: 278/15243b lim: 95 exec/s: 0 rss: 63Mb L: 88/95 MS: 1 CMP- DE: "\000\000\000\000"-
#33019	REDUCE cov: 394 ft: 912 corp: 278/15235b lim: 95 exec/s: 0 rss: 63Mb L: 47/95 MS: 5 ChangeBinInt-ShuffleBytes-CMP-ChangeBinInt-EraseBytes- DE: "\004\000"-
#33047	REDUCE cov: 394 ft: 912 corp: 278/15227b lim: 95 exec/s: 0 rss: 63Mb L: 66/95 MS: 3 CrossOver-InsertByte-EraseBytes-
#33183	REDUCE cov: 394 ft: 912 corp: 278/15203b lim: 95 exec/s: 0 rss: 63Mb L: 68/95 MS: 1 EraseBytes-
#33215	REDUCE cov: 394 ft: 912 corp: 278/15197b lim: 95 exec/s: 0 rss: 63Mb L: 48/95 MS: 2 ChangeByte-EraseBytes-
#33226	REDUCE cov: 394 ft: 912 corp: 278/15196b lim: 95 exec/s: 0 rss: 63Mb L: 33/95 MS: 1 EraseBytes-
#33297	REDUCE cov: 394 ft: 912 corp: 278/15185b lim: 95 exec/s: 0 rss: 63Mb L: 36/95 MS: 1 EraseBytes-
#33621	REDUCE cov: 394 ft: 912 corp: 278/15168b lim: 95 exec/s: 0 rss: 63Mb L: 22/95 MS: 4 InsertByte-PersAutoDict-ShuffleBytes-EraseBytes- DE: "\000\000\000\000\000\000\000\023"-
#33747	REDUCE cov: 394 ft: 912 corp: 278/15162b lim: 95 exec/s: 0 rss: 64Mb L: 54/95 MS: 1 EraseBytes-
#33835	REDUCE cov: 394 ft: 912 corp: 278/15160b lim: 95 exec/s: 0 rss: 64Mb L: 45/95 MS: 3 InsertRepeatedBytes-ChangeBit-EraseBytes-
#33867	REDUCE cov: 395 ft: 913 corp: 279/15238b lim: 95 exec/s: 0 rss: 64Mb L: 78/95 MS: 2 CrossOver-CopyPart-
#33875	REDUCE cov: 395 ft: 913 corp: 279/15235b lim: 95 exec/s: 0 rss: 64Mb L: 50/95 MS: 3 ChangeBinInt-InsertByte-EraseBytes-
#33967	REDUCE cov: 395 ft: 913 corp: 279/15234b lim: 95 exec/s: 0 rss: 64Mb L: 65/95 MS: 2 ChangeByte-EraseBytes-
#33974	NEW    cov: 395 ft: 914 corp: 280/15324b lim: 95 exec/s: 0 rss: 64Mb L: 90/95 MS: 2 CopyPart-ChangeBit-
#34025	REDUCE cov: 395 ft: 914 corp: 280/15308b lim: 95 exec/s: 0 rss: 64Mb L: 39/95 MS: 1 EraseBytes-
#34107	REDUCE cov: 395 ft: 914 corp: 280/15302b lim: 95 exec/s: 0 rss: 64Mb L: 35/95 MS: 2 CrossOver-EraseBytes-
#34155	REDUCE cov: 395 ft: 914 corp: 280/15301b lim: 95 exec/s: 0 rss: 64Mb L: 24/95 MS: 3 ChangeBit-ShuffleBytes-EraseBytes-
#34161	REDUCE cov: 395 ft: 914 corp: 280/15297b lim: 95 exec/s: 0 rss: 64Mb L: 53/95 MS: 1 EraseBytes-
#34302	REDUCE cov: 395 ft: 914 corp: 280/15289b lim: 95 exec/s: 0 rss: 64Mb L: 70/95 MS: 1 EraseBytes-
#34307	REDUCE cov: 395 ft: 914 corp: 280/15281b lim: 95 exec/s: 0 rss: 64Mb L: 31/95 MS: 5 EraseBytes-ShuffleBytes-ChangeBinInt-CopyPart-InsertByte-
#34354	REDUCE cov: 395 ft: 914 corp: 280/15280b lim: 95 exec/s: 0 rss: 64Mb L: 8/95 MS: 2 CopyPart-EraseBytes-
#34400	REDUCE cov: 395 ft: 914 corp: 280/15276b lim: 95 exec/s: 0 rss: 64Mb L: 82/95 MS: 1 EraseBytes-
#34497	REDUCE cov: 397 ft: 916 corp: 281/15368b lim: 95 exec/s: 0 rss: 64Mb L: 92/95 MS: 2 ChangeBinInt-ChangeBinInt-
#34559	REDUCE cov: 397 ft: 916 corp: 281/15366b lim: 95 exec/s: 0 rss: 64Mb L: 62/95 MS: 2 ChangeByte-EraseBytes-
#34692	REDUCE cov: 397 ft: 916 corp: 281/15363b lim: 95 exec/s: 0 rss: 64Mb L: 24/95 MS: 3 InsertByte-ChangeBit-EraseBytes-
#34846	REDUCE cov: 397 ft: 916 corp: 281/15355b lim: 95 exec/s: 0 rss: 64Mb L: 87/95 MS: 4 ShuffleBytes-ShuffleBytes-ShuffleBytes-EraseBytes-
#34922	NEW    cov: 397 ft: 917 corp: 282/15410b lim: 95 exec/s: 0 rss: 64Mb L: 55/95 MS: 1 PersAutoDict- DE: "\377\377\377\377\377\377\037\000"-
#35018	NEW    cov: 398 ft: 918 corp: 283/15503b lim: 95 exec/s: 0 rss: 64Mb L: 93/95 MS: 1 CrossOver-
#35075	NEW    cov: 398 ft: 920 corp: 284/15559b lim: 95 exec/s: 0 rss: 64Mb L: 56/95 MS: 2 CrossOver-EraseBytes-
#35128	REDUCE cov: 398 ft: 921 corp: 285/15629b lim: 95 exec/s: 0 rss: 65Mb L: 70/95 MS: 3 ChangeByte-ShuffleBytes-PersAutoDict- DE: "\001\000"-
#35130	REDUCE cov: 398 ft: 921 corp: 285/15628b lim: 95 exec/s: 0 rss: 65Mb L: 18/95 MS: 2 ChangeBinInt-EraseBytes-
#35206	REDUCE cov: 398 ft: 921 corp: 285/15624b lim: 95 exec/s: 0 rss: 65Mb L: 73/95 MS: 1 EraseBytes-
#35547	REDUCE cov: 398 ft: 922 corp: 286/15706b lim: 95 exec/s: 0 rss: 65Mb L: 82/95 MS: 1 ChangeBinInt-
#35648	REDUCE cov: 398 ft: 922 corp: 286/15700b lim: 95 exec/s: 0 rss: 65Mb L: 65/95 MS: 1 EraseBytes-
#35659	REDUCE cov: 398 ft: 922 corp: 286/15699b lim: 95 exec/s: 0 rss: 65Mb L: 5/95 MS: 1 EraseBytes-
#35696	REDUCE cov: 398 ft: 922 corp: 286/15693b lim: 95 exec/s: 0 rss: 65Mb L: 47/95 MS: 2 ChangeBit-EraseBytes-
#35922	REDUCE cov: 398 ft: 923 corp: 287/15778b lim: 95 exec/s: 0 rss: 65Mb L: 85/95 MS: 1 CopyPart-
#35943	REDUCE cov: 398 ft: 923 corp: 287/15776b lim: 95 exec/s: 0 rss: 65Mb L: 33/95 MS: 1 EraseBytes-
#36064	REDUCE cov: 398 ft: 923 corp: 287/15747b lim: 95 exec/s: 0 rss: 65Mb L: 54/95 MS: 1 EraseBytes-
#36210	REDUCE cov: 398 ft: 923 corp: 287/15744b lim: 95 exec/s: 0 rss: 65Mb L: 47/95 MS: 1 EraseBytes-
#36271	REDUCE cov: 398 ft: 923 corp: 287/15743b lim: 95 exec/s: 0 rss: 65Mb L: 16/95 MS: 1 EraseBytes-
#36322	REDUCE cov: 398 ft: 923 corp: 287/15716b lim: 95 exec/s: 0 rss: 65Mb L: 60/95 MS: 1 EraseBytes-
#36354	REDUCE cov: 398 ft: 923 corp: 287/15713b lim: 95 exec/s: 0 rss: 65Mb L: 80/95 MS: 2 CrossOver-EraseBytes-
#36485	REDUCE cov: 398 ft: 923 corp: 287/15707b lim: 95 exec/s: 0 rss: 65Mb L: 59/95 MS: 1 CrossOver-
#36501	REDUCE cov: 398 ft: 924 corp: 288/15800b lim: 95 exec/s: 0 rss: 66Mb L: 93/95 MS: 1 InsertRepeatedBytes-
#36649	REDUCE cov: 398 ft: 924 corp: 288/15799b lim: 95 exec/s: 0 rss: 66Mb L: 39/95 MS: 3 ShuffleBytes-InsertByte-EraseBytes-
#36710	REDUCE cov: 398 ft: 924 corp: 288/15790b lim: 95 exec/s: 0 rss: 66Mb L: 86/95 MS: 1 EraseBytes-
#36796	NEW    cov: 398 ft: 925 corp: 289/15871b lim: 95 exec/s: 0 rss: 66Mb L: 81/95 MS: 1 InsertRepeatedBytes-
#36987	REDUCE cov: 398 ft: 925 corp: 289/15838b lim: 95 exec/s: 0 rss: 66Mb L: 55/95 MS: 1 EraseBytes-
#37088	REDUCE cov: 398 ft: 925 corp: 289/15837b lim: 95 exec/s: 0 rss: 66Mb L: 9/95 MS: 1 EraseBytes-
#37094	REDUCE cov: 398 ft: 925 corp: 289/15830b lim: 95 exec/s: 0 rss: 66Mb L: 26/95 MS: 1 EraseBytes-
#37237	NEW    cov: 398 ft: 927 corp: 290/15924b lim: 95 exec/s: 0 rss: 66Mb L: 94/95 MS: 3 CrossOver-ShuffleBytes-ShuffleBytes-
#37338	REDUCE cov: 398 ft: 927 corp: 290/15922b lim: 95 exec/s: 0 rss: 66Mb L: 26/95 MS: 1 EraseBytes-
#37345	REDUCE cov: 398 ft: 927 corp: 290/15900b lim: 95 exec/s: 0 rss: 66Mb L: 32/95 MS: 2 ChangeASCIIInt-EraseBytes-
#37371	REDUCE cov: 398 ft: 927 corp: 290/15895b lim: 95 exec/s: 0 rss: 66Mb L: 38/95 MS: 1 EraseBytes-
#37422	REDUCE cov: 398 ft: 927 corp: 290/15890b lim: 95 exec/s: 0 rss: 66Mb L: 21/95 MS: 1 EraseBytes-
#37524	REDUCE cov: 398 ft: 927 corp: 290/15883b lim: 95 exec/s: 0 rss: 66Mb L: 33/95 MS: 2 InsertByte-EraseBytes-
#37601	REDUCE cov: 398 ft: 927 corp: 290/15851b lim: 95 exec/s: 0 rss: 66Mb L: 63/95 MS: 2 ChangeASCIIInt-EraseBytes-
#37652	REDUCE cov: 398 ft: 927 corp: 290/15850b lim: 95 exec/s: 0 rss: 66Mb L: 88/95 MS: 1 EraseBytes-
#37679	REDUCE cov: 398 ft: 927 corp: 290/15841b lim: 95 exec/s: 0 rss: 66Mb L: 44/95 MS: 2 ChangeBinInt-EraseBytes-
#37770	REDUCE cov: 398 ft: 927 corp: 290/15836b lim: 95 exec/s: 0 rss: 66Mb L: 25/95 MS: 1 EraseBytes-
#38062	REDUCE cov: 398 ft: 927 corp: 290/15832b lim: 95 exec/s: 0 rss: 67Mb L: 38/95 MS: 2 ShuffleBytes-EraseBytes-
#38089	NEW    cov: 398 ft: 931 corp: 291/15926b lim: 95 exec/s: 0 rss: 67Mb L: 94/95 MS: 2 CMP-CrossOver- DE: "\377\377\377\377\377\377\377*"-
#38131	REDUCE cov: 398 ft: 931 corp: 291/15925b lim: 95 exec/s: 0 rss: 67Mb L: 25/95 MS: 2 CopyPart-CrossOver-
#38142	REDUCE cov: 398 ft: 931 corp: 291/15920b lim: 95 exec/s: 0 rss: 67Mb L: 50/95 MS: 1 CrossOver-
#38181	REDUCE cov: 398 ft: 931 corp: 291/15907b lim: 95 exec/s: 0 rss: 67Mb L: 77/95 MS: 4 ChangeByte-ShuffleBytes-ShuffleBytes-EraseBytes-
#38242	REDUCE cov: 400 ft: 933 corp: 292/15991b lim: 95 exec/s: 0 rss: 67Mb L: 84/95 MS: 1 ChangeBit-
#38260	REDUCE cov: 400 ft: 933 corp: 292/15958b lim: 95 exec/s: 0 rss: 67Mb L: 55/95 MS: 3 InsertByte-ChangeBit-EraseBytes-
#38354	NEW    cov: 400 ft: 934 corp: 293/16051b lim: 95 exec/s: 0 rss: 67Mb L: 93/95 MS: 4 ShuffleBytes-ShuffleBytes-ChangeASCIIInt-InsertRepeatedBytes-
#38359	REDUCE cov: 400 ft: 934 corp: 293/16040b lim: 95 exec/s: 0 rss: 67Mb L: 59/95 MS: 5 PersAutoDict-InsertByte-ChangeBinInt-InsertByte-EraseBytes- DE: "\377\377\377\377\377\377\037\000"-
#38425	REDUCE cov: 400 ft: 934 corp: 293/16039b lim: 95 exec/s: 0 rss: 67Mb L: 6/95 MS: 1 EraseBytes-
#38512	REDUCE cov: 400 ft: 934 corp: 293/16036b lim: 95 exec/s: 0 rss: 67Mb L: 92/95 MS: 2 ChangeBinInt-EraseBytes-
#38523	REDUCE cov: 400 ft: 934 corp: 293/16034b lim: 95 exec/s: 0 rss: 67Mb L: 22/95 MS: 1 EraseBytes-
#38770	REDUCE cov: 400 ft: 934 corp: 293/16030b lim: 95 exec/s: 0 rss: 67Mb L: 43/95 MS: 2 PersAutoDict-EraseBytes- DE: "\005\000\000\000\000\000\000\000"-
#38836	REDUCE cov: 400 ft: 934 corp: 293/16025b lim: 95 exec/s: 0 rss: 67Mb L: 77/95 MS: 1 EraseBytes-
#39013	REDUCE cov: 400 ft: 934 corp: 293/16020b lim: 95 exec/s: 0 rss: 67Mb L: 88/95 MS: 2 InsertByte-EraseBytes-
#39029	REDUCE cov: 400 ft: 934 corp: 293/16019b lim: 95 exec/s: 0 rss: 68Mb L: 4/95 MS: 1 EraseBytes-
#39450	REDUCE cov: 400 ft: 934 corp: 293/16016b lim: 95 exec/s: 0 rss: 68Mb L: 74/95 MS: 1 EraseBytes-
#39686	REDUCE cov: 400 ft: 935 corp: 294/16108b lim: 95 exec/s: 0 rss: 68Mb L: 92/95 MS: 1 InsertRepeatedBytes-
#40175	NEW    cov: 400 ft: 936 corp: 295/16203b lim: 95 exec/s: 0 rss: 68Mb L: 95/95 MS: 4 ChangeASCIIInt-CopyPart-ChangeBinInt-InsertByte-
#40553	REDUCE cov: 400 ft: 936 corp: 295/16201b lim: 95 exec/s: 0 rss: 68Mb L: 40/95 MS: 3 InsertByte-ChangeByte-EraseBytes-
#40724	NEW    cov: 400 ft: 938 corp: 296/16296b lim: 95 exec/s: 0 rss: 68Mb L: 95/95 MS: 1 InsertByte-
#40746	REDUCE cov: 400 ft: 938 corp: 296/16292b lim: 95 exec/s: 0 rss: 68Mb L: 18/95 MS: 2 ChangeByte-EraseBytes-
#41082	REDUCE cov: 400 ft: 938 corp: 296/16291b lim: 95 exec/s: 0 rss: 68Mb L: 92/95 MS: 1 EraseBytes-
#41328	REDUCE cov: 400 ft: 938 corp: 296/16283b lim: 95 exec/s: 0 rss: 68Mb L: 47/95 MS: 1 EraseBytes-
#41370	REDUCE cov: 400 ft: 938 corp: 296/16276b lim: 95 exec/s: 0 rss: 68Mb L: 58/95 MS: 2 InsertRepeatedBytes-EraseBytes-
#41381	REDUCE cov: 400 ft: 938 corp: 296/16275b lim: 95 exec/s: 0 rss: 68Mb L: 12/95 MS: 1 EraseBytes-
#41693	REDUCE cov: 400 ft: 938 corp: 296/16270b lim: 95 exec/s: 0 rss: 69Mb L: 57/95 MS: 2 ChangeASCIIInt-EraseBytes-
#41699	REDUCE cov: 400 ft: 939 corp: 297/16356b lim: 95 exec/s: 0 rss: 69Mb L: 86/95 MS: 1 ChangeByte-
#41897	REDUCE cov: 400 ft: 939 corp: 297/16338b lim: 95 exec/s: 0 rss: 69Mb L: 49/95 MS: 3 ChangeBit-PersAutoDict-EraseBytes- DE: "\001\000"-
#41974	REDUCE cov: 400 ft: 939 corp: 297/16337b lim: 95 exec/s: 0 rss: 69Mb L: 85/95 MS: 2 InsertByte-EraseBytes-
#41990	REDUCE cov: 400 ft: 939 corp: 297/16335b lim: 95 exec/s: 0 rss: 69Mb L: 22/95 MS: 1 EraseBytes-
#42076	REDUCE cov: 400 ft: 939 corp: 297/16324b lim: 95 exec/s: 0 rss: 69Mb L: 33/95 MS: 1 EraseBytes-
#42092	NEW    cov: 400 ft: 940 corp: 298/16Kb lim: 95 exec/s: 0 rss: 69Mb L: 94/95 MS: 1 InsertByte-
#42128	NEW    cov: 400 ft: 941 corp: 299/16Kb lim: 95 exec/s: 0 rss: 69Mb L: 88/95 MS: 1 InsertByte-
#42179	REDUCE cov: 400 ft: 942 corp: 300/16Kb lim: 95 exec/s: 0 rss: 69Mb L: 89/95 MS: 1 InsertRepeatedBytes-
#42195	REDUCE cov: 400 ft: 943 corp: 301/16Kb lim: 95 exec/s: 0 rss: 69Mb L: 81/95 MS: 1 CrossOver-
#42464	REDUCE cov: 400 ft: 943 corp: 301/16Kb lim: 95 exec/s: 0 rss: 69Mb L: 38/95 MS: 4 CMP-ChangeBit-ChangeBit-EraseBytes- DE: "\377\377"-
#42525	REDUCE cov: 400 ft: 943 corp: 301/16Kb lim: 95 exec/s: 0 rss: 69Mb L: 25/95 MS: 1 EraseBytes-
#42582	REDUCE cov: 400 ft: 943 corp: 301/16Kb lim: 95 exec/s: 0 rss: 69Mb L: 81/95 MS: 2 ChangeASCIIInt-EraseBytes-
#42589	REDUCE cov: 400 ft: 943 corp: 301/16Kb lim: 95 exec/s: 0 rss: 69Mb L: 89/95 MS: 2 ShuffleBytes-EraseBytes-
#42785	REDUCE cov: 400 ft: 943 corp: 301/16Kb lim: 95 exec/s: 0 rss: 69Mb L: 61/95 MS: 1 EraseBytes-
#42851	REDUCE cov: 400 ft: 943 corp: 301/16Kb lim: 95 exec/s: 0 rss: 70Mb L: 35/95 MS: 1 CrossOver-
#43217	REDUCE cov: 400 ft: 943 corp: 301/16Kb lim: 95 exec/s: 0 rss: 70Mb L: 61/95 MS: 1 EraseBytes-
#43303	REDUCE cov: 400 ft: 943 corp: 301/16Kb lim: 95 exec/s: 0 rss: 70Mb L: 52/95 MS: 1 EraseBytes-
#43309	REDUCE cov: 400 ft: 943 corp: 301/16Kb lim: 95 exec/s: 0 rss: 70Mb L: 25/95 MS: 1 EraseBytes-
#43310	REDUCE cov: 400 ft: 943 corp: 301/16Kb lim: 95 exec/s: 0 rss: 70Mb L: 87/95 MS: 1 EraseBytes-
#43396	REDUCE cov: 400 ft: 943 corp: 301/16Kb lim: 95 exec/s: 0 rss: 70Mb L: 37/95 MS: 1 EraseBytes-
#43842	REDUCE cov: 400 ft: 943 corp: 301/16Kb lim: 95 exec/s: 0 rss: 70Mb L: 24/95 MS: 1 EraseBytes-
#43900	REDUCE cov: 400 ft: 943 corp: 301/16Kb lim: 95 exec/s: 0 rss: 70Mb L: 15/95 MS: 3 PersAutoDict-ChangeBit-EraseBytes- DE: "\001\000\000\000"-
#44197	REDUCE cov: 400 ft: 943 corp: 301/16Kb lim: 95 exec/s: 0 rss: 70Mb L: 74/95 MS: 2 ChangeASCIIInt-EraseBytes-
#44444	REDUCE cov: 400 ft: 943 corp: 301/16Kb lim: 95 exec/s: 0 rss: 70Mb L: 14/95 MS: 2 InsertByte-EraseBytes-
#44691	REDUCE cov: 400 ft: 943 corp: 301/16Kb lim: 95 exec/s: 0 rss: 70Mb L: 17/95 MS: 2 ChangeBinInt-EraseBytes-
#44783	NEW    cov: 400 ft: 944 corp: 302/16Kb lim: 95 exec/s: 0 rss: 70Mb L: 91/95 MS: 2 ChangeASCIIInt-PersAutoDict- DE: "\001\000"-
#44805	NEW    cov: 400 ft: 945 corp: 303/16Kb lim: 95 exec/s: 0 rss: 70Mb L: 55/95 MS: 2 ShuffleBytes-EraseBytes-
#44931	REDUCE cov: 401 ft: 946 corp: 304/16Kb lim: 95 exec/s: 0 rss: 70Mb L: 73/95 MS: 1 InsertRepeatedBytes-
#45048	REDUCE cov: 401 ft: 946 corp: 304/16Kb lim: 95 exec/s: 0 rss: 71Mb L: 35/95 MS: 2 ChangeByte-CrossOver-
#45180	NEW    cov: 401 ft: 947 corp: 305/16Kb lim: 95 exec/s: 0 rss: 71Mb L: 93/95 MS: 2 CrossOver-CMP- DE: "\003\000\000\000\000\000\000\000"-
#45246	REDUCE cov: 401 ft: 947 corp: 305/16Kb lim: 95 exec/s: 0 rss: 71Mb L: 82/95 MS: 1 EraseBytes-
#45319	REDUCE cov: 401 ft: 947 corp: 305/16Kb lim: 95 exec/s: 0 rss: 71Mb L: 47/95 MS: 3 CMP-PersAutoDict-EraseBytes- DE: "\006\000\000\000\000\000\000\000"-"\001\000"-
#45525	REDUCE cov: 401 ft: 947 corp: 305/16Kb lim: 95 exec/s: 0 rss: 71Mb L: 47/95 MS: 1 EraseBytes-
#45707	REDUCE cov: 401 ft: 948 corp: 306/16Kb lim: 95 exec/s: 0 rss: 71Mb L: 90/95 MS: 2 CMP-InsertRepeatedBytes- DE: "\001\000\000\000\000\000\000/"-
#45714	REDUCE cov: 401 ft: 948 corp: 306/16Kb lim: 95 exec/s: 0 rss: 71Mb L: 82/95 MS: 2 CrossOver-CrossOver-
#45831	REDUCE cov: 401 ft: 948 corp: 306/16Kb lim: 95 exec/s: 0 rss: 71Mb L: 88/95 MS: 2 CopyPart-EraseBytes-
#46153	REDUCE cov: 401 ft: 948 corp: 306/16Kb lim: 95 exec/s: 0 rss: 71Mb L: 34/95 MS: 2 CopyPart-EraseBytes-
#46158	REDUCE cov: 401 ft: 948 corp: 306/16Kb lim: 95 exec/s: 0 rss: 71Mb L: 42/95 MS: 5 InsertRepeatedBytes-CopyPart-CrossOver-ShuffleBytes-EraseBytes-
#46209	REDUCE cov: 401 ft: 948 corp: 306/16Kb lim: 95 exec/s: 0 rss: 71Mb L: 55/95 MS: 1 EraseBytes-
#46600	NEW    cov: 401 ft: 950 corp: 307/16Kb lim: 95 exec/s: 0 rss: 71Mb L: 36/95 MS: 1 InsertByte-
#46751	REDUCE cov: 401 ft: 950 corp: 307/16Kb lim: 95 exec/s: 0 rss: 71Mb L: 51/95 MS: 1 EraseBytes-
#46763	REDUCE cov: 401 ft: 950 corp: 307/16Kb lim: 95 exec/s: 0 rss: 71Mb L: 24/95 MS: 2 InsertByte-EraseBytes-
#46790	REDUCE cov: 401 ft: 950 corp: 307/16Kb lim: 95 exec/s: 0 rss: 72Mb L: 64/95 MS: 2 ChangeByte-EraseBytes-
#46791	REDUCE cov: 401 ft: 950 corp: 307/16Kb lim: 95 exec/s: 0 rss: 72Mb L: 52/95 MS: 1 CrossOver-
#46843	NEW    cov: 403 ft: 952 corp: 308/16Kb lim: 95 exec/s: 0 rss: 72Mb L: 34/95 MS: 2 EraseBytes-ShuffleBytes-
#46960	REDUCE cov: 403 ft: 952 corp: 308/16Kb lim: 95 exec/s: 0 rss: 72Mb L: 81/95 MS: 2 InsertByte-EraseBytes-
#47021	REDUCE cov: 403 ft: 952 corp: 308/16Kb lim: 95 exec/s: 0 rss: 72Mb L: 38/95 MS: 1 EraseBytes-
#47182	NEW    cov: 404 ft: 953 corp: 309/16Kb lim: 95 exec/s: 0 rss: 72Mb L: 88/95 MS: 1 ShuffleBytes-
#47268	NEW    cov: 413 ft: 962 corp: 310/16Kb lim: 95 exec/s: 0 rss: 72Mb L: 87/95 MS: 1 CrossOver-
#47279	REDUCE cov: 413 ft: 962 corp: 310/16Kb lim: 95 exec/s: 0 rss: 72Mb L: 62/95 MS: 1 EraseBytes-
#47461	REDUCE cov: 413 ft: 962 corp: 310/16Kb lim: 95 exec/s: 0 rss: 72Mb L: 77/95 MS: 2 InsertRepeatedBytes-EraseBytes-
#47487	NEW    cov: 413 ft: 963 corp: 311/16Kb lim: 95 exec/s: 0 rss: 72Mb L: 60/95 MS: 1 EraseBytes-
#47618	REDUCE cov: 413 ft: 963 corp: 311/16Kb lim: 95 exec/s: 0 rss: 72Mb L: 35/95 MS: 1 EraseBytes-
#47679	REDUCE cov: 413 ft: 964 corp: 312/16Kb lim: 95 exec/s: 0 rss: 72Mb L: 95/95 MS: 1 InsertRepeatedBytes-
#47779	REDUCE cov: 413 ft: 964 corp: 312/16Kb lim: 95 exec/s: 0 rss: 72Mb L: 79/95 MS: 5 CrossOver-ChangeBinInt-ShuffleBytes-ChangeBit-EraseBytes-
#47807	REDUCE cov: 413 ft: 964 corp: 312/16Kb lim: 95 exec/s: 0 rss: 72Mb L: 59/95 MS: 3 ChangeByte-ChangeBinInt-EraseBytes-
#47897	REDUCE cov: 413 ft: 964 corp: 312/16Kb lim: 95 exec/s: 0 rss: 72Mb L: 86/95 MS: 5 InsertByte-ShuffleBytes-CMP-EraseBytes-CrossOver- DE: "\001\000\000\000"-
#47958	REDUCE cov: 413 ft: 964 corp: 312/16Kb lim: 95 exec/s: 0 rss: 72Mb L: 78/95 MS: 1 EraseBytes-
#48034	REDUCE cov: 413 ft: 964 corp: 312/16Kb lim: 95 exec/s: 0 rss: 72Mb L: 24/95 MS: 1 EraseBytes-
#48175	NEW    cov: 413 ft: 966 corp: 313/16Kb lim: 95 exec/s: 0 rss: 73Mb L: 92/95 MS: 1 ChangeBinInt-
#48376	REDUCE cov: 413 ft: 966 corp: 313/16Kb lim: 95 exec/s: 0 rss: 73Mb L: 15/95 MS: 1 EraseBytes-
#48459	REDUCE cov: 413 ft: 966 corp: 313/16Kb lim: 95 exec/s: 0 rss: 73Mb L: 65/95 MS: 3 ChangeBit-CMP-EraseBytes- DE: "\003\000"-
#48475	REDUCE cov: 413 ft: 966 corp: 313/16Kb lim: 95 exec/s: 0 rss: 73Mb L: 50/95 MS: 1 EraseBytes-
#48567	REDUCE cov: 413 ft: 966 corp: 313/16Kb lim: 95 exec/s: 0 rss: 73Mb L: 57/95 MS: 2 CopyPart-EraseBytes-
#48755	NEW    cov: 413 ft: 967 corp: 314/16Kb lim: 95 exec/s: 0 rss: 73Mb L: 89/95 MS: 3 ChangeBinInt-ChangeBinInt-ChangeBinInt-
#48813	REDUCE cov: 413 ft: 967 corp: 314/16Kb lim: 95 exec/s: 0 rss: 73Mb L: 74/95 MS: 3 ChangeBit-ChangeBit-EraseBytes-
#48989	NEW    cov: 413 ft: 968 corp: 315/16Kb lim: 95 exec/s: 0 rss: 73Mb L: 42/95 MS: 1 EraseBytes-
#49406	REDUCE cov: 413 ft: 968 corp: 315/16Kb lim: 95 exec/s: 0 rss: 73Mb L: 21/95 MS: 2 CrossOver-EraseBytes-
#49512	REDUCE cov: 413 ft: 968 corp: 315/16Kb lim: 95 exec/s: 0 rss: 73Mb L: 39/95 MS: 1 EraseBytes-
#49716	REDUCE cov: 413 ft: 968 corp: 315/16Kb lim: 95 exec/s: 0 rss: 73Mb L: 85/95 MS: 4 ShuffleBytes-ChangeBit-CopyPart-EraseBytes-
#49717	REDUCE cov: 413 ft: 968 corp: 315/16Kb lim: 95 exec/s: 0 rss: 73Mb L: 26/95 MS: 1 EraseBytes-
#49740	REDUCE cov: 413 ft: 968 corp: 315/16Kb lim: 95 exec/s: 0 rss: 73Mb L: 21/95 MS: 3 PersAutoDict-InsertRepeatedBytes-EraseBytes- DE: "\023\000\000\000\000\000\000\000"-
#49786	REDUCE cov: 413 ft: 968 corp: 315/16Kb lim: 95 exec/s: 0 rss: 73Mb L: 16/95 MS: 1 EraseBytes-
#49807	REDUCE cov: 413 ft: 968 corp: 315/16Kb lim: 95 exec/s: 0 rss: 73Mb L: 13/95 MS: 1 EraseBytes-
#49853	REDUCE cov: 413 ft: 968 corp: 315/16Kb lim: 95 exec/s: 0 rss: 73Mb L: 22/95 MS: 1 EraseBytes-
#49885	REDUCE cov: 414 ft: 969 corp: 316/16Kb lim: 95 exec/s: 0 rss: 74Mb L: 87/95 MS: 2 CopyPart-ShuffleBytes-
#50162	REDUCE cov: 414 ft: 969 corp: 316/16Kb lim: 95 exec/s: 0 rss: 74Mb L: 76/95 MS: 2 CopyPart-EraseBytes-
#50183	REDUCE cov: 414 ft: 969 corp: 316/16Kb lim: 95 exec/s: 0 rss: 74Mb L: 13/95 MS: 1 EraseBytes-
#50204	REDUCE cov: 414 ft: 969 corp: 316/16Kb lim: 95 exec/s: 0 rss: 74Mb L: 10/95 MS: 1 EraseBytes-
#50740	REDUCE cov: 414 ft: 969 corp: 316/16Kb lim: 95 exec/s: 0 rss: 74Mb L: 13/95 MS: 1 EraseBytes-
#50997	NEW    cov: 414 ft: 970 corp: 317/16Kb lim: 95 exec/s: 0 rss: 74Mb L: 89/95 MS: 2 ChangeBit-ChangeBit-
#51298	REDUCE cov: 414 ft: 970 corp: 317/16Kb lim: 95 exec/s: 0 rss: 74Mb L: 28/95 MS: 1 EraseBytes-
#51329	REDUCE cov: 414 ft: 970 corp: 317/16Kb lim: 95 exec/s: 0 rss: 74Mb L: 71/95 MS: 1 EraseBytes-
#51561	REDUCE cov: 414 ft: 970 corp: 317/16Kb lim: 95 exec/s: 0 rss: 74Mb L: 29/95 MS: 2 ShuffleBytes-EraseBytes-
#51732	REDUCE cov: 414 ft: 970 corp: 317/16Kb lim: 95 exec/s: 0 rss: 74Mb L: 63/95 MS: 1 EraseBytes-
#51738	NEW    cov: 414 ft: 972 corp: 318/16Kb lim: 95 exec/s: 0 rss: 74Mb L: 53/95 MS: 1 CopyPart-
#51869	NEW    cov: 415 ft: 973 corp: 319/16Kb lim: 95 exec/s: 0 rss: 74Mb L: 45/95 MS: 1 ChangeByte-
#52221	REDUCE cov: 415 ft: 973 corp: 319/16Kb lim: 95 exec/s: 0 rss: 74Mb L: 77/95 MS: 2 ChangeByte-EraseBytes-
#52444	REDUCE cov: 415 ft: 973 corp: 319/16Kb lim: 95 exec/s: 0 rss: 75Mb L: 4/95 MS: 3 CopyPart-CrossOver-EraseBytes-
#52535	REDUCE cov: 415 ft: 973 corp: 319/16Kb lim: 95 exec/s: 0 rss: 75Mb L: 62/95 MS: 1 EraseBytes-
#52617	REDUCE cov: 415 ft: 974 corp: 320/16Kb lim: 95 exec/s: 0 rss: 75Mb L: 50/95 MS: 2 InsertByte-ShuffleBytes-
#52653	REDUCE cov: 415 ft: 974 corp: 320/16Kb lim: 95 exec/s: 0 rss: 75Mb L: 13/95 MS: 1 CrossOver-
#52660	REDUCE cov: 415 ft: 975 corp: 321/17Kb lim: 95 exec/s: 0 rss: 75Mb L: 58/95 MS: 2 CMP-ChangeBit- DE: "\377\377\377\377\377\377\377\377"-
#52737	REDUCE cov: 415 ft: 975 corp: 321/17Kb lim: 95 exec/s: 0 rss: 75Mb L: 22/95 MS: 2 CopyPart-EraseBytes-
#52874	REDUCE cov: 415 ft: 975 corp: 321/17Kb lim: 95 exec/s: 0 rss: 75Mb L: 86/95 MS: 2 InsertRepeatedBytes-EraseBytes-
#52978	NEW    cov: 415 ft: 976 corp: 322/17Kb lim: 95 exec/s: 0 rss: 75Mb L: 51/95 MS: 4 CrossOver-ChangeASCIIInt-CopyPart-ChangeBinInt-
#53013	REDUCE cov: 415 ft: 977 corp: 323/17Kb lim: 95 exec/s: 0 rss: 75Mb L: 61/95 MS: 5 CMP-CrossOver-InsertRepeatedBytes-ChangeBinInt-EraseBytes- DE: "\000\000"-
#53122	REDUCE cov: 415 ft: 977 corp: 323/17Kb lim: 95 exec/s: 0 rss: 75Mb L: 14/95 MS: 4 InsertByte-EraseBytes-CrossOver-EraseBytes-
#53360	REDUCE cov: 415 ft: 977 corp: 323/17Kb lim: 95 exec/s: 0 rss: 75Mb L: 63/95 MS: 3 ChangeByte-InsertByte-EraseBytes-
#53706	REDUCE cov: 415 ft: 977 corp: 323/17Kb lim: 95 exec/s: 0 rss: 75Mb L: 11/95 MS: 1 EraseBytes-
#53757	NEW    cov: 415 ft: 978 corp: 324/17Kb lim: 95 exec/s: 0 rss: 75Mb L: 77/95 MS: 1 ChangeByte-
#53959	NEW    cov: 415 ft: 980 corp: 325/17Kb lim: 95 exec/s: 0 rss: 76Mb L: 73/95 MS: 2 ChangeBit-ChangeByte-
#54162	REDUCE cov: 415 ft: 980 corp: 325/17Kb lim: 95 exec/s: 0 rss: 76Mb L: 15/95 MS: 3 ChangeByte-ChangeBit-EraseBytes-
#54196	REDUCE cov: 415 ft: 980 corp: 325/17Kb lim: 95 exec/s: 0 rss: 76Mb L: 2/95 MS: 4 ChangeASCIIInt-ChangeBit-ShuffleBytes-EraseBytes-
#54428	REDUCE cov: 415 ft: 980 corp: 325/17Kb lim: 95 exec/s: 0 rss: 76Mb L: 55/95 MS: 2 CopyPart-EraseBytes-
#54582	NEW    cov: 418 ft: 983 corp: 326/17Kb lim: 95 exec/s: 0 rss: 76Mb L: 87/95 MS: 4 CrossOver-CopyPart-InsertByte-ChangeByte-
#54838	REDUCE cov: 418 ft: 983 corp: 326/17Kb lim: 95 exec/s: 0 rss: 76Mb L: 70/95 MS: 1 EraseBytes-
#55164	REDUCE cov: 418 ft: 983 corp: 326/17Kb lim: 95 exec/s: 0 rss: 76Mb L: 20/95 MS: 1 EraseBytes-
#55334	REDUCE cov: 418 ft: 983 corp: 326/17Kb lim: 95 exec/s: 0 rss: 76Mb L: 54/95 MS: 5 ChangeBit-InsertByte-ChangeBit-CopyPart-EraseBytes-
#55370	REDUCE cov: 418 ft: 983 corp: 326/17Kb lim: 95 exec/s: 0 rss: 76Mb L: 82/95 MS: 1 EraseBytes-
#55377	REDUCE cov: 418 ft: 983 corp: 326/17Kb lim: 95 exec/s: 0 rss: 76Mb L: 31/95 MS: 2 ChangeBit-EraseBytes-
#55413	REDUCE cov: 418 ft: 983 corp: 326/17Kb lim: 95 exec/s: 0 rss: 76Mb L: 58/95 MS: 1 EraseBytes-
#55615	REDUCE cov: 418 ft: 983 corp: 326/17Kb lim: 95 exec/s: 0 rss: 76Mb L: 55/95 MS: 2 CopyPart-EraseBytes-
#55736	NEW    cov: 418 ft: 984 corp: 327/17Kb lim: 95 exec/s: 0 rss: 77Mb L: 49/95 MS: 1 EraseBytes-
#55772	REDUCE cov: 418 ft: 984 corp: 327/17Kb lim: 95 exec/s: 0 rss: 77Mb L: 25/95 MS: 1 EraseBytes-
#55843	REDUCE cov: 418 ft: 984 corp: 327/17Kb lim: 95 exec/s: 0 rss: 77Mb L: 23/95 MS: 1 EraseBytes-
#55949	REDUCE cov: 418 ft: 984 corp: 327/17Kb lim: 95 exec/s: 0 rss: 77Mb L: 57/95 MS: 1 EraseBytes-
#56120	REDUCE cov: 418 ft: 984 corp: 327/17Kb lim: 95 exec/s: 0 rss: 77Mb L: 73/95 MS: 1 EraseBytes-
#56186	NEW    cov: 418 ft: 985 corp: 328/17Kb lim: 95 exec/s: 0 rss: 77Mb L: 91/95 MS: 1 InsertRepeatedBytes-
#56230	REDUCE cov: 418 ft: 985 corp: 328/17Kb lim: 95 exec/s: 0 rss: 77Mb L: 69/95 MS: 4 ChangeBinInt-ChangeBit-ShuffleBytes-EraseBytes-
#56452	REDUCE cov: 418 ft: 985 corp: 328/17Kb lim: 95 exec/s: 0 rss: 77Mb L: 8/95 MS: 2 CopyPart-EraseBytes-
#56667	REDUCE cov: 418 ft: 985 corp: 328/17Kb lim: 95 exec/s: 0 rss: 77Mb L: 81/95 MS: 5 CopyPart-CopyPart-ShuffleBytes-ChangeASCIIInt-EraseBytes-
#56840	REDUCE cov: 418 ft: 985 corp: 328/17Kb lim: 95 exec/s: 0 rss: 77Mb L: 69/95 MS: 3 CopyPart-PersAutoDict-EraseBytes- DE: "\001\000"-
#56991	NEW    cov: 418 ft: 986 corp: 329/17Kb lim: 95 exec/s: 0 rss: 77Mb L: 61/95 MS: 1 ChangeBit-
#57119	REDUCE cov: 418 ft: 988 corp: 330/17Kb lim: 95 exec/s: 0 rss: 77Mb L: 39/95 MS: 3 ChangeASCIIInt-ChangeBit-CrossOver-
#57135	REDUCE cov: 418 ft: 988 corp: 330/17Kb lim: 95 exec/s: 0 rss: 77Mb L: 30/95 MS: 1 EraseBytes-
#57197	NEW    cov: 418 ft: 989 corp: 331/17Kb lim: 95 exec/s: 0 rss: 77Mb L: 53/95 MS: 2 ShuffleBytes-EraseBytes-
#57210	REDUCE cov: 418 ft: 989 corp: 331/17Kb lim: 95 exec/s: 0 rss: 77Mb L: 36/95 MS: 3 ShuffleBytes-ChangeByte-EraseBytes-
#57251	REDUCE cov: 418 ft: 994 corp: 332/17Kb lim: 95 exec/s: 0 rss: 78Mb L: 93/95 MS: 1 CopyPart-
#57272	REDUCE cov: 418 ft: 994 corp: 332/17Kb lim: 95 exec/s: 0 rss: 78Mb L: 34/95 MS: 1 EraseBytes-
#57354	NEW    cov: 418 ft: 995 corp: 333/17Kb lim: 95 exec/s: 0 rss: 78Mb L: 88/95 MS: 2 ShuffleBytes-ChangeBit-
#57793	REDUCE cov: 418 ft: 996 corp: 334/17Kb lim: 95 exec/s: 0 rss: 78Mb L: 79/95 MS: 4 ChangeByte-ChangeASCIIInt-CopyPart-ChangeByte-
#57825	NEW    cov: 418 ft: 997 corp: 335/17Kb lim: 95 exec/s: 0 rss: 78Mb L: 88/95 MS: 2 CrossOver-CopyPart-
#57858	REDUCE cov: 418 ft: 997 corp: 335/17Kb lim: 95 exec/s: 0 rss: 78Mb L: 47/95 MS: 3 InsertByte-CrossOver-EraseBytes-
#58230	REDUCE cov: 418 ft: 997 corp: 335/17Kb lim: 95 exec/s: 0 rss: 78Mb L: 48/95 MS: 2 ChangeByte-EraseBytes-
#58256	REDUCE cov: 418 ft: 997 corp: 335/17Kb lim: 95 exec/s: 0 rss: 78Mb L: 58/95 MS: 1 EraseBytes-
#58267	REDUCE cov: 418 ft: 997 corp: 335/17Kb lim: 95 exec/s: 0 rss: 78Mb L: 50/95 MS: 1 EraseBytes-
#58288	REDUCE cov: 418 ft: 997 corp: 335/17Kb lim: 95 exec/s: 0 rss: 78Mb L: 64/95 MS: 1 EraseBytes-
#58320	REDUCE cov: 418 ft: 998 corp: 336/17Kb lim: 95 exec/s: 0 rss: 78Mb L: 34/95 MS: 2 PersAutoDict-CMP- DE: "\003\000"-"\000\000\000\000"-
#58411	REDUCE cov: 418 ft: 998 corp: 336/17Kb lim: 95 exec/s: 0 rss: 78Mb L: 49/95 MS: 1 EraseBytes-
#58546	REDUCE cov: 418 ft: 999 corp: 337/17Kb lim: 95 exec/s: 0 rss: 79Mb L: 80/95 MS: 5 ShuffleBytes-EraseBytes-ChangeASCIIInt-ChangeBit-InsertRepeatedBytes-
#58567	REDUCE cov: 418 ft: 999 corp: 337/17Kb lim: 95 exec/s: 0 rss: 79Mb L: 11/95 MS: 1 EraseBytes-
#58629	REDUCE cov: 418 ft: 999 corp: 337/17Kb lim: 95 exec/s: 0 rss: 79Mb L: 12/95 MS: 2 CopyPart-EraseBytes-
#58645	NEW    cov: 418 ft: 1000 corp: 338/17Kb lim: 95 exec/s: 0 rss: 79Mb L: 39/95 MS: 1 ShuffleBytes-
#58831	REDUCE cov: 418 ft: 1000 corp: 338/17Kb lim: 95 exec/s: 0 rss: 79Mb L: 80/95 MS: 1 EraseBytes-
#58964	REDUCE cov: 418 ft: 1000 corp: 338/17Kb lim: 95 exec/s: 0 rss: 79Mb L: 15/95 MS: 3 CrossOver-CopyPart-EraseBytes-
#58995	REDUCE cov: 418 ft: 1000 corp: 338/17Kb lim: 95 exec/s: 0 rss: 79Mb L: 75/95 MS: 1 EraseBytes-
#59004	REDUCE cov: 418 ft: 1000 corp: 338/17Kb lim: 95 exec/s: 0 rss: 79Mb L: 18/95 MS: 4 ChangeByte-PersAutoDict-CopyPart-EraseBytes- DE: "\000\000\000\000\000\000\000\010"-
#59010	REDUCE cov: 418 ft: 1000 corp: 338/17Kb lim: 95 exec/s: 0 rss: 79Mb L: 52/95 MS: 1 CrossOver-
#59671	REDUCE cov: 418 ft: 1001 corp: 339/17Kb lim: 101 exec/s: 0 rss: 79Mb L: 82/95 MS: 1 ShuffleBytes-
#59807	REDUCE cov: 418 ft: 1001 corp: 339/17Kb lim: 101 exec/s: 0 rss: 79Mb L: 23/95 MS: 1 EraseBytes-
#59843	REDUCE cov: 418 ft: 1001 corp: 339/17Kb lim: 101 exec/s: 0 rss: 79Mb L: 27/95 MS: 1 EraseBytes-
#60104	REDUCE cov: 418 ft: 1001 corp: 339/17Kb lim: 101 exec/s: 0 rss: 79Mb L: 16/95 MS: 1 EraseBytes-
#60253	REDUCE cov: 418 ft: 1001 corp: 339/17Kb lim: 101 exec/s: 0 rss: 79Mb L: 32/95 MS: 4 ChangeByte-InsertByte-InsertByte-EraseBytes-
#60294	NEW    cov: 418 ft: 1002 corp: 340/18Kb lim: 101 exec/s: 0 rss: 80Mb L: 94/95 MS: 1 InsertByte-
#60685	REDUCE cov: 418 ft: 1002 corp: 340/17Kb lim: 101 exec/s: 0 rss: 80Mb L: 71/95 MS: 1 EraseBytes-
#60911	REDUCE cov: 418 ft: 1002 corp: 340/17Kb lim: 101 exec/s: 0 rss: 80Mb L: 83/95 MS: 1 EraseBytes-
#60919	REDUCE cov: 418 ft: 1002 corp: 340/17Kb lim: 101 exec/s: 0 rss: 80Mb L: 50/95 MS: 3 CMP-CopyPart-EraseBytes- DE: "\377\377\377\377\377\377\037\000"-
#60940	REDUCE cov: 418 ft: 1002 corp: 340/17Kb lim: 101 exec/s: 0 rss: 80Mb L: 49/95 MS: 1 EraseBytes-
#61116	REDUCE cov: 418 ft: 1002 corp: 340/17Kb lim: 101 exec/s: 0 rss: 80Mb L: 32/95 MS: 1 EraseBytes-
#61182	NEW    cov: 418 ft: 1003 corp: 341/18Kb lim: 101 exec/s: 0 rss: 80Mb L: 61/95 MS: 1 PersAutoDict- DE: "\001\000\000\000"-
#61248	REDUCE cov: 418 ft: 1003 corp: 341/18Kb lim: 101 exec/s: 0 rss: 80Mb L: 79/95 MS: 1 EraseBytes-
#61466	REDUCE cov: 418 ft: 1003 corp: 341/18Kb lim: 101 exec/s: 0 rss: 80Mb L: 86/95 MS: 3 ShuffleBytes-CopyPart-EraseBytes-
#61955	REDUCE cov: 418 ft: 1003 corp: 341/18Kb lim: 101 exec/s: 0 rss: 80Mb L: 60/95 MS: 4 PersAutoDict-CMP-ChangeBinInt-EraseBytes- DE: "\023\000\000\000\000\000\000\000"-"\000\000\000\000\000\000\000\000"-
#62031	REDUCE cov: 418 ft: 1003 corp: 341/17Kb lim: 101 exec/s: 0 rss: 80Mb L: 55/95 MS: 1 EraseBytes-
#62034	REDUCE cov: 418 ft: 1003 corp: 341/17Kb lim: 101 exec/s: 0 rss: 80Mb L: 76/95 MS: 3 CrossOver-InsertByte-EraseBytes-
#62105	REDUCE cov: 418 ft: 1003 corp: 341/17Kb lim: 101 exec/s: 0 rss: 80Mb L: 31/95 MS: 1 EraseBytes-
#62568	REDUCE cov: 419 ft: 1004 corp: 342/18Kb lim: 101 exec/s: 0 rss: 81Mb L: 94/95 MS: 3 ChangeByte-ChangeByte-CopyPart-
#62885	REDUCE cov: 419 ft: 1004 corp: 342/18Kb lim: 101 exec/s: 0 rss: 81Mb L: 23/95 MS: 2 ChangeASCIIInt-EraseBytes-
#63006	REDUCE cov: 419 ft: 1004 corp: 342/18Kb lim: 101 exec/s: 0 rss: 81Mb L: 10/95 MS: 1 EraseBytes-
#63183	REDUCE cov: 419 ft: 1004 corp: 342/18Kb lim: 101 exec/s: 0 rss: 81Mb L: 23/95 MS: 2 CMP-EraseBytes- DE: "\377\377"-
#63495	NEW    cov: 419 ft: 1005 corp: 343/18Kb lim: 101 exec/s: 0 rss: 81Mb L: 85/95 MS: 2 ChangeByte-PersAutoDict- DE: "\377\377\377\377"-
#63521	NEW    cov: 419 ft: 1008 corp: 344/18Kb lim: 101 exec/s: 0 rss: 81Mb L: 100/100 MS: 1 CopyPart-
#64067	REDUCE cov: 419 ft: 1008 corp: 344/18Kb lim: 101 exec/s: 0 rss: 81Mb L: 88/100 MS: 1 EraseBytes-
#64085	REDUCE cov: 419 ft: 1008 corp: 344/18Kb lim: 101 exec/s: 0 rss: 81Mb L: 60/100 MS: 3 InsertByte-CopyPart-EraseBytes-
#64326	REDUCE cov: 419 ft: 1008 corp: 344/18Kb lim: 101 exec/s: 0 rss: 81Mb L: 69/100 MS: 1 EraseBytes-
#64697	REDUCE cov: 419 ft: 1008 corp: 344/18Kb lim: 101 exec/s: 0 rss: 82Mb L: 87/100 MS: 1 EraseBytes-
#64754	REDUCE cov: 419 ft: 1008 corp: 344/18Kb lim: 101 exec/s: 0 rss: 82Mb L: 44/100 MS: 2 ChangeBinInt-EraseBytes-
#64965	REDUCE cov: 419 ft: 1008 corp: 344/18Kb lim: 101 exec/s: 0 rss: 82Mb L: 65/100 MS: 1 EraseBytes-
#65081	REDUCE cov: 419 ft: 1008 corp: 344/18Kb lim: 101 exec/s: 0 rss: 82Mb L: 71/100 MS: 1 EraseBytes-
#65237	REDUCE cov: 420 ft: 1009 corp: 345/18Kb lim: 101 exec/s: 0 rss: 82Mb L: 34/100 MS: 1 InsertByte-
#65458	REDUCE cov: 420 ft: 1009 corp: 345/18Kb lim: 101 exec/s: 0 rss: 82Mb L: 40/100 MS: 1 EraseBytes-
#65484	REDUCE cov: 420 ft: 1009 corp: 345/18Kb lim: 101 exec/s: 0 rss: 82Mb L: 56/100 MS: 1 EraseBytes-
#65785	REDUCE cov: 420 ft: 1009 corp: 345/18Kb lim: 101 exec/s: 0 rss: 82Mb L: 31/100 MS: 1 EraseBytes-
#65818	REDUCE cov: 420 ft: 1009 corp: 345/18Kb lim: 101 exec/s: 0 rss: 82Mb L: 29/100 MS: 3 ChangeByte-CMP-EraseBytes- DE: "\003\000\000\000\000\000\000\000"-
#65857	REDUCE cov: 420 ft: 1009 corp: 345/18Kb lim: 101 exec/s: 0 rss: 82Mb L: 55/100 MS: 4 ShuffleBytes-ChangeBit-InsertByte-EraseBytes-
#66034	REDUCE cov: 420 ft: 1009 corp: 345/18Kb lim: 101 exec/s: 0 rss: 82Mb L: 27/100 MS: 2 ShuffleBytes-EraseBytes-
#66282	REDUCE cov: 420 ft: 1009 corp: 345/18Kb lim: 101 exec/s: 0 rss: 82Mb L: 38/100 MS: 3 PersAutoDict-CrossOver-EraseBytes- DE: "<\000\000\000\000\000\000\000"-
#66438	REDUCE cov: 420 ft: 1009 corp: 345/18Kb lim: 101 exec/s: 0 rss: 82Mb L: 88/100 MS: 1 CrossOver-
#66509	REDUCE cov: 420 ft: 1009 corp: 345/18Kb lim: 101 exec/s: 0 rss: 82Mb L: 75/100 MS: 1 EraseBytes-
#66511	REDUCE cov: 420 ft: 1009 corp: 345/18Kb lim: 101 exec/s: 0 rss: 83Mb L: 64/100 MS: 2 CrossOver-EraseBytes-
#66632	REDUCE cov: 420 ft: 1009 corp: 345/18Kb lim: 101 exec/s: 0 rss: 83Mb L: 75/100 MS: 1 EraseBytes-
#66730	NEW    cov: 420 ft: 1010 corp: 346/18Kb lim: 101 exec/s: 0 rss: 83Mb L: 80/100 MS: 3 ChangeBinInt-ShuffleBytes-ChangeByte-
#67041	REDUCE cov: 420 ft: 1010 corp: 346/18Kb lim: 101 exec/s: 0 rss: 83Mb L: 46/100 MS: 1 EraseBytes-
#67528	NEW    cov: 420 ft: 1011 corp: 347/18Kb lim: 101 exec/s: 0 rss: 83Mb L: 80/100 MS: 2 ChangeBit-ChangeBit-
#67539	REDUCE cov: 420 ft: 1011 corp: 347/18Kb lim: 101 exec/s: 0 rss: 83Mb L: 52/100 MS: 1 EraseBytes-
#67985	REDUCE cov: 420 ft: 1011 corp: 347/18Kb lim: 101 exec/s: 0 rss: 83Mb L: 43/100 MS: 1 CrossOver-
#68016	REDUCE cov: 420 ft: 1011 corp: 347/18Kb lim: 101 exec/s: 0 rss: 83Mb L: 58/100 MS: 1 EraseBytes-
#68092	REDUCE cov: 420 ft: 1011 corp: 347/18Kb lim: 101 exec/s: 0 rss: 83Mb L: 71/100 MS: 1 EraseBytes-
#68128	REDUCE cov: 420 ft: 1011 corp: 347/18Kb lim: 101 exec/s: 0 rss: 83Mb L: 60/100 MS: 1 EraseBytes-
#68159	REDUCE cov: 420 ft: 1011 corp: 347/18Kb lim: 101 exec/s: 0 rss: 83Mb L: 20/100 MS: 1 EraseBytes-
#68335	REDUCE cov: 420 ft: 1011 corp: 347/18Kb lim: 101 exec/s: 0 rss: 83Mb L: 73/100 MS: 1 CrossOver-
#68381	REDUCE cov: 420 ft: 1011 corp: 347/18Kb lim: 101 exec/s: 0 rss: 83Mb L: 90/100 MS: 1 EraseBytes-
#68763	REDUCE cov: 420 ft: 1011 corp: 347/18Kb lim: 101 exec/s: 0 rss: 84Mb L: 4/100 MS: 2 ChangeBit-EraseBytes-
#68819	REDUCE cov: 420 ft: 1013 corp: 348/18Kb lim: 101 exec/s: 0 rss: 84Mb L: 81/100 MS: 1 ChangeByte-
#68875	REDUCE cov: 420 ft: 1013 corp: 348/18Kb lim: 101 exec/s: 0 rss: 84Mb L: 15/100 MS: 1 EraseBytes-
#68916	REDUCE cov: 420 ft: 1013 corp: 348/18Kb lim: 101 exec/s: 0 rss: 84Mb L: 25/100 MS: 1 EraseBytes-
#68973	REDUCE cov: 420 ft: 1015 corp: 349/18Kb lim: 101 exec/s: 0 rss: 84Mb L: 91/100 MS: 2 CrossOver-InsertByte-
#69059	REDUCE cov: 420 ft: 1016 corp: 350/18Kb lim: 101 exec/s: 0 rss: 84Mb L: 81/100 MS: 1 CopyPart-
#69191	REDUCE cov: 420 ft: 1016 corp: 350/18Kb lim: 101 exec/s: 0 rss: 84Mb L: 15/100 MS: 2 CopyPart-EraseBytes-
#69297	REDUCE cov: 420 ft: 1016 corp: 350/18Kb lim: 101 exec/s: 0 rss: 84Mb L: 17/100 MS: 1 EraseBytes-
#69338	NEW    cov: 420 ft: 1017 corp: 351/18Kb lim: 101 exec/s: 0 rss: 84Mb L: 80/100 MS: 1 PersAutoDict- DE: "\001\000\000\000"-
#69340	REDUCE cov: 420 ft: 1017 corp: 351/18Kb lim: 101 exec/s: 0 rss: 84Mb L: 31/100 MS: 2 InsertByte-EraseBytes-
#69397	NEW    cov: 420 ft: 1020 corp: 352/18Kb lim: 101 exec/s: 0 rss: 84Mb L: 92/100 MS: 2 ShuffleBytes-CrossOver-
#69748	REDUCE cov: 420 ft: 1020 corp: 352/18Kb lim: 101 exec/s: 0 rss: 84Mb L: 35/100 MS: 1 EraseBytes-
#69996	REDUCE cov: 420 ft: 1020 corp: 352/18Kb lim: 101 exec/s: 0 rss: 84Mb L: 31/100 MS: 3 InsertRepeatedBytes-ChangeByte-EraseBytes-
#70133	REDUCE cov: 420 ft: 1020 corp: 352/18Kb lim: 101 exec/s: 0 rss: 84Mb L: 47/100 MS: 2 CMP-EraseBytes- DE: "\001\000\000\000\000\000\177\342"-
#70135	REDUCE cov: 420 ft: 1020 corp: 352/18Kb lim: 101 exec/s: 0 rss: 84Mb L: 25/100 MS: 2 ChangeBinInt-EraseBytes-
#70151	REDUCE cov: 420 ft: 1020 corp: 352/18Kb lim: 101 exec/s: 0 rss: 85Mb L: 62/100 MS: 1 EraseBytes-
#70283	REDUCE cov: 420 ft: 1020 corp: 352/18Kb lim: 101 exec/s: 0 rss: 85Mb L: 90/100 MS: 2 ShuffleBytes-EraseBytes-
#70352	REDUCE cov: 420 ft: 1020 corp: 352/18Kb lim: 101 exec/s: 0 rss: 85Mb L: 71/100 MS: 4 ShuffleBytes-CrossOver-ChangeBinInt-EraseBytes-
#70383	REDUCE cov: 420 ft: 1020 corp: 352/18Kb lim: 101 exec/s: 0 rss: 85Mb L: 20/100 MS: 1 EraseBytes-
#71050	REDUCE cov: 420 ft: 1020 corp: 352/18Kb lim: 107 exec/s: 0 rss: 85Mb L: 14/100 MS: 2 CopyPart-EraseBytes-
#71111	REDUCE cov: 420 ft: 1020 corp: 352/18Kb lim: 107 exec/s: 0 rss: 85Mb L: 44/100 MS: 1 EraseBytes-
#71464	REDUCE cov: 420 ft: 1020 corp: 352/18Kb lim: 107 exec/s: 0 rss: 85Mb L: 40/100 MS: 3 ChangeByte-ChangeBit-EraseBytes-
#72067	REDUCE cov: 420 ft: 1020 corp: 352/18Kb lim: 107 exec/s: 0 rss: 85Mb L: 27/100 MS: 3 CrossOver-CMP-EraseBytes- DE: "\000\000"-
#72109	REDUCE cov: 420 ft: 1020 corp: 352/18Kb lim: 107 exec/s: 0 rss: 85Mb L: 30/100 MS: 2 ChangeBinInt-EraseBytes-
#72205	REDUCE cov: 420 ft: 1020 corp: 352/18Kb lim: 107 exec/s: 0 rss: 85Mb L: 20/100 MS: 1 EraseBytes-
#72253	REDUCE cov: 420 ft: 1020 corp: 352/18Kb lim: 107 exec/s: 0 rss: 85Mb L: 47/100 MS: 3 ShuffleBytes-InsertRepeatedBytes-EraseBytes-
#72371	REDUCE cov: 420 ft: 1020 corp: 352/18Kb lim: 107 exec/s: 0 rss: 85Mb L: 42/100 MS: 3 CrossOver-ChangeBinInt-EraseBytes-
#72417	REDUCE cov: 420 ft: 1020 corp: 352/18Kb lim: 107 exec/s: 0 rss: 85Mb L: 68/100 MS: 1 EraseBytes-
#72646	REDUCE cov: 420 ft: 1020 corp: 352/18Kb lim: 107 exec/s: 0 rss: 86Mb L: 35/100 MS: 4 EraseBytes-CMP-ChangeByte-CrossOver- DE: "\377\377"-
#72687	REDUCE cov: 420 ft: 1020 corp: 352/18Kb lim: 107 exec/s: 0 rss: 86Mb L: 40/100 MS: 1 EraseBytes-
#72729	REDUCE cov: 420 ft: 1020 corp: 352/18Kb lim: 107 exec/s: 0 rss: 86Mb L: 53/100 MS: 2 InsertByte-EraseBytes-
#72733	REDUCE cov: 420 ft: 1020 corp: 352/18Kb lim: 107 exec/s: 0 rss: 86Mb L: 50/100 MS: 4 PersAutoDict-PersAutoDict-InsertByte-EraseBytes- DE: "\004\000"-"\001\000\000\000\000\000\177\357"-
#72879	REDUCE cov: 420 ft: 1021 corp: 353/18Kb lim: 107 exec/s: 0 rss: 86Mb L: 101/101 MS: 1 InsertRepeatedBytes-
#72911	REDUCE cov: 420 ft: 1021 corp: 353/18Kb lim: 107 exec/s: 0 rss: 86Mb L: 51/101 MS: 2 ChangeBit-EraseBytes-
#73028	REDUCE cov: 420 ft: 1021 corp: 353/18Kb lim: 107 exec/s: 0 rss: 86Mb L: 7/101 MS: 2 InsertByte-EraseBytes-
#73040	REDUCE cov: 420 ft: 1021 corp: 353/18Kb lim: 107 exec/s: 0 rss: 86Mb L: 71/101 MS: 2 CopyPart-EraseBytes-
#73192	REDUCE cov: 420 ft: 1021 corp: 353/18Kb lim: 107 exec/s: 0 rss: 86Mb L: 57/101 MS: 2 ChangeBinInt-EraseBytes-
#73213	REDUCE cov: 420 ft: 1021 corp: 353/18Kb lim: 107 exec/s: 0 rss: 86Mb L: 30/101 MS: 1 EraseBytes-
#73276	REDUCE cov: 420 ft: 1021 corp: 353/18Kb lim: 107 exec/s: 0 rss: 86Mb L: 53/101 MS: 3 InsertRepeatedBytes-PersAutoDict-EraseBytes- DE: "\000\000"-
#73407	REDUCE cov: 420 ft: 1021 corp: 353/18Kb lim: 107 exec/s: 0 rss: 86Mb L: 60/101 MS: 1 EraseBytes-
#73779	REDUCE cov: 420 ft: 1021 corp: 353/18Kb lim: 107 exec/s: 0 rss: 86Mb L: 78/101 MS: 2 ChangeBinInt-EraseBytes-
#73800	REDUCE cov: 420 ft: 1021 corp: 353/18Kb lim: 107 exec/s: 0 rss: 86Mb L: 31/101 MS: 1 EraseBytes-
#73820	REDUCE cov: 420 ft: 1021 corp: 353/18Kb lim: 107 exec/s: 0 rss: 86Mb L: 34/101 MS: 5 CMP-InsertByte-ShuffleBytes-PersAutoDict-EraseBytes- DE: "\000\000\000\000\000\000\000\000"-"\004\000"-
#73857	REDUCE cov: 420 ft: 1021 corp: 353/18Kb lim: 107 exec/s: 0 rss: 86Mb L: 9/101 MS: 2 ChangeByte-EraseBytes-
#74328	NEW    cov: 420 ft: 1022 corp: 354/18Kb lim: 107 exec/s: 0 rss: 87Mb L: 101/101 MS: 1 ChangeByte-
#74388	REDUCE cov: 420 ft: 1023 corp: 355/18Kb lim: 107 exec/s: 0 rss: 87Mb L: 107/107 MS: 5 ShuffleBytes-InsertRepeatedBytes-CrossOver-InsertRepeatedBytes-CopyPart-
#74554	REDUCE cov: 420 ft: 1023 corp: 355/18Kb lim: 107 exec/s: 0 rss: 87Mb L: 85/107 MS: 1 CrossOver-
#74845	REDUCE cov: 420 ft: 1023 corp: 355/18Kb lim: 107 exec/s: 0 rss: 87Mb L: 15/107 MS: 1 EraseBytes-
#74921	REDUCE cov: 420 ft: 1023 corp: 355/18Kb lim: 107 exec/s: 0 rss: 87Mb L: 66/107 MS: 1 EraseBytes-
#74998	REDUCE cov: 420 ft: 1023 corp: 355/18Kb lim: 107 exec/s: 0 rss: 87Mb L: 46/107 MS: 2 CrossOver-EraseBytes-
#75295	REDUCE cov: 420 ft: 1023 corp: 355/18Kb lim: 107 exec/s: 0 rss: 87Mb L: 78/107 MS: 2 ChangeBit-EraseBytes-
#75521	REDUCE cov: 420 ft: 1023 corp: 355/18Kb lim: 107 exec/s: 0 rss: 87Mb L: 71/107 MS: 1 EraseBytes-
#75765	REDUCE cov: 420 ft: 1023 corp: 355/18Kb lim: 107 exec/s: 0 rss: 87Mb L: 3/107 MS: 4 InsertByte-CopyPart-InsertByte-EraseBytes-
#75936	REDUCE cov: 420 ft: 1023 corp: 355/18Kb lim: 107 exec/s: 0 rss: 87Mb L: 44/107 MS: 1 EraseBytes-
#76062	REDUCE cov: 420 ft: 1023 corp: 355/18Kb lim: 107 exec/s: 0 rss: 87Mb L: 26/107 MS: 1 EraseBytes-
#76163	REDUCE cov: 420 ft: 1023 corp: 355/18Kb lim: 107 exec/s: 0 rss: 87Mb L: 66/107 MS: 1 EraseBytes-
#76651	REDUCE cov: 420 ft: 1023 corp: 355/18Kb lim: 107 exec/s: 0 rss: 87Mb L: 14/107 MS: 3 ChangeBinInt-CMP-EraseBytes- DE: "\001\000\000\000"-
#76652	REDUCE cov: 420 ft: 1023 corp: 355/18Kb lim: 107 exec/s: 0 rss: 88Mb L: 1/107 MS: 1 EraseBytes-
#76778	REDUCE cov: 420 ft: 1023 corp: 355/18Kb lim: 107 exec/s: 0 rss: 88Mb L: 22/107 MS: 1 EraseBytes-
#76814	REDUCE cov: 420 ft: 1023 corp: 355/18Kb lim: 107 exec/s: 0 rss: 88Mb L: 82/107 MS: 1 EraseBytes-
#77628	REDUCE cov: 420 ft: 1023 corp: 355/18Kb lim: 113 exec/s: 0 rss: 88Mb L: 59/107 MS: 4 ChangeBit-PersAutoDict-ChangeBit-EraseBytes- DE: "\005\000\000\000\000\000\000\000"-
#77630	REDUCE cov: 420 ft: 1023 corp: 355/18Kb lim: 113 exec/s: 0 rss: 88Mb L: 10/107 MS: 2 CopyPart-EraseBytes-
#78231	NEW    cov: 421 ft: 1024 corp: 356/18Kb lim: 113 exec/s: 0 rss: 88Mb L: 54/107 MS: 1 EraseBytes-
#78428	NEW    cov: 421 ft: 1025 corp: 357/18Kb lim: 113 exec/s: 0 rss: 88Mb L: 109/109 MS: 2 ChangeBinInt-CopyPart-
#78460	REDUCE cov: 421 ft: 1025 corp: 357/18Kb lim: 113 exec/s: 0 rss: 88Mb L: 80/109 MS: 2 ShuffleBytes-EraseBytes-
#78494	REDUCE cov: 421 ft: 1025 corp: 357/18Kb lim: 113 exec/s: 0 rss: 88Mb L: 67/109 MS: 4 InsertByte-ChangeByte-PersAutoDict-EraseBytes- DE: "\021\000\000\000\000\000\000\000"-
#78560	REDUCE cov: 421 ft: 1025 corp: 357/18Kb lim: 113 exec/s: 0 rss: 88Mb L: 58/109 MS: 1 EraseBytes-
#78681	NEW    cov: 425 ft: 1029 corp: 358/18Kb lim: 113 exec/s: 0 rss: 89Mb L: 36/109 MS: 1 CopyPart-
#78889	REDUCE cov: 425 ft: 1030 corp: 359/18Kb lim: 113 exec/s: 0 rss: 89Mb L: 106/109 MS: 3 PersAutoDict-CopyPart-CopyPart- DE: "\377\377"-
#79004	REDUCE cov: 425 ft: 1034 corp: 360/18Kb lim: 113 exec/s: 0 rss: 89Mb L: 102/109 MS: 5 ShuffleBytes-ChangeByte-ShuffleBytes-ChangeBit-CopyPart-
#79010	REDUCE cov: 425 ft: 1034 corp: 360/18Kb lim: 113 exec/s: 0 rss: 89Mb L: 26/109 MS: 1 EraseBytes-
#79031	REDUCE cov: 425 ft: 1034 corp: 360/18Kb lim: 113 exec/s: 0 rss: 89Mb L: 16/109 MS: 1 EraseBytes-
#79052	NEW    cov: 425 ft: 1035 corp: 361/18Kb lim: 113 exec/s: 0 rss: 89Mb L: 106/109 MS: 1 InsertRepeatedBytes-
#79108	REDUCE cov: 425 ft: 1035 corp: 361/18Kb lim: 113 exec/s: 0 rss: 89Mb L: 53/109 MS: 1 EraseBytes-
#79119	REDUCE cov: 425 ft: 1035 corp: 361/18Kb lim: 113 exec/s: 0 rss: 89Mb L: 74/109 MS: 1 EraseBytes-
#79188	REDUCE cov: 425 ft: 1035 corp: 361/18Kb lim: 113 exec/s: 0 rss: 89Mb L: 51/109 MS: 4 ShuffleBytes-CMP-ChangeByte-EraseBytes- DE: "\377\002"-
#79205	NEW    cov: 425 ft: 1036 corp: 362/19Kb lim: 113 exec/s: 0 rss: 89Mb L: 38/109 MS: 2 ChangeBinInt-EraseBytes-
#79257	NEW    cov: 426 ft: 1037 corp: 363/19Kb lim: 113 exec/s: 0 rss: 89Mb L: 111/111 MS: 2 CopyPart-CopyPart-
#79528	REDUCE cov: 426 ft: 1037 corp: 363/19Kb lim: 113 exec/s: 0 rss: 89Mb L: 65/111 MS: 1 EraseBytes-
#79676	REDUCE cov: 426 ft: 1037 corp: 363/19Kb lim: 113 exec/s: 0 rss: 89Mb L: 67/111 MS: 3 ChangeASCIIInt-ChangeByte-EraseBytes-
#79870	REDUCE cov: 426 ft: 1037 corp: 363/19Kb lim: 113 exec/s: 0 rss: 89Mb L: 53/111 MS: 4 CMP-PersAutoDict-InsertRepeatedBytes-EraseBytes- DE: "\001\000\000\000"-"\000\000\000\000\000\000\000\023"-
#79931	REDUCE cov: 426 ft: 1037 corp: 363/19Kb lim: 113 exec/s: 0 rss: 89Mb L: 16/111 MS: 1 EraseBytes-
#79999	REDUCE cov: 426 ft: 1037 corp: 363/19Kb lim: 113 exec/s: 0 rss: 89Mb L: 76/111 MS: 3 ChangeByte-CopyPart-EraseBytes-
#80080	REDUCE cov: 432 ft: 1043 corp: 364/19Kb lim: 113 exec/s: 0 rss: 89Mb L: 29/111 MS: 1 EraseBytes-
#80131	REDUCE cov: 432 ft: 1043 corp: 364/19Kb lim: 113 exec/s: 0 rss: 90Mb L: 83/111 MS: 1 EraseBytes-
#80427	REDUCE cov: 432 ft: 1043 corp: 364/19Kb lim: 113 exec/s: 0 rss: 90Mb L: 30/111 MS: 1 EraseBytes-
#80448	REDUCE cov: 432 ft: 1043 corp: 364/19Kb lim: 113 exec/s: 0 rss: 90Mb L: 77/111 MS: 1 EraseBytes-
#80467	REDUCE cov: 432 ft: 1043 corp: 364/19Kb lim: 113 exec/s: 0 rss: 90Mb L: 47/111 MS: 4 ChangeBinInt-ChangeByte-PersAutoDict-EraseBytes- DE: "=\000\000\000\000\000\000\000"-
#80733	REDUCE cov: 432 ft: 1043 corp: 364/19Kb lim: 113 exec/s: 0 rss: 90Mb L: 50/111 MS: 1 EraseBytes-
#80799	REDUCE cov: 432 ft: 1043 corp: 364/19Kb lim: 113 exec/s: 0 rss: 90Mb L: 28/111 MS: 1 EraseBytes-
#80841	REDUCE cov: 432 ft: 1043 corp: 364/19Kb lim: 113 exec/s: 0 rss: 90Mb L: 43/111 MS: 2 ChangeBit-EraseBytes-
#80919	REDUCE cov: 432 ft: 1043 corp: 364/19Kb lim: 113 exec/s: 0 rss: 90Mb L: 33/111 MS: 3 PersAutoDict-CrossOver-EraseBytes- DE: "\000\000"-
#81110	REDUCE cov: 432 ft: 1043 corp: 364/19Kb lim: 113 exec/s: 0 rss: 90Mb L: 70/111 MS: 1 EraseBytes-
#81164	REDUCE cov: 432 ft: 1043 corp: 364/19Kb lim: 113 exec/s: 0 rss: 90Mb L: 67/111 MS: 4 CopyPart-ChangeByte-ChangeBit-EraseBytes-
#81321	REDUCE cov: 432 ft: 1043 corp: 364/19Kb lim: 113 exec/s: 0 rss: 90Mb L: 47/111 MS: 2 PersAutoDict-EraseBytes- DE: "\021\000\000\000\000\000\000\000"-
#81362	NEW    cov: 432 ft: 1044 corp: 365/19Kb lim: 113 exec/s: 0 rss: 90Mb L: 81/111 MS: 1 EraseBytes-
#81528	REDUCE cov: 432 ft: 1044 corp: 365/19Kb lim: 113 exec/s: 0 rss: 90Mb L: 42/111 MS: 1 EraseBytes-
#81754	REDUCE cov: 432 ft: 1044 corp: 365/19Kb lim: 113 exec/s: 0 rss: 91Mb L: 44/111 MS: 1 EraseBytes-
#81920	REDUCE cov: 432 ft: 1044 corp: 365/19Kb lim: 113 exec/s: 0 rss: 91Mb L: 51/111 MS: 1 EraseBytes-
#81947	REDUCE cov: 432 ft: 1044 corp: 365/19Kb lim: 113 exec/s: 0 rss: 91Mb L: 51/111 MS: 2 CopyPart-CrossOver-
#82067	NEW    cov: 432 ft: 1045 corp: 366/19Kb lim: 113 exec/s: 0 rss: 91Mb L: 113/113 MS: 5 CopyPart-CopyPart-InsertRepeatedBytes-CopyPart-InsertByte-
#82133	REDUCE cov: 432 ft: 1045 corp: 366/19Kb lim: 113 exec/s: 0 rss: 91Mb L: 61/113 MS: 1 CrossOver-
#82419	REDUCE cov: 432 ft: 1045 corp: 366/19Kb lim: 113 exec/s: 0 rss: 91Mb L: 21/113 MS: 1 EraseBytes-
#82511	REDUCE cov: 432 ft: 1045 corp: 366/19Kb lim: 113 exec/s: 0 rss: 91Mb L: 54/113 MS: 2 ChangeBit-EraseBytes-
#82552	REDUCE cov: 432 ft: 1045 corp: 366/19Kb lim: 113 exec/s: 0 rss: 91Mb L: 39/113 MS: 1 EraseBytes-
#82959	REDUCE cov: 432 ft: 1045 corp: 366/19Kb lim: 113 exec/s: 0 rss: 91Mb L: 63/109 MS: 2 ShuffleBytes-EraseBytes-
#83110	REDUCE cov: 432 ft: 1045 corp: 366/19Kb lim: 113 exec/s: 0 rss: 91Mb L: 51/109 MS: 1 EraseBytes-
#83187	REDUCE cov: 432 ft: 1049 corp: 367/19Kb lim: 113 exec/s: 0 rss: 91Mb L: 108/109 MS: 2 CopyPart-CopyPart-
#83298	REDUCE cov: 432 ft: 1049 corp: 367/19Kb lim: 113 exec/s: 0 rss: 91Mb L: 69/109 MS: 1 EraseBytes-
#84360	REDUCE cov: 432 ft: 1049 corp: 367/19Kb lim: 119 exec/s: 0 rss: 92Mb L: 84/109 MS: 2 ChangeBinInt-EraseBytes-
#84401	REDUCE cov: 432 ft: 1049 corp: 367/19Kb lim: 119 exec/s: 0 rss: 92Mb L: 30/109 MS: 1 EraseBytes-
#84488	REDUCE cov: 432 ft: 1049 corp: 367/19Kb lim: 119 exec/s: 0 rss: 92Mb L: 57/109 MS: 2 CopyPart-EraseBytes-
#84635	REDUCE cov: 432 ft: 1050 corp: 368/19Kb lim: 119 exec/s: 0 rss: 92Mb L: 67/109 MS: 2 ChangeByte-PersAutoDict- DE: "\002\000\000\000"-
#85208	REDUCE cov: 432 ft: 1050 corp: 368/19Kb lim: 119 exec/s: 0 rss: 92Mb L: 8/109 MS: 3 ChangeASCIIInt-ChangeBit-EraseBytes-
#85294	REDUCE cov: 432 ft: 1050 corp: 368/19Kb lim: 119 exec/s: 0 rss: 92Mb L: 65/109 MS: 1 EraseBytes-
#85353	REDUCE cov: 432 ft: 1050 corp: 368/19Kb lim: 119 exec/s: 0 rss: 92Mb L: 48/109 MS: 4 ShuffleBytes-ShuffleBytes-PersAutoDict-EraseBytes- DE: "\001\000\000\000\000\000 \000"-
#85589	REDUCE cov: 432 ft: 1050 corp: 368/19Kb lim: 119 exec/s: 0 rss: 92Mb L: 70/109 MS: 1 EraseBytes-
#86535	REDUCE cov: 432 ft: 1050 corp: 368/19Kb lim: 125 exec/s: 0 rss: 93Mb L: 29/109 MS: 1 EraseBytes-
#86631	REDUCE cov: 432 ft: 1050 corp: 368/19Kb lim: 125 exec/s: 0 rss: 93Mb L: 27/109 MS: 1 EraseBytes-
#86707	REDUCE cov: 432 ft: 1050 corp: 368/19Kb lim: 125 exec/s: 0 rss: 93Mb L: 97/108 MS: 1 EraseBytes-
#86754	REDUCE cov: 432 ft: 1051 corp: 369/19Kb lim: 125 exec/s: 0 rss: 93Mb L: 118/118 MS: 2 CrossOver-CopyPart-
#86990	NEW    cov: 432 ft: 1053 corp: 370/19Kb lim: 125 exec/s: 0 rss: 93Mb L: 118/118 MS: 1 CopyPart-
#87216	REDUCE cov: 432 ft: 1053 corp: 370/19Kb lim: 125 exec/s: 0 rss: 93Mb L: 70/118 MS: 1 EraseBytes-
#87277	REDUCE cov: 432 ft: 1053 corp: 370/19Kb lim: 125 exec/s: 0 rss: 93Mb L: 49/118 MS: 1 EraseBytes-
#87289	REDUCE cov: 432 ft: 1053 corp: 370/19Kb lim: 125 exec/s: 0 rss: 93Mb L: 66/118 MS: 2 PersAutoDict-EraseBytes- DE: "\377\377\377\377"-
#87315	REDUCE cov: 432 ft: 1053 corp: 370/19Kb lim: 125 exec/s: 0 rss: 93Mb L: 48/118 MS: 1 EraseBytes-
#87471	REDUCE cov: 432 ft: 1053 corp: 370/19Kb lim: 125 exec/s: 0 rss: 93Mb L: 29/118 MS: 1 EraseBytes-
#87627	REDUCE cov: 432 ft: 1053 corp: 370/19Kb lim: 125 exec/s: 0 rss: 93Mb L: 52/118 MS: 1 EraseBytes-
#87683	REDUCE cov: 432 ft: 1053 corp: 370/19Kb lim: 125 exec/s: 0 rss: 93Mb L: 26/118 MS: 1 EraseBytes-
#87710	REDUCE cov: 432 ft: 1053 corp: 370/19Kb lim: 125 exec/s: 0 rss: 93Mb L: 33/118 MS: 2 ChangeASCIIInt-EraseBytes-
#87756	REDUCE cov: 432 ft: 1053 corp: 370/19Kb lim: 125 exec/s: 0 rss: 94Mb L: 20/118 MS: 1 EraseBytes-
#87967	REDUCE cov: 433 ft: 1054 corp: 371/19Kb lim: 125 exec/s: 0 rss: 94Mb L: 86/118 MS: 1 CrossOver-
#88123	REDUCE cov: 433 ft: 1054 corp: 371/19Kb lim: 125 exec/s: 0 rss: 94Mb L: 50/118 MS: 1 EraseBytes-
#88246	REDUCE cov: 433 ft: 1054 corp: 371/19Kb lim: 125 exec/s: 0 rss: 94Mb L: 86/118 MS: 3 CopyPart-ChangeByte-EraseBytes-
#88292	REDUCE cov: 433 ft: 1055 corp: 372/19Kb lim: 125 exec/s: 0 rss: 94Mb L: 118/118 MS: 1 InsertRepeatedBytes-
#88298	REDUCE cov: 433 ft: 1055 corp: 372/19Kb lim: 125 exec/s: 0 rss: 94Mb L: 61/118 MS: 1 EraseBytes-
#88724	REDUCE cov: 433 ft: 1055 corp: 372/19Kb lim: 125 exec/s: 0 rss: 94Mb L: 76/118 MS: 1 EraseBytes-
#88935	REDUCE cov: 433 ft: 1055 corp: 372/19Kb lim: 125 exec/s: 0 rss: 94Mb L: 75/118 MS: 1 EraseBytes-
#89636	REDUCE cov: 433 ft: 1055 corp: 372/19Kb lim: 131 exec/s: 0 rss: 94Mb L: 69/118 MS: 1 EraseBytes-
#89847	REDUCE cov: 433 ft: 1056 corp: 373/19Kb lim: 131 exec/s: 0 rss: 94Mb L: 118/118 MS: 1 InsertRepeatedBytes-
#89974	NEW    cov: 434 ft: 1065 corp: 374/19Kb lim: 131 exec/s: 0 rss: 94Mb L: 125/125 MS: 2 InsertRepeatedBytes-CrossOver-
#90383	REDUCE cov: 434 ft: 1065 corp: 374/19Kb lim: 131 exec/s: 0 rss: 95Mb L: 12/125 MS: 4 CMP-ShuffleBytes-ChangeBit-EraseBytes- DE: "\001\000\000\000\000\000\000\003"-
#90593	REDUCE cov: 434 ft: 1066 corp: 375/19Kb lim: 131 exec/s: 0 rss: 95Mb L: 129/129 MS: 5 InsertRepeatedBytes-ChangeByte-ChangeBit-ChangeBinInt-InsertRepeatedBytes-
#90699	REDUCE cov: 434 ft: 1066 corp: 375/19Kb lim: 131 exec/s: 0 rss: 95Mb L: 27/129 MS: 1 CrossOver-
#90785	REDUCE cov: 434 ft: 1066 corp: 375/19Kb lim: 131 exec/s: 0 rss: 95Mb L: 13/129 MS: 1 EraseBytes-
#90806	REDUCE cov: 434 ft: 1066 corp: 375/19Kb lim: 131 exec/s: 0 rss: 95Mb L: 46/129 MS: 1 EraseBytes-
#91552	REDUCE cov: 434 ft: 1066 corp: 375/19Kb lim: 138 exec/s: 0 rss: 95Mb L: 52/129 MS: 1 EraseBytes-
#91773	REDUCE cov: 434 ft: 1069 corp: 376/19Kb lim: 138 exec/s: 0 rss: 95Mb L: 129/129 MS: 1 InsertRepeatedBytes-
#91960	REDUCE cov: 434 ft: 1072 corp: 377/20Kb lim: 138 exec/s: 0 rss: 95Mb L: 135/135 MS: 2 ChangeBinInt-InsertRepeatedBytes-
#92276	REDUCE cov: 434 ft: 1072 corp: 377/20Kb lim: 138 exec/s: 0 rss: 95Mb L: 37/135 MS: 1 EraseBytes-
#92278	REDUCE cov: 434 ft: 1072 corp: 377/20Kb lim: 138 exec/s: 0 rss: 95Mb L: 66/135 MS: 2 ShuffleBytes-EraseBytes-
#92679	REDUCE cov: 434 ft: 1072 corp: 377/20Kb lim: 138 exec/s: 0 rss: 96Mb L: 90/135 MS: 1 EraseBytes-
#92950	REDUCE cov: 434 ft: 1072 corp: 377/20Kb lim: 138 exec/s: 0 rss: 96Mb L: 45/135 MS: 1 EraseBytes-
#92968	REDUCE cov: 434 ft: 1072 corp: 377/20Kb lim: 138 exec/s: 0 rss: 96Mb L: 40/135 MS: 3 ChangeByte-ShuffleBytes-EraseBytes-
#92974	REDUCE cov: 434 ft: 1072 corp: 377/20Kb lim: 138 exec/s: 0 rss: 96Mb L: 17/135 MS: 1 EraseBytes-
#92982	REDUCE cov: 434 ft: 1074 corp: 378/20Kb lim: 138 exec/s: 0 rss: 96Mb L: 136/136 MS: 3 InsertRepeatedBytes-EraseBytes-CopyPart-
#93313	REDUCE cov: 434 ft: 1074 corp: 378/20Kb lim: 138 exec/s: 0 rss: 96Mb L: 42/136 MS: 1 EraseBytes-
#93450	NEW    cov: 434 ft: 1075 corp: 379/20Kb lim: 138 exec/s: 0 rss: 96Mb L: 129/136 MS: 2 ChangeBit-CopyPart-
#93527	REDUCE cov: 434 ft: 1075 corp: 379/20Kb lim: 138 exec/s: 0 rss: 96Mb L: 50/136 MS: 2 PersAutoDict-EraseBytes- DE: "\001\000\000\000\000\000\000/"-
#93749	NEW    cov: 434 ft: 1076 corp: 380/20Kb lim: 138 exec/s: 0 rss: 96Mb L: 108/136 MS: 2 InsertByte-ChangeBit-
#93805	NEW    cov: 434 ft: 1077 corp: 381/20Kb lim: 138 exec/s: 0 rss: 96Mb L: 130/136 MS: 1 InsertRepeatedBytes-
#93931	REDUCE cov: 434 ft: 1077 corp: 381/20Kb lim: 138 exec/s: 0 rss: 96Mb L: 27/136 MS: 1 EraseBytes-
#94053	REDUCE cov: 434 ft: 1077 corp: 381/20Kb lim: 138 exec/s: 0 rss: 96Mb L: 72/136 MS: 2 InsertByte-EraseBytes-
#94100	REDUCE cov: 434 ft: 1077 corp: 381/20Kb lim: 138 exec/s: 0 rss: 97Mb L: 40/136 MS: 2 ChangeByte-EraseBytes-
#94201	REDUCE cov: 434 ft: 1078 corp: 382/20Kb lim: 138 exec/s: 0 rss: 97Mb L: 134/136 MS: 1 InsertRepeatedBytes-
#94267	REDUCE cov: 434 ft: 1078 corp: 382/20Kb lim: 138 exec/s: 0 rss: 97Mb L: 27/136 MS: 1 EraseBytes-
#94463	REDUCE cov: 434 ft: 1078 corp: 382/20Kb lim: 138 exec/s: 0 rss: 97Mb L: 65/136 MS: 1 EraseBytes-
#94565	NEW    cov: 434 ft: 1079 corp: 383/20Kb lim: 138 exec/s: 0 rss: 97Mb L: 85/136 MS: 2 ChangeASCIIInt-ChangeBinInt-
#94711	REDUCE cov: 434 ft: 1079 corp: 383/20Kb lim: 138 exec/s: 0 rss: 97Mb L: 48/136 MS: 1 EraseBytes-
#94782	REDUCE cov: 434 ft: 1079 corp: 383/20Kb lim: 138 exec/s: 0 rss: 97Mb L: 89/136 MS: 1 EraseBytes-
#94803	REDUCE cov: 434 ft: 1079 corp: 383/20Kb lim: 138 exec/s: 0 rss: 97Mb L: 85/136 MS: 1 EraseBytes-
#94870	REDUCE cov: 434 ft: 1079 corp: 383/20Kb lim: 138 exec/s: 0 rss: 97Mb L: 9/136 MS: 2 EraseBytes-CopyPart-
#95025	REDUCE cov: 434 ft: 1079 corp: 383/20Kb lim: 138 exec/s: 0 rss: 97Mb L: 51/136 MS: 5 ChangeBit-ShuffleBytes-ChangeBinInt-PersAutoDict-EraseBytes- DE: "\377\002"-
#95297	REDUCE cov: 434 ft: 1080 corp: 384/20Kb lim: 138 exec/s: 0 rss: 97Mb L: 58/136 MS: 2 ShuffleBytes-ChangeBit-
#95609	REDUCE cov: 434 ft: 1080 corp: 384/20Kb lim: 138 exec/s: 0 rss: 97Mb L: 9/136 MS: 2 ShuffleBytes-EraseBytes-
#95831	REDUCE cov: 434 ft: 1080 corp: 384/20Kb lim: 138 exec/s: 0 rss: 97Mb L: 36/136 MS: 2 ChangeBinInt-EraseBytes-
#95917	REDUCE cov: 434 ft: 1080 corp: 384/20Kb lim: 138 exec/s: 0 rss: 97Mb L: 44/136 MS: 1 EraseBytes-
#96019	REDUCE cov: 434 ft: 1080 corp: 384/20Kb lim: 138 exec/s: 0 rss: 98Mb L: 85/136 MS: 2 ChangeBinInt-EraseBytes-
#96090	NEW    cov: 434 ft: 1081 corp: 385/20Kb lim: 138 exec/s: 0 rss: 98Mb L: 75/136 MS: 1 CopyPart-
#96249	REDUCE cov: 434 ft: 1081 corp: 385/20Kb lim: 138 exec/s: 0 rss: 98Mb L: 21/136 MS: 4 ShuffleBytes-CopyPart-InsertByte-EraseBytes-
#96630	REDUCE cov: 434 ft: 1081 corp: 385/20Kb lim: 138 exec/s: 0 rss: 98Mb L: 51/136 MS: 1 EraseBytes-
#96661	REDUCE cov: 434 ft: 1083 corp: 386/20Kb lim: 138 exec/s: 0 rss: 98Mb L: 113/136 MS: 1 CopyPart-
#97072	REDUCE cov: 434 ft: 1083 corp: 386/20Kb lim: 138 exec/s: 0 rss: 98Mb L: 51/136 MS: 1 EraseBytes-
#97948	REDUCE cov: 434 ft: 1083 corp: 386/20Kb lim: 145 exec/s: 0 rss: 98Mb L: 73/136 MS: 1 EraseBytes-
#98084	REDUCE cov: 434 ft: 1083 corp: 386/20Kb lim: 145 exec/s: 0 rss: 98Mb L: 77/136 MS: 1 EraseBytes-
#98387	REDUCE cov: 434 ft: 1083 corp: 386/20Kb lim: 145 exec/s: 0 rss: 98Mb L: 47/136 MS: 3 ShuffleBytes-CMP-EraseBytes- DE: "\377\377\377\377"-
#98410	REDUCE cov: 434 ft: 1083 corp: 386/20Kb lim: 145 exec/s: 0 rss: 99Mb L: 27/136 MS: 3 InsertByte-InsertByte-EraseBytes-
#98461	REDUCE cov: 434 ft: 1083 corp: 386/20Kb lim: 145 exec/s: 0 rss: 99Mb L: 58/136 MS: 1 EraseBytes-
#98576	REDUCE cov: 437 ft: 1086 corp: 387/20Kb lim: 145 exec/s: 0 rss: 99Mb L: 91/136 MS: 5 ShuffleBytes-CopyPart-ChangeByte-PersAutoDict-CrossOver- DE: "\377\377\377\377\377\377\377\377"-
#98742	REDUCE cov: 437 ft: 1086 corp: 387/20Kb lim: 145 exec/s: 0 rss: 99Mb L: 33/136 MS: 1 EraseBytes-
#98778	REDUCE cov: 437 ft: 1086 corp: 387/20Kb lim: 145 exec/s: 0 rss: 99Mb L: 2/136 MS: 1 EraseBytes-
#98843	NEW    cov: 437 ft: 1088 corp: 388/21Kb lim: 145 exec/s: 0 rss: 99Mb L: 138/138 MS: 5 InsertRepeatedBytes-ChangeBinInt-InsertByte-ShuffleBytes-CopyPart-
#98916	REDUCE cov: 437 ft: 1088 corp: 388/21Kb lim: 145 exec/s: 0 rss: 99Mb L: 86/138 MS: 3 PersAutoDict-InsertRepeatedBytes-EraseBytes- DE: "\001\000"-
#99157	REDUCE cov: 437 ft: 1088 corp: 388/21Kb lim: 145 exec/s: 0 rss: 99Mb L: 46/138 MS: 1 EraseBytes-
#99318	NEW    cov: 437 ft: 1093 corp: 389/21Kb lim: 145 exec/s: 0 rss: 99Mb L: 130/138 MS: 1 CopyPart-
#99879	NEW    cov: 437 ft: 1094 corp: 390/21Kb lim: 145 exec/s: 0 rss: 99Mb L: 102/138 MS: 1 InsertRepeatedBytes-
#99960	REDUCE cov: 437 ft: 1094 corp: 390/21Kb lim: 145 exec/s: 0 rss: 99Mb L: 55/138 MS: 1 EraseBytes-
#99966	REDUCE cov: 437 ft: 1094 corp: 390/21Kb lim: 145 exec/s: 0 rss: 99Mb L: 46/138 MS: 1 EraseBytes-
#100107	REDUCE cov: 437 ft: 1094 corp: 390/21Kb lim: 145 exec/s: 0 rss: 100Mb L: 25/138 MS: 1 EraseBytes-
#100168	REDUCE cov: 437 ft: 1094 corp: 390/21Kb lim: 145 exec/s: 0 rss: 100Mb L: 39/138 MS: 1 EraseBytes-
#100459	REDUCE cov: 437 ft: 1094 corp: 390/21Kb lim: 145 exec/s: 0 rss: 100Mb L: 53/138 MS: 1 EraseBytes-
#100815	REDUCE cov: 437 ft: 1094 corp: 390/21Kb lim: 145 exec/s: 0 rss: 100Mb L: 57/138 MS: 1 EraseBytes-
#100921	REDUCE cov: 437 ft: 1094 corp: 390/21Kb lim: 145 exec/s: 0 rss: 100Mb L: 24/138 MS: 1 EraseBytes-
#101032	NEW    cov: 437 ft: 1095 corp: 391/21Kb lim: 145 exec/s: 0 rss: 100Mb L: 131/138 MS: 1 CopyPart-
#101338	REDUCE cov: 437 ft: 1095 corp: 391/21Kb lim: 145 exec/s: 0 rss: 100Mb L: 26/138 MS: 1 EraseBytes-
#101644	REDUCE cov: 437 ft: 1095 corp: 391/21Kb lim: 145 exec/s: 0 rss: 100Mb L: 41/138 MS: 1 EraseBytes-
#101910	REDUCE cov: 437 ft: 1095 corp: 391/21Kb lim: 145 exec/s: 0 rss: 100Mb L: 48/138 MS: 1 EraseBytes-
#102118	REDUCE cov: 437 ft: 1095 corp: 391/21Kb lim: 145 exec/s: 0 rss: 100Mb L: 25/138 MS: 3 PersAutoDict-ChangeBit-EraseBytes- DE: "\001\000\000\000\000\000\177\357"-
#102174	REDUCE cov: 437 ft: 1095 corp: 391/21Kb lim: 145 exec/s: 0 rss: 101Mb L: 25/138 MS: 1 EraseBytes-
#102542	REDUCE cov: 437 ft: 1095 corp: 391/21Kb lim: 145 exec/s: 0 rss: 101Mb L: 78/138 MS: 3 ChangeASCIIInt-ChangeASCIIInt-EraseBytes-
#102593	REDUCE cov: 437 ft: 1095 corp: 391/21Kb lim: 145 exec/s: 0 rss: 101Mb L: 82/138 MS: 1 EraseBytes-
#102735	REDUCE cov: 439 ft: 1097 corp: 392/21Kb lim: 145 exec/s: 0 rss: 101Mb L: 88/138 MS: 2 CopyPart-InsertByte-
#103191	NEW    cov: 440 ft: 1098 corp: 393/21Kb lim: 145 exec/s: 0 rss: 101Mb L: 39/138 MS: 1 CrossOver-
#103299	REDUCE cov: 440 ft: 1098 corp: 393/21Kb lim: 145 exec/s: 0 rss: 101Mb L: 28/138 MS: 3 ChangeBinInt-ChangeBit-EraseBytes-
#103830	REDUCE cov: 440 ft: 1098 corp: 393/21Kb lim: 145 exec/s: 0 rss: 101Mb L: 51/138 MS: 1 EraseBytes-
#103851	REDUCE cov: 440 ft: 1098 corp: 393/21Kb lim: 145 exec/s: 0 rss: 101Mb L: 32/138 MS: 1 EraseBytes-
#103852	REDUCE cov: 440 ft: 1098 corp: 393/21Kb lim: 145 exec/s: 0 rss: 101Mb L: 16/138 MS: 1 EraseBytes-
#103998	REDUCE cov: 440 ft: 1098 corp: 393/21Kb lim: 145 exec/s: 0 rss: 101Mb L: 64/138 MS: 1 EraseBytes-
#104346	REDUCE cov: 440 ft: 1098 corp: 393/21Kb lim: 145 exec/s: 0 rss: 101Mb L: 105/138 MS: 3 PersAutoDict-ChangeByte-EraseBytes- DE: "\005\000\000\000\000\000\000\000"-
#104463	REDUCE cov: 440 ft: 1098 corp: 393/21Kb lim: 145 exec/s: 0 rss: 101Mb L: 51/138 MS: 2 CopyPart-EraseBytes-
#104529	REDUCE cov: 440 ft: 1098 corp: 393/21Kb lim: 145 exec/s: 0 rss: 102Mb L: 43/138 MS: 1 EraseBytes-
#104797	REDUCE cov: 440 ft: 1098 corp: 393/21Kb lim: 145 exec/s: 0 rss: 102Mb L: 93/138 MS: 3 ChangeASCIIInt-CrossOver-EraseBytes-
#104813	REDUCE cov: 440 ft: 1098 corp: 393/21Kb lim: 145 exec/s: 0 rss: 102Mb L: 10/138 MS: 1 EraseBytes-
#104966	REDUCE cov: 440 ft: 1098 corp: 393/21Kb lim: 145 exec/s: 0 rss: 102Mb L: 84/138 MS: 3 ChangeBinInt-ChangeByte-EraseBytes-
#104973	REDUCE cov: 440 ft: 1098 corp: 393/21Kb lim: 145 exec/s: 0 rss: 102Mb L: 32/138 MS: 2 ChangeASCIIInt-EraseBytes-
#104989	REDUCE cov: 440 ft: 1098 corp: 393/21Kb lim: 145 exec/s: 0 rss: 102Mb L: 126/138 MS: 1 EraseBytes-
#105331	REDUCE cov: 440 ft: 1098 corp: 393/21Kb lim: 145 exec/s: 0 rss: 102Mb L: 44/138 MS: 2 ShuffleBytes-EraseBytes-
#105392	REDUCE cov: 440 ft: 1098 corp: 393/21Kb lim: 145 exec/s: 0 rss: 102Mb L: 69/138 MS: 1 EraseBytes-
#105518	REDUCE cov: 440 ft: 1098 corp: 393/21Kb lim: 145 exec/s: 0 rss: 102Mb L: 53/138 MS: 1 EraseBytes-
#105674	REDUCE cov: 440 ft: 1098 corp: 393/21Kb lim: 145 exec/s: 0 rss: 102Mb L: 46/138 MS: 1 EraseBytes-
#105695	REDUCE cov: 440 ft: 1098 corp: 393/21Kb lim: 145 exec/s: 0 rss: 102Mb L: 59/138 MS: 1 EraseBytes-
#106002	NEW    cov: 440 ft: 1107 corp: 394/21Kb lim: 145 exec/s: 0 rss: 102Mb L: 131/138 MS: 2 CopyPart-ChangeByte-
#106448	REDUCE cov: 440 ft: 1107 corp: 394/21Kb lim: 145 exec/s: 0 rss: 103Mb L: 89/138 MS: 1 EraseBytes-
#106581	REDUCE cov: 440 ft: 1107 corp: 394/21Kb lim: 145 exec/s: 0 rss: 103Mb L: 27/138 MS: 3 ChangeByte-ChangeASCIIInt-EraseBytes-
#108072	REDUCE cov: 440 ft: 1107 corp: 394/21Kb lim: 159 exec/s: 0 rss: 103Mb L: 47/138 MS: 1 EraseBytes-
#108273	REDUCE cov: 440 ft: 1107 corp: 394/21Kb lim: 159 exec/s: 0 rss: 103Mb L: 58/138 MS: 1 EraseBytes-
#108839	REDUCE cov: 440 ft: 1107 corp: 394/21Kb lim: 159 exec/s: 0 rss: 103Mb L: 19/138 MS: 1 EraseBytes-
#109001	REDUCE cov: 440 ft: 1107 corp: 394/21Kb lim: 159 exec/s: 0 rss: 104Mb L: 46/138 MS: 2 CopyPart-EraseBytes-
#109242	REDUCE cov: 440 ft: 1107 corp: 394/21Kb lim: 159 exec/s: 0 rss: 104Mb L: 62/138 MS: 1 EraseBytes-
#109293	REDUCE cov: 440 ft: 1107 corp: 394/21Kb lim: 159 exec/s: 0 rss: 104Mb L: 69/138 MS: 1 EraseBytes-
#109399	REDUCE cov: 440 ft: 1107 corp: 394/21Kb lim: 159 exec/s: 0 rss: 104Mb L: 29/138 MS: 1 EraseBytes-
#109461	REDUCE cov: 440 ft: 1107 corp: 394/21Kb lim: 159 exec/s: 0 rss: 104Mb L: 12/138 MS: 2 PersAutoDict-EraseBytes- DE: "\377\002"-
#109749	NEW    cov: 440 ft: 1108 corp: 395/21Kb lim: 159 exec/s: 0 rss: 104Mb L: 114/138 MS: 3 InsertByte-ChangeASCIIInt-CopyPart-
#109757	REDUCE cov: 440 ft: 1108 corp: 395/21Kb lim: 159 exec/s: 0 rss: 104Mb L: 23/138 MS: 3 ShuffleBytes-ShuffleBytes-EraseBytes-
#109868	REDUCE cov: 440 ft: 1108 corp: 395/21Kb lim: 159 exec/s: 0 rss: 104Mb L: 49/138 MS: 1 EraseBytes-
#110084	REDUCE cov: 440 ft: 1108 corp: 395/21Kb lim: 159 exec/s: 0 rss: 104Mb L: 59/138 MS: 1 EraseBytes-
#110107	REDUCE cov: 440 ft: 1108 corp: 395/21Kb lim: 159 exec/s: 0 rss: 104Mb L: 6/138 MS: 3 ChangeBit-CopyPart-EraseBytes-
#110354	REDUCE cov: 440 ft: 1108 corp: 395/21Kb lim: 159 exec/s: 0 rss: 104Mb L: 56/138 MS: 2 ShuffleBytes-EraseBytes-
#110400	REDUCE cov: 440 ft: 1108 corp: 395/21Kb lim: 159 exec/s: 0 rss: 104Mb L: 64/138 MS: 1 EraseBytes-
#110461	REDUCE cov: 440 ft: 1108 corp: 395/21Kb lim: 159 exec/s: 0 rss: 104Mb L: 19/138 MS: 1 EraseBytes-
#110603	REDUCE cov: 440 ft: 1108 corp: 395/21Kb lim: 159 exec/s: 0 rss: 104Mb L: 27/138 MS: 2 ChangeByte-EraseBytes-
#111224	REDUCE cov: 440 ft: 1108 corp: 395/21Kb lim: 159 exec/s: 0 rss: 105Mb L: 75/138 MS: 1 EraseBytes-
#111730	NEW    cov: 440 ft: 1109 corp: 396/21Kb lim: 159 exec/s: 0 rss: 105Mb L: 143/143 MS: 1 InsertRepeatedBytes-
#111751	REDUCE cov: 443 ft: 1112 corp: 397/21Kb lim: 159 exec/s: 0 rss: 105Mb L: 40/143 MS: 1 InsertByte-
#111916	REDUCE cov: 443 ft: 1112 corp: 397/21Kb lim: 159 exec/s: 0 rss: 105Mb L: 62/143 MS: 5 ChangeBinInt-ChangeASCIIInt-ChangeBit-ChangeASCIIInt-EraseBytes-
#112087	NEW    cov: 443 ft: 1114 corp: 398/21Kb lim: 159 exec/s: 0 rss: 105Mb L: 150/150 MS: 1 CrossOver-
#112103	REDUCE cov: 443 ft: 1114 corp: 398/21Kb lim: 159 exec/s: 0 rss: 105Mb L: 61/150 MS: 1 EraseBytes-
#112284	REDUCE cov: 443 ft: 1114 corp: 398/21Kb lim: 159 exec/s: 0 rss: 105Mb L: 62/150 MS: 1 EraseBytes-
#112503	NEW    cov: 444 ft: 1116 corp: 399/21Kb lim: 159 exec/s: 0 rss: 105Mb L: 79/150 MS: 4 PersAutoDict-CMP-InsertByte-EraseBytes- DE: "\023\000\000\000\000\000\000\000"-"\001\000\000\000"-
#112596	REDUCE cov: 444 ft: 1116 corp: 399/21Kb lim: 159 exec/s: 0 rss: 105Mb L: 52/150 MS: 3 ChangeBinInt-ChangeByte-EraseBytes-
#112979	REDUCE cov: 444 ft: 1118 corp: 400/21Kb lim: 159 exec/s: 0 rss: 106Mb L: 145/150 MS: 3 ChangeByte-CrossOver-InsertRepeatedBytes-
#113030	REDUCE cov: 444 ft: 1118 corp: 400/21Kb lim: 159 exec/s: 0 rss: 106Mb L: 35/150 MS: 1 EraseBytes-
#113156	REDUCE cov: 444 ft: 1118 corp: 400/21Kb lim: 159 exec/s: 0 rss: 106Mb L: 27/150 MS: 1 EraseBytes-
#113173	REDUCE cov: 444 ft: 1118 corp: 400/21Kb lim: 159 exec/s: 0 rss: 106Mb L: 24/150 MS: 2 CopyPart-EraseBytes-
#113295	REDUCE cov: 444 ft: 1118 corp: 400/21Kb lim: 159 exec/s: 0 rss: 106Mb L: 81/150 MS: 2 ChangeASCIIInt-EraseBytes-
#113571	REDUCE cov: 444 ft: 1118 corp: 400/21Kb lim: 159 exec/s: 0 rss: 106Mb L: 89/150 MS: 1 CrossOver-
#113586	REDUCE cov: 444 ft: 1118 corp: 400/21Kb lim: 159 exec/s: 0 rss: 106Mb L: 71/150 MS: 5 CopyPart-ChangeBit-InsertByte-ChangeByte-EraseBytes-
#113617	NEW    cov: 445 ft: 1119 corp: 401/22Kb lim: 159 exec/s: 0 rss: 106Mb L: 86/150 MS: 1 InsertRepeatedBytes-
#114058	REDUCE cov: 445 ft: 1119 corp: 401/22Kb lim: 159 exec/s: 0 rss: 106Mb L: 44/150 MS: 1 EraseBytes-
#114115	NEW    cov: 445 ft: 1129 corp: 402/22Kb lim: 159 exec/s: 0 rss: 106Mb L: 146/150 MS: 2 ShuffleBytes-InsertRepeatedBytes-
#114399	NEW    cov: 445 ft: 1130 corp: 403/22Kb lim: 159 exec/s: 0 rss: 106Mb L: 71/150 MS: 4 ChangeBit-InsertByte-CrossOver-EraseBytes-
#115075	REDUCE cov: 445 ft: 1130 corp: 403/22Kb lim: 159 exec/s: 0 rss: 107Mb L: 107/146 MS: 1 EraseBytes-
#115481	REDUCE cov: 445 ft: 1130 corp: 403/22Kb lim: 159 exec/s: 0 rss: 107Mb L: 48/146 MS: 1 EraseBytes-
#115557	REDUCE cov: 445 ft: 1130 corp: 403/22Kb lim: 159 exec/s: 0 rss: 107Mb L: 90/146 MS: 1 EraseBytes-
#115743	REDUCE cov: 445 ft: 1130 corp: 403/22Kb lim: 159 exec/s: 0 rss: 107Mb L: 43/146 MS: 1 EraseBytes-
#116115	REDUCE cov: 445 ft: 1130 corp: 403/22Kb lim: 159 exec/s: 0 rss: 107Mb L: 67/146 MS: 2 CopyPart-EraseBytes-
#116241	REDUCE cov: 445 ft: 1130 corp: 403/22Kb lim: 159 exec/s: 0 rss: 107Mb L: 73/146 MS: 1 EraseBytes-
#116351	NEW    cov: 445 ft: 1131 corp: 404/22Kb lim: 159 exec/s: 0 rss: 107Mb L: 102/146 MS: 5 InsertByte-ChangeByte-ChangeBinInt-ChangeBit-PersAutoDict- DE: "\000\000\000\000\000\000\000\000"-
#116643	REDUCE cov: 445 ft: 1131 corp: 404/22Kb lim: 159 exec/s: 0 rss: 107Mb L: 66/146 MS: 2 ChangeBinInt-EraseBytes-
#116764	REDUCE cov: 445 ft: 1131 corp: 404/22Kb lim: 159 exec/s: 0 rss: 107Mb L: 61/146 MS: 1 EraseBytes-
#116905	REDUCE cov: 445 ft: 1131 corp: 404/22Kb lim: 159 exec/s: 0 rss: 107Mb L: 38/146 MS: 1 EraseBytes-
#117076	REDUCE cov: 445 ft: 1131 corp: 404/22Kb lim: 159 exec/s: 0 rss: 107Mb L: 62/146 MS: 1 EraseBytes-
#117347	REDUCE cov: 445 ft: 1131 corp: 404/22Kb lim: 159 exec/s: 0 rss: 108Mb L: 34/146 MS: 1 EraseBytes-
#117429	REDUCE cov: 445 ft: 1131 corp: 404/22Kb lim: 159 exec/s: 0 rss: 108Mb L: 42/146 MS: 2 ShuffleBytes-EraseBytes-
#118000	REDUCE cov: 445 ft: 1131 corp: 404/22Kb lim: 159 exec/s: 0 rss: 108Mb L: 85/146 MS: 1 EraseBytes-
#118186	REDUCE cov: 445 ft: 1131 corp: 404/22Kb lim: 159 exec/s: 0 rss: 108Mb L: 57/146 MS: 1 EraseBytes-
#118535	REDUCE cov: 445 ft: 1131 corp: 404/22Kb lim: 159 exec/s: 0 rss: 108Mb L: 67/146 MS: 4 ChangeASCIIInt-ChangeBinInt-InsertRepeatedBytes-EraseBytes-
#118546	REDUCE cov: 445 ft: 1131 corp: 404/22Kb lim: 159 exec/s: 0 rss: 108Mb L: 41/146 MS: 1 EraseBytes-
#118567	REDUCE cov: 445 ft: 1131 corp: 404/22Kb lim: 159 exec/s: 0 rss: 108Mb L: 18/146 MS: 1 EraseBytes-
#118918	REDUCE cov: 445 ft: 1132 corp: 405/22Kb lim: 159 exec/s: 0 rss: 108Mb L: 152/152 MS: 1 InsertRepeatedBytes-
#119359	REDUCE cov: 445 ft: 1132 corp: 405/22Kb lim: 159 exec/s: 0 rss: 108Mb L: 46/152 MS: 1 EraseBytes-
#119485	REDUCE cov: 445 ft: 1132 corp: 405/22Kb lim: 159 exec/s: 0 rss: 108Mb L: 87/152 MS: 1 EraseBytes-
#119808	NEW    cov: 445 ft: 1133 corp: 406/22Kb lim: 159 exec/s: 0 rss: 109Mb L: 157/157 MS: 3 InsertRepeatedBytes-CopyPart-PersAutoDict- DE: "\377\377"-
#119854	REDUCE cov: 445 ft: 1133 corp: 406/22Kb lim: 159 exec/s: 0 rss: 109Mb L: 46/157 MS: 1 EraseBytes-
#120010	REDUCE cov: 445 ft: 1133 corp: 406/22Kb lim: 159 exec/s: 0 rss: 109Mb L: 100/157 MS: 1 EraseBytes-
#120016	REDUCE cov: 445 ft: 1133 corp: 406/22Kb lim: 159 exec/s: 0 rss: 109Mb L: 127/157 MS: 1 EraseBytes-
#120177	REDUCE cov: 445 ft: 1133 corp: 406/22Kb lim: 159 exec/s: 0 rss: 109Mb L: 79/157 MS: 1 EraseBytes-
#120331	REDUCE cov: 445 ft: 1133 corp: 406/22Kb lim: 159 exec/s: 0 rss: 109Mb L: 16/157 MS: 4 EraseBytes-CMP-ChangeBit-CrossOver- DE: "\377\377"-
#120642	REDUCE cov: 445 ft: 1133 corp: 406/22Kb lim: 159 exec/s: 0 rss: 109Mb L: 34/157 MS: 1 EraseBytes-
#121318	REDUCE cov: 445 ft: 1133 corp: 406/22Kb lim: 159 exec/s: 0 rss: 109Mb L: 47/157 MS: 1 EraseBytes-
#121445	REDUCE cov: 445 ft: 1133 corp: 406/22Kb lim: 159 exec/s: 0 rss: 109Mb L: 49/157 MS: 2 EraseBytes-CrossOver-
#121551	REDUCE cov: 445 ft: 1133 corp: 406/22Kb lim: 159 exec/s: 0 rss: 109Mb L: 78/157 MS: 1 EraseBytes-
#121687	REDUCE cov: 445 ft: 1133 corp: 406/22Kb lim: 159 exec/s: 0 rss: 109Mb L: 35/157 MS: 1 EraseBytes-
#121711	REDUCE cov: 445 ft: 1133 corp: 406/22Kb lim: 159 exec/s: 0 rss: 110Mb L: 34/157 MS: 4 ChangeBinInt-ChangeBinInt-InsertByte-EraseBytes-
#121787	REDUCE cov: 445 ft: 1133 corp: 406/22Kb lim: 159 exec/s: 0 rss: 110Mb L: 42/157 MS: 1 EraseBytes-
#122098	REDUCE cov: 445 ft: 1133 corp: 406/22Kb lim: 159 exec/s: 0 rss: 110Mb L: 42/157 MS: 1 EraseBytes-
#122439	REDUCE cov: 446 ft: 1134 corp: 407/22Kb lim: 159 exec/s: 0 rss: 110Mb L: 71/157 MS: 1 EraseBytes-
#122953	NEW    cov: 446 ft: 1136 corp: 408/22Kb lim: 159 exec/s: 0 rss: 110Mb L: 152/157 MS: 4 InsertRepeatedBytes-ChangeByte-EraseBytes-InsertRepeatedBytes-
#123099	REDUCE cov: 446 ft: 1136 corp: 408/22Kb lim: 159 exec/s: 0 rss: 110Mb L: 29/157 MS: 1 EraseBytes-
#123281	REDUCE cov: 446 ft: 1136 corp: 408/22Kb lim: 159 exec/s: 0 rss: 110Mb L: 120/157 MS: 2 ChangeBinInt-CrossOver-
#123378	REDUCE cov: 446 ft: 1136 corp: 408/22Kb lim: 159 exec/s: 0 rss: 110Mb L: 24/157 MS: 2 InsertByte-EraseBytes-
#123400	REDUCE cov: 446 ft: 1136 corp: 408/22Kb lim: 159 exec/s: 0 rss: 110Mb L: 34/157 MS: 2 ShuffleBytes-EraseBytes-
#123416	REDUCE cov: 446 ft: 1136 corp: 408/22Kb lim: 159 exec/s: 0 rss: 110Mb L: 47/157 MS: 1 EraseBytes-
#123546	REDUCE cov: 446 ft: 1136 corp: 408/22Kb lim: 159 exec/s: 0 rss: 110Mb L: 37/157 MS: 5 ShuffleBytes-InsertRepeatedBytes-InsertRepeatedBytes-ChangeBit-CrossOver-
#123547	REDUCE cov: 446 ft: 1136 corp: 408/22Kb lim: 159 exec/s: 0 rss: 110Mb L: 20/157 MS: 1 EraseBytes-
#123773	REDUCE cov: 446 ft: 1136 corp: 408/22Kb lim: 159 exec/s: 0 rss: 111Mb L: 45/157 MS: 1 EraseBytes-
#123791	REDUCE cov: 446 ft: 1136 corp: 408/22Kb lim: 159 exec/s: 0 rss: 111Mb L: 82/157 MS: 3 PersAutoDict-ChangeBinInt-EraseBytes- DE: "<\000\000\000\000\000\000\000"-
#123807	REDUCE cov: 446 ft: 1136 corp: 408/22Kb lim: 159 exec/s: 0 rss: 111Mb L: 36/157 MS: 1 CrossOver-
#123986	NEW    cov: 446 ft: 1137 corp: 409/22Kb lim: 159 exec/s: 0 rss: 111Mb L: 115/157 MS: 4 PersAutoDict-EraseBytes-ShuffleBytes-InsertRepeatedBytes- DE: "\377\377\377\377\377\377\377*"-
#124147	REDUCE cov: 446 ft: 1137 corp: 409/22Kb lim: 159 exec/s: 0 rss: 111Mb L: 74/157 MS: 1 EraseBytes-
#124219	NEW    cov: 446 ft: 1139 corp: 410/22Kb lim: 159 exec/s: 0 rss: 111Mb L: 114/157 MS: 2 CopyPart-CrossOver-
#124225	REDUCE cov: 446 ft: 1139 corp: 410/22Kb lim: 159 exec/s: 0 rss: 111Mb L: 41/157 MS: 1 EraseBytes-
#124867	REDUCE cov: 446 ft: 1139 corp: 410/22Kb lim: 159 exec/s: 0 rss: 111Mb L: 31/157 MS: 2 EraseBytes-InsertByte-
#125140	REDUCE cov: 446 ft: 1139 corp: 410/22Kb lim: 159 exec/s: 0 rss: 111Mb L: 29/157 MS: 3 InsertByte-InsertByte-EraseBytes-
#125242	REDUCE cov: 446 ft: 1139 corp: 410/22Kb lim: 159 exec/s: 0 rss: 111Mb L: 56/157 MS: 2 PersAutoDict-EraseBytes- DE: "\001\000\000\000\000\000 \000"-
#125509	REDUCE cov: 446 ft: 1139 corp: 410/22Kb lim: 159 exec/s: 0 rss: 111Mb L: 56/157 MS: 2 ShuffleBytes-EraseBytes-
#125785	REDUCE cov: 446 ft: 1139 corp: 410/22Kb lim: 159 exec/s: 0 rss: 112Mb L: 36/157 MS: 1 EraseBytes-
#125836	REDUCE cov: 446 ft: 1139 corp: 410/22Kb lim: 159 exec/s: 0 rss: 112Mb L: 49/157 MS: 1 EraseBytes-
#126257	REDUCE cov: 446 ft: 1139 corp: 410/22Kb lim: 159 exec/s: 0 rss: 112Mb L: 53/157 MS: 1 EraseBytes-
#126508	REDUCE cov: 446 ft: 1139 corp: 410/22Kb lim: 159 exec/s: 0 rss: 112Mb L: 35/157 MS: 1 EraseBytes-
#126990	NEW    cov: 446 ft: 1140 corp: 411/22Kb lim: 159 exec/s: 0 rss: 112Mb L: 90/157 MS: 2 ShuffleBytes-CopyPart-
#127102	REDUCE cov: 446 ft: 1140 corp: 411/22Kb lim: 159 exec/s: 0 rss: 112Mb L: 22/157 MS: 2 ChangeBit-EraseBytes-
#127172	NEW    cov: 446 ft: 1141 corp: 412/22Kb lim: 159 exec/s: 0 rss: 112Mb L: 76/157 MS: 5 EraseBytes-ChangeBit-EraseBytes-ChangeBit-PersAutoDict- DE: "\003\000\000\000\000\000\000\000"-
#127378	REDUCE cov: 446 ft: 1141 corp: 412/22Kb lim: 159 exec/s: 0 rss: 112Mb L: 13/157 MS: 1 EraseBytes-
#127859	NEW    cov: 446 ft: 1142 corp: 413/22Kb lim: 159 exec/s: 0 rss: 113Mb L: 147/157 MS: 1 InsertRepeatedBytes-
#127970	REDUCE cov: 446 ft: 1142 corp: 413/22Kb lim: 159 exec/s: 0 rss: 113Mb L: 47/157 MS: 1 EraseBytes-
#128005	REDUCE cov: 446 ft: 1142 corp: 413/22Kb lim: 159 exec/s: 0 rss: 113Mb L: 88/157 MS: 5 ChangeBit-ShuffleBytes-PersAutoDict-InsertRepeatedBytes-EraseBytes- DE: "\000\000\000\000"-
#128061	REDUCE cov: 446 ft: 1142 corp: 413/22Kb lim: 159 exec/s: 0 rss: 113Mb L: 68/157 MS: 1 EraseBytes-
#128168	REDUCE cov: 446 ft: 1142 corp: 413/22Kb lim: 159 exec/s: 0 rss: 113Mb L: 88/157 MS: 2 InsertRepeatedBytes-EraseBytes-
#128209	REDUCE cov: 446 ft: 1142 corp: 413/22Kb lim: 159 exec/s: 0 rss: 113Mb L: 47/157 MS: 1 EraseBytes-
#128721	REDUCE cov: 446 ft: 1143 corp: 414/22Kb lim: 159 exec/s: 0 rss: 113Mb L: 83/157 MS: 2 PersAutoDict-InsertByte- DE: "\003\000\000\000\000\000\000\000"-
#129097	REDUCE cov: 446 ft: 1143 corp: 414/22Kb lim: 159 exec/s: 0 rss: 113Mb L: 41/157 MS: 1 EraseBytes-
#129131	REDUCE cov: 446 ft: 1143 corp: 414/22Kb lim: 159 exec/s: 0 rss: 113Mb L: 136/157 MS: 4 PersAutoDict-ChangeBit-CopyPart-EraseBytes- DE: "\000\000\000\000"-
#129280	NEW    cov: 446 ft: 1145 corp: 415/23Kb lim: 159 exec/s: 0 rss: 113Mb L: 155/157 MS: 4 CrossOver-CMP-ChangeByte-InsertRepeatedBytes- DE: "\377\377\377\377"-
#129349	NEW    cov: 447 ft: 1146 corp: 416/23Kb lim: 159 exec/s: 0 rss: 113Mb L: 69/157 MS: 4 EraseBytes-ChangeASCIIInt-EraseBytes-ChangeBinInt-
#129787	REDUCE cov: 447 ft: 1146 corp: 416/23Kb lim: 159 exec/s: 0 rss: 113Mb L: 16/157 MS: 3 ChangeBit-CopyPart-EraseBytes-
#129903	REDUCE cov: 447 ft: 1146 corp: 416/23Kb lim: 159 exec/s: 0 rss: 113Mb L: 11/157 MS: 1 EraseBytes-
#130289	REDUCE cov: 447 ft: 1146 corp: 416/23Kb lim: 159 exec/s: 0 rss: 114Mb L: 43/157 MS: 1 EraseBytes-
#130400	REDUCE cov: 447 ft: 1146 corp: 416/23Kb lim: 159 exec/s: 0 rss: 114Mb L: 91/157 MS: 1 EraseBytes-
#131021	REDUCE cov: 447 ft: 1146 corp: 416/23Kb lim: 159 exec/s: 0 rss: 114Mb L: 45/157 MS: 1 EraseBytes-
#131032	NEW    cov: 447 ft: 1147 corp: 417/23Kb lim: 159 exec/s: 0 rss: 114Mb L: 116/157 MS: 1 InsertByte-
#131050	REDUCE cov: 447 ft: 1147 corp: 417/23Kb lim: 159 exec/s: 0 rss: 114Mb L: 23/157 MS: 3 ChangeByte-ShuffleBytes-EraseBytes-
#131119	REDUCE cov: 447 ft: 1147 corp: 417/23Kb lim: 159 exec/s: 0 rss: 114Mb L: 98/157 MS: 4 ChangeASCIIInt-ChangeBinInt-EraseBytes-CrossOver-
#131218	REDUCE cov: 447 ft: 1147 corp: 417/23Kb lim: 159 exec/s: 0 rss: 114Mb L: 23/157 MS: 4 ChangeBit-ChangeBit-PersAutoDict-EraseBytes- DE: "\002\000\000\000"-
#131899	REDUCE cov: 447 ft: 1147 corp: 417/23Kb lim: 159 exec/s: 0 rss: 114Mb L: 60/157 MS: 1 EraseBytes-
#131996	REDUCE cov: 447 ft: 1147 corp: 417/23Kb lim: 159 exec/s: 0 rss: 114Mb L: 58/157 MS: 2 ShuffleBytes-EraseBytes-
#132318	REDUCE cov: 447 ft: 1147 corp: 417/23Kb lim: 159 exec/s: 0 rss: 115Mb L: 59/157 MS: 2 ChangeByte-EraseBytes-
#132319	REDUCE cov: 447 ft: 1147 corp: 417/23Kb lim: 159 exec/s: 0 rss: 115Mb L: 99/157 MS: 1 EraseBytes-
#132525	REDUCE cov: 447 ft: 1147 corp: 417/23Kb lim: 159 exec/s: 0 rss: 115Mb L: 102/157 MS: 1 EraseBytes-
#132536	REDUCE cov: 447 ft: 1147 corp: 417/23Kb lim: 159 exec/s: 0 rss: 115Mb L: 8/157 MS: 1 EraseBytes-
#132742	REDUCE cov: 447 ft: 1147 corp: 417/23Kb lim: 159 exec/s: 0 rss: 115Mb L: 97/155 MS: 1 EraseBytes-
#132898	REDUCE cov: 447 ft: 1147 corp: 417/23Kb lim: 159 exec/s: 0 rss: 115Mb L: 58/155 MS: 1 EraseBytes-
#132909	NEW    cov: 447 ft: 1152 corp: 418/23Kb lim: 159 exec/s: 0 rss: 115Mb L: 135/155 MS: 1 InsertRepeatedBytes-
#133025	REDUCE cov: 447 ft: 1152 corp: 418/23Kb lim: 159 exec/s: 0 rss: 115Mb L: 20/155 MS: 1 EraseBytes-
#133072	REDUCE cov: 447 ft: 1152 corp: 418/23Kb lim: 159 exec/s: 0 rss: 115Mb L: 49/155 MS: 2 ShuffleBytes-EraseBytes-
#133115	NEW    cov: 447 ft: 1153 corp: 419/23Kb lim: 159 exec/s: 0 rss: 115Mb L: 139/155 MS: 3 CrossOver-PersAutoDict-CopyPart- DE: "\001\000\000\000\000\000\000\003"-
#133146	NEW    cov: 447 ft: 1154 corp: 420/23Kb lim: 159 exec/s: 0 rss: 115Mb L: 126/155 MS: 1 InsertRepeatedBytes-
#133268	REDUCE cov: 447 ft: 1154 corp: 420/23Kb lim: 159 exec/s: 0 rss: 115Mb L: 83/155 MS: 2 EraseBytes-ChangeByte-
#133889	REDUCE cov: 447 ft: 1155 corp: 421/23Kb lim: 159 exec/s: 0 rss: 115Mb L: 155/155 MS: 1 InsertRepeatedBytes-
#133967	REDUCE cov: 447 ft: 1155 corp: 421/23Kb lim: 159 exec/s: 0 rss: 116Mb L: 52/155 MS: 3 InsertRepeatedBytes-InsertByte-EraseBytes-
#134143	REDUCE cov: 447 ft: 1155 corp: 421/23Kb lim: 159 exec/s: 0 rss: 116Mb L: 79/155 MS: 1 EraseBytes-
#134172	REDUCE cov: 447 ft: 1155 corp: 421/23Kb lim: 159 exec/s: 0 rss: 116Mb L: 69/155 MS: 4 ChangeBinInt-InsertByte-CMP-EraseBytes- DE: "\000\000\000\000"-
#134233	REDUCE cov: 447 ft: 1155 corp: 421/23Kb lim: 159 exec/s: 0 rss: 116Mb L: 33/155 MS: 1 EraseBytes-
#134234	REDUCE cov: 447 ft: 1155 corp: 421/23Kb lim: 159 exec/s: 0 rss: 116Mb L: 82/155 MS: 1 EraseBytes-
#134275	REDUCE cov: 447 ft: 1155 corp: 421/23Kb lim: 159 exec/s: 0 rss: 116Mb L: 41/155 MS: 1 EraseBytes-
#134526	REDUCE cov: 447 ft: 1155 corp: 421/23Kb lim: 159 exec/s: 0 rss: 116Mb L: 44/155 MS: 1 EraseBytes-
#134862	REDUCE cov: 447 ft: 1155 corp: 421/23Kb lim: 159 exec/s: 0 rss: 116Mb L: 61/155 MS: 1 EraseBytes-
#134916	REDUCE cov: 447 ft: 1155 corp: 421/23Kb lim: 159 exec/s: 0 rss: 116Mb L: 23/155 MS: 4 PersAutoDict-ChangeByte-ChangeBit-EraseBytes- DE: "\001\000\000\000\000\000 \000"-
#135197	REDUCE cov: 447 ft: 1155 corp: 421/23Kb lim: 159 exec/s: 0 rss: 116Mb L: 53/155 MS: 1 EraseBytes-
#135294	NEW    cov: 447 ft: 1156 corp: 422/23Kb lim: 159 exec/s: 0 rss: 116Mb L: 89/155 MS: 2 InsertByte-ChangeByte-
#135296	REDUCE cov: 447 ft: 1156 corp: 422/23Kb lim: 159 exec/s: 0 rss: 116Mb L: 103/155 MS: 2 CopyPart-EraseBytes-
#135668	REDUCE cov: 447 ft: 1156 corp: 422/23Kb lim: 159 exec/s: 0 rss: 117Mb L: 56/155 MS: 2 InsertByte-EraseBytes-
#136034	REDUCE cov: 447 ft: 1156 corp: 422/23Kb lim: 159 exec/s: 0 rss: 117Mb L: 39/155 MS: 1 EraseBytes-
#136255	REDUCE cov: 447 ft: 1156 corp: 422/23Kb lim: 159 exec/s: 0 rss: 117Mb L: 57/155 MS: 1 EraseBytes-
#136397	REDUCE cov: 447 ft: 1156 corp: 422/23Kb lim: 159 exec/s: 0 rss: 117Mb L: 57/155 MS: 2 ChangeBinInt-EraseBytes-
#136738	REDUCE cov: 447 ft: 1156 corp: 422/23Kb lim: 159 exec/s: 0 rss: 117Mb L: 73/155 MS: 1 EraseBytes-
#137259	REDUCE cov: 447 ft: 1156 corp: 422/23Kb lim: 159 exec/s: 0 rss: 117Mb L: 3/155 MS: 1 EraseBytes-
#137340	REDUCE cov: 447 ft: 1156 corp: 422/23Kb lim: 159 exec/s: 0 rss: 117Mb L: 50/155 MS: 1 EraseBytes-
#137377	REDUCE cov: 447 ft: 1156 corp: 422/23Kb lim: 159 exec/s: 0 rss: 117Mb L: 11/155 MS: 2 ChangeBit-EraseBytes-
#137673	REDUCE cov: 447 ft: 1156 corp: 422/23Kb lim: 159 exec/s: 0 rss: 117Mb L: 44/155 MS: 1 EraseBytes-
#137909	NEW    cov: 447 ft: 1158 corp: 423/23Kb lim: 159 exec/s: 0 rss: 118Mb L: 137/155 MS: 1 InsertRepeatedBytes-
#138141	REDUCE cov: 447 ft: 1158 corp: 423/23Kb lim: 159 exec/s: 0 rss: 118Mb L: 50/155 MS: 2 CrossOver-EraseBytes-
#138162	REDUCE cov: 447 ft: 1158 corp: 423/23Kb lim: 159 exec/s: 0 rss: 118Mb L: 78/155 MS: 1 EraseBytes-
#138334	REDUCE cov: 447 ft: 1158 corp: 423/23Kb lim: 159 exec/s: 0 rss: 118Mb L: 35/155 MS: 2 ChangeBinInt-EraseBytes-
#138585	REDUCE cov: 447 ft: 1158 corp: 423/23Kb lim: 159 exec/s: 0 rss: 118Mb L: 45/155 MS: 1 EraseBytes-
#138741	REDUCE cov: 447 ft: 1158 corp: 423/23Kb lim: 159 exec/s: 0 rss: 118Mb L: 88/155 MS: 1 EraseBytes-
#138788	REDUCE cov: 447 ft: 1158 corp: 423/23Kb lim: 159 exec/s: 0 rss: 118Mb L: 7/155 MS: 2 ChangeByte-EraseBytes-
#138829	REDUCE cov: 447 ft: 1158 corp: 423/23Kb lim: 159 exec/s: 0 rss: 118Mb L: 50/155 MS: 1 CrossOver-
#139060	REDUCE cov: 447 ft: 1158 corp: 423/23Kb lim: 159 exec/s: 0 rss: 118Mb L: 33/155 MS: 1 EraseBytes-
#139941	REDUCE cov: 447 ft: 1158 corp: 423/23Kb lim: 166 exec/s: 0 rss: 119Mb L: 76/155 MS: 1 EraseBytes-
#140582	REDUCE cov: 447 ft: 1158 corp: 423/23Kb lim: 166 exec/s: 0 rss: 119Mb L: 23/155 MS: 1 EraseBytes-
#140728	REDUCE cov: 447 ft: 1158 corp: 423/23Kb lim: 166 exec/s: 0 rss: 119Mb L: 57/155 MS: 1 EraseBytes-
#140879	REDUCE cov: 447 ft: 1158 corp: 423/23Kb lim: 166 exec/s: 0 rss: 119Mb L: 61/155 MS: 1 EraseBytes-
#140978	REDUCE cov: 447 ft: 1158 corp: 423/23Kb lim: 166 exec/s: 0 rss: 119Mb L: 59/155 MS: 4 CMP-ChangeBinInt-ChangeASCIIInt-EraseBytes- DE: "\377\377\377\377"-
#141264	REDUCE cov: 447 ft: 1158 corp: 423/23Kb lim: 166 exec/s: 0 rss: 119Mb L: 24/155 MS: 1 EraseBytes-
#141311	REDUCE cov: 447 ft: 1158 corp: 423/23Kb lim: 166 exec/s: 0 rss: 119Mb L: 56/155 MS: 2 ChangeBit-EraseBytes-
#141312	REDUCE cov: 447 ft: 1158 corp: 423/23Kb lim: 166 exec/s: 0 rss: 119Mb L: 85/155 MS: 1 EraseBytes-
#141328	REDUCE cov: 447 ft: 1158 corp: 423/23Kb lim: 166 exec/s: 0 rss: 119Mb L: 6/155 MS: 1 EraseBytes-
#142720	REDUCE cov: 447 ft: 1158 corp: 423/23Kb lim: 173 exec/s: 0 rss: 120Mb L: 33/155 MS: 2 InsertByte-EraseBytes-
#142864	REDUCE cov: 447 ft: 1158 corp: 423/23Kb lim: 173 exec/s: 0 rss: 120Mb L: 54/155 MS: 4 ChangeASCIIInt-ChangeBinInt-ChangeBit-EraseBytes-
#142885	REDUCE cov: 447 ft: 1158 corp: 423/23Kb lim: 173 exec/s: 0 rss: 120Mb L: 84/155 MS: 1 EraseBytes-
#143076	REDUCE cov: 447 ft: 1158 corp: 423/23Kb lim: 173 exec/s: 0 rss: 120Mb L: 25/155 MS: 1 EraseBytes-
#143149	REDUCE cov: 447 ft: 1159 corp: 424/23Kb lim: 173 exec/s: 0 rss: 120Mb L: 153/155 MS: 3 InsertByte-InsertRepeatedBytes-PersAutoDict- DE: "\001\000\000\000"-
#143220	REDUCE cov: 447 ft: 1159 corp: 424/23Kb lim: 173 exec/s: 0 rss: 120Mb L: 136/155 MS: 1 EraseBytes-
#143339	REDUCE cov: 447 ft: 1159 corp: 424/23Kb lim: 173 exec/s: 0 rss: 120Mb L: 143/155 MS: 4 InsertByte-CopyPart-ChangeBinInt-EraseBytes-
#143450	REDUCE cov: 447 ft: 1159 corp: 424/23Kb lim: 173 exec/s: 0 rss: 120Mb L: 41/155 MS: 1 EraseBytes-
#143562	REDUCE cov: 447 ft: 1159 corp: 424/23Kb lim: 173 exec/s: 0 rss: 120Mb L: 115/155 MS: 2 InsertRepeatedBytes-EraseBytes-
#143638	REDUCE cov: 447 ft: 1159 corp: 424/23Kb lim: 173 exec/s: 0 rss: 120Mb L: 38/155 MS: 1 EraseBytes-
#143665	REDUCE cov: 447 ft: 1159 corp: 424/23Kb lim: 173 exec/s: 0 rss: 120Mb L: 143/155 MS: 2 InsertByte-EraseBytes-
#143741	REDUCE cov: 447 ft: 1160 corp: 425/23Kb lim: 173 exec/s: 0 rss: 121Mb L: 74/155 MS: 1 ShuffleBytes-
#143839	REDUCE cov: 447 ft: 1161 corp: 426/23Kb lim: 173 exec/s: 0 rss: 121Mb L: 56/155 MS: 3 ChangeBit-ChangeByte-CopyPart-
#143841	REDUCE cov: 447 ft: 1161 corp: 426/23Kb lim: 173 exec/s: 0 rss: 121Mb L: 129/155 MS: 2 CopyPart-EraseBytes-
#144142	REDUCE cov: 447 ft: 1161 corp: 426/23Kb lim: 173 exec/s: 0 rss: 121Mb L: 77/155 MS: 1 EraseBytes-
#144403	REDUCE cov: 447 ft: 1161 corp: 426/23Kb lim: 173 exec/s: 0 rss: 121Mb L: 102/155 MS: 1 EraseBytes-
#144439	REDUCE cov: 447 ft: 1161 corp: 426/23Kb lim: 173 exec/s: 0 rss: 121Mb L: 141/155 MS: 1 EraseBytes-
#144651	REDUCE cov: 447 ft: 1161 corp: 426/23Kb lim: 173 exec/s: 0 rss: 121Mb L: 133/155 MS: 2 ChangeByte-EraseBytes-
#145077	REDUCE cov: 447 ft: 1161 corp: 426/23Kb lim: 173 exec/s: 0 rss: 121Mb L: 83/155 MS: 1 EraseBytes-
#145160	REDUCE cov: 447 ft: 1161 corp: 426/23Kb lim: 173 exec/s: 0 rss: 121Mb L: 98/155 MS: 3 ShuffleBytes-InsertByte-EraseBytes-
#145306	REDUCE cov: 447 ft: 1161 corp: 426/23Kb lim: 173 exec/s: 0 rss: 121Mb L: 62/155 MS: 1 EraseBytes-
#145617	REDUCE cov: 447 ft: 1161 corp: 426/23Kb lim: 173 exec/s: 0 rss: 121Mb L: 22/155 MS: 1 EraseBytes-
#145748	REDUCE cov: 447 ft: 1161 corp: 426/23Kb lim: 173 exec/s: 0 rss: 122Mb L: 100/155 MS: 1 EraseBytes-
#145914	REDUCE cov: 447 ft: 1161 corp: 426/23Kb lim: 173 exec/s: 0 rss: 122Mb L: 69/155 MS: 1 EraseBytes-
#146700	REDUCE cov: 447 ft: 1161 corp: 426/23Kb lim: 180 exec/s: 0 rss: 122Mb L: 58/155 MS: 1 EraseBytes-
#146836	REDUCE cov: 447 ft: 1161 corp: 426/23Kb lim: 180 exec/s: 0 rss: 122Mb L: 82/155 MS: 1 EraseBytes-
#147212	REDUCE cov: 447 ft: 1161 corp: 426/23Kb lim: 180 exec/s: 0 rss: 122Mb L: 32/155 MS: 1 EraseBytes-
#148173	REDUCE cov: 447 ft: 1161 corp: 426/23Kb lim: 187 exec/s: 0 rss: 122Mb L: 18/155 MS: 1 EraseBytes-
#148385	REDUCE cov: 447 ft: 1161 corp: 426/23Kb lim: 187 exec/s: 0 rss: 122Mb L: 92/155 MS: 2 CopyPart-EraseBytes-
#148406	REDUCE cov: 447 ft: 1161 corp: 426/23Kb lim: 187 exec/s: 0 rss: 122Mb L: 22/155 MS: 1 EraseBytes-
#148605	NEW    cov: 447 ft: 1162 corp: 427/23Kb lim: 187 exec/s: 148605 rss: 123Mb L: 115/155 MS: 4 ChangeBinInt-ChangeBinInt-PersAutoDict-CopyPart- DE: "\377\377"-
#148651	REDUCE cov: 447 ft: 1162 corp: 427/23Kb lim: 187 exec/s: 148651 rss: 123Mb L: 74/155 MS: 1 EraseBytes-
#149357	REDUCE cov: 447 ft: 1162 corp: 427/23Kb lim: 194 exec/s: 149357 rss: 123Mb L: 38/155 MS: 1 EraseBytes-
#149520	REDUCE cov: 447 ft: 1162 corp: 427/23Kb lim: 194 exec/s: 149520 rss: 129Mb L: 74/155 MS: 2 ChangeBit-EraseBytes-
#149796	NEW    cov: 447 ft: 1169 corp: 428/23Kb lim: 194 exec/s: 149796 rss: 129Mb L: 194/194 MS: 1 InsertRepeatedBytes-
#149847	REDUCE cov: 447 ft: 1169 corp: 428/23Kb lim: 194 exec/s: 149847 rss: 129Mb L: 57/194 MS: 1 EraseBytes-
#150135	REDUCE cov: 447 ft: 1169 corp: 428/23Kb lim: 194 exec/s: 150135 rss: 129Mb L: 55/194 MS: 3 ShuffleBytes-CrossOver-EraseBytes-
#150229	REDUCE cov: 447 ft: 1169 corp: 428/23Kb lim: 194 exec/s: 150229 rss: 129Mb L: 45/194 MS: 4 ShuffleBytes-CopyPart-ShuffleBytes-EraseBytes-
#150380	NEW    cov: 447 ft: 1170 corp: 429/23Kb lim: 194 exec/s: 150380 rss: 129Mb L: 167/194 MS: 1 InsertRepeatedBytes-
#150476	NEW    cov: 447 ft: 1171 corp: 430/24Kb lim: 194 exec/s: 150476 rss: 129Mb L: 123/194 MS: 1 CMP- DE: "\001 \000\000\000\000\000\000"-
#150737	NEW    cov: 447 ft: 1172 corp: 431/24Kb lim: 194 exec/s: 150737 rss: 129Mb L: 106/194 MS: 1 CopyPart-
#150843	REDUCE cov: 447 ft: 1172 corp: 431/24Kb lim: 194 exec/s: 150843 rss: 129Mb L: 73/194 MS: 1 EraseBytes-
#150984	REDUCE cov: 447 ft: 1172 corp: 431/24Kb lim: 194 exec/s: 150984 rss: 129Mb L: 95/194 MS: 1 EraseBytes-
#151070	REDUCE cov: 447 ft: 1172 corp: 431/24Kb lim: 194 exec/s: 151070 rss: 130Mb L: 63/194 MS: 1 EraseBytes-
#151446	REDUCE cov: 447 ft: 1172 corp: 431/24Kb lim: 194 exec/s: 151446 rss: 130Mb L: 55/194 MS: 1 EraseBytes-
#151479	REDUCE cov: 447 ft: 1172 corp: 431/24Kb lim: 194 exec/s: 151479 rss: 130Mb L: 50/194 MS: 3 ShuffleBytes-ShuffleBytes-EraseBytes-
#151645	REDUCE cov: 447 ft: 1172 corp: 431/24Kb lim: 194 exec/s: 151645 rss: 130Mb L: 30/194 MS: 1 EraseBytes-
#152051	REDUCE cov: 447 ft: 1172 corp: 431/24Kb lim: 194 exec/s: 152051 rss: 130Mb L: 11/194 MS: 1 EraseBytes-
#152162	REDUCE cov: 447 ft: 1172 corp: 431/24Kb lim: 194 exec/s: 152162 rss: 130Mb L: 98/194 MS: 1 EraseBytes-
#152164	NEW    cov: 447 ft: 1173 corp: 432/24Kb lim: 194 exec/s: 152164 rss: 130Mb L: 143/194 MS: 2 EraseBytes-CopyPart-
#152520	REDUCE cov: 447 ft: 1173 corp: 432/24Kb lim: 194 exec/s: 152520 rss: 130Mb L: 72/194 MS: 1 EraseBytes-
#152578	REDUCE cov: 447 ft: 1173 corp: 432/24Kb lim: 194 exec/s: 152578 rss: 130Mb L: 44/194 MS: 3 ChangeBinInt-ChangeBit-EraseBytes-
#152579	REDUCE cov: 447 ft: 1173 corp: 432/24Kb lim: 194 exec/s: 152579 rss: 130Mb L: 86/194 MS: 1 EraseBytes-
#153112	REDUCE cov: 447 ft: 1173 corp: 432/24Kb lim: 194 exec/s: 153112 rss: 130Mb L: 72/194 MS: 3 ShuffleBytes-InsertByte-EraseBytes-
#153213	REDUCE cov: 447 ft: 1173 corp: 432/24Kb lim: 194 exec/s: 153213 rss: 131Mb L: 43/194 MS: 1 EraseBytes-
#153454	REDUCE cov: 447 ft: 1173 corp: 432/24Kb lim: 194 exec/s: 153454 rss: 131Mb L: 39/194 MS: 1 EraseBytes-
#153639	REDUCE cov: 447 ft: 1173 corp: 432/24Kb lim: 194 exec/s: 153639 rss: 131Mb L: 74/194 MS: 5 ChangeBinInt-InsertByte-ChangeByte-ShuffleBytes-EraseBytes-
#153851	REDUCE cov: 447 ft: 1173 corp: 432/24Kb lim: 194 exec/s: 153851 rss: 131Mb L: 34/194 MS: 2 ChangeBinInt-EraseBytes-
#153994	REDUCE cov: 447 ft: 1173 corp: 432/24Kb lim: 194 exec/s: 153994 rss: 131Mb L: 120/194 MS: 3 PersAutoDict-ChangeBit-EraseBytes- DE: "\000\000\000\000\000\000\000\010"-
#154400	REDUCE cov: 447 ft: 1173 corp: 432/24Kb lim: 194 exec/s: 154400 rss: 131Mb L: 82/194 MS: 1 EraseBytes-
#154656	REDUCE cov: 447 ft: 1173 corp: 432/24Kb lim: 194 exec/s: 154656 rss: 131Mb L: 7/194 MS: 1 EraseBytes-
#154687	REDUCE cov: 447 ft: 1173 corp: 432/24Kb lim: 194 exec/s: 154687 rss: 131Mb L: 13/194 MS: 1 EraseBytes-
#155019	REDUCE cov: 447 ft: 1173 corp: 432/24Kb lim: 194 exec/s: 155019 rss: 131Mb L: 121/194 MS: 2 CrossOver-EraseBytes-
#155210	REDUCE cov: 447 ft: 1173 corp: 432/24Kb lim: 194 exec/s: 155210 rss: 131Mb L: 32/194 MS: 1 EraseBytes-
#155256	NEW    cov: 447 ft: 1174 corp: 433/24Kb lim: 194 exec/s: 155256 rss: 131Mb L: 167/194 MS: 1 InsertRepeatedBytes-
#155317	REDUCE cov: 447 ft: 1174 corp: 433/24Kb lim: 194 exec/s: 155317 rss: 132Mb L: 21/194 MS: 1 EraseBytes-
#156458	REDUCE cov: 447 ft: 1174 corp: 433/24Kb lim: 201 exec/s: 156458 rss: 132Mb L: 75/194 MS: 1 EraseBytes-
#156734	NEW    cov: 447 ft: 1175 corp: 434/24Kb lim: 201 exec/s: 156734 rss: 132Mb L: 55/194 MS: 1 EraseBytes-
#157010	REDUCE cov: 447 ft: 1175 corp: 434/24Kb lim: 201 exec/s: 157010 rss: 132Mb L: 61/194 MS: 1 EraseBytes-
#157686	REDUCE cov: 447 ft: 1175 corp: 434/24Kb lim: 201 exec/s: 157686 rss: 132Mb L: 50/194 MS: 1 EraseBytes-
#157958	REDUCE cov: 447 ft: 1176 corp: 435/24Kb lim: 201 exec/s: 157958 rss: 132Mb L: 72/194 MS: 2 CopyPart-InsertRepeatedBytes-
#157969	REDUCE cov: 447 ft: 1177 corp: 436/24Kb lim: 201 exec/s: 157969 rss: 132Mb L: 61/194 MS: 1 CopyPart-
#158135	REDUCE cov: 447 ft: 1177 corp: 436/24Kb lim: 201 exec/s: 158135 rss: 132Mb L: 6/194 MS: 1 EraseBytes-
#158212	REDUCE cov: 447 ft: 1177 corp: 436/24Kb lim: 201 exec/s: 158212 rss: 133Mb L: 88/194 MS: 2 CrossOver-EraseBytes-
#158229	REDUCE cov: 447 ft: 1177 corp: 436/24Kb lim: 201 exec/s: 158229 rss: 133Mb L: 39/194 MS: 2 ChangeBit-EraseBytes-
#158246	REDUCE cov: 447 ft: 1177 corp: 436/24Kb lim: 201 exec/s: 158246 rss: 133Mb L: 47/194 MS: 2 ChangeBinInt-EraseBytes-
#158307	REDUCE cov: 447 ft: 1177 corp: 436/24Kb lim: 201 exec/s: 158307 rss: 133Mb L: 75/194 MS: 1 EraseBytes-
#158488	REDUCE cov: 447 ft: 1177 corp: 436/24Kb lim: 201 exec/s: 158488 rss: 133Mb L: 82/194 MS: 1 EraseBytes-
#158674	REDUCE cov: 447 ft: 1177 corp: 436/24Kb lim: 201 exec/s: 158674 rss: 133Mb L: 8/194 MS: 1 EraseBytes-
#158735	REDUCE cov: 447 ft: 1177 corp: 436/24Kb lim: 201 exec/s: 158735 rss: 133Mb L: 84/194 MS: 1 EraseBytes-
#158961	REDUCE cov: 447 ft: 1177 corp: 436/24Kb lim: 201 exec/s: 158961 rss: 133Mb L: 73/194 MS: 1 EraseBytes-
#159054	REDUCE cov: 447 ft: 1177 corp: 436/24Kb lim: 201 exec/s: 159054 rss: 133Mb L: 11/194 MS: 3 InsertByte-CopyPart-EraseBytes-
#159325	REDUCE cov: 447 ft: 1177 corp: 436/24Kb lim: 201 exec/s: 159325 rss: 133Mb L: 47/194 MS: 1 EraseBytes-
#159621	REDUCE cov: 447 ft: 1177 corp: 436/24Kb lim: 201 exec/s: 159621 rss: 133Mb L: 11/194 MS: 1 EraseBytes-
#159728	REDUCE cov: 447 ft: 1177 corp: 436/24Kb lim: 201 exec/s: 159728 rss: 133Mb L: 103/194 MS: 2 ChangeBit-EraseBytes-
#159809	REDUCE cov: 447 ft: 1177 corp: 436/24Kb lim: 201 exec/s: 159809 rss: 133Mb L: 45/194 MS: 1 CrossOver-
#160170	REDUCE cov: 447 ft: 1177 corp: 436/24Kb lim: 201 exec/s: 160170 rss: 134Mb L: 65/194 MS: 1 EraseBytes-
#160811	REDUCE cov: 447 ft: 1177 corp: 436/24Kb lim: 201 exec/s: 160811 rss: 134Mb L: 42/194 MS: 1 EraseBytes-
#160817	NEW    cov: 447 ft: 1178 corp: 437/24Kb lim: 201 exec/s: 160817 rss: 134Mb L: 72/194 MS: 1 ChangeBit-
#160848	REDUCE cov: 447 ft: 1178 corp: 437/24Kb lim: 201 exec/s: 160848 rss: 134Mb L: 60/194 MS: 1 EraseBytes-
#161319	REDUCE cov: 447 ft: 1178 corp: 437/24Kb lim: 201 exec/s: 161319 rss: 134Mb L: 25/194 MS: 1 EraseBytes-
#161350	REDUCE cov: 447 ft: 1178 corp: 437/24Kb lim: 201 exec/s: 161350 rss: 134Mb L: 63/194 MS: 1 EraseBytes-
#161481	REDUCE cov: 447 ft: 1178 corp: 437/24Kb lim: 201 exec/s: 161481 rss: 134Mb L: 54/194 MS: 1 EraseBytes-
#161507	REDUCE cov: 447 ft: 1178 corp: 437/24Kb lim: 201 exec/s: 161507 rss: 134Mb L: 112/194 MS: 1 EraseBytes-
#161574	NEW    cov: 447 ft: 1180 corp: 438/24Kb lim: 201 exec/s: 161574 rss: 135Mb L: 184/194 MS: 2 ChangeASCIIInt-InsertRepeatedBytes-
#161955	REDUCE cov: 447 ft: 1180 corp: 438/24Kb lim: 201 exec/s: 161955 rss: 135Mb L: 98/194 MS: 1 EraseBytes-
#162896	REDUCE cov: 447 ft: 1180 corp: 438/24Kb lim: 208 exec/s: 162896 rss: 135Mb L: 159/194 MS: 1 EraseBytes-
#163163	REDUCE cov: 447 ft: 1180 corp: 438/24Kb lim: 208 exec/s: 163163 rss: 135Mb L: 76/194 MS: 2 CrossOver-EraseBytes-
#163534	REDUCE cov: 447 ft: 1180 corp: 438/24Kb lim: 208 exec/s: 163534 rss: 135Mb L: 31/194 MS: 1 EraseBytes-
#163595	REDUCE cov: 447 ft: 1180 corp: 438/24Kb lim: 208 exec/s: 163595 rss: 135Mb L: 53/194 MS: 1 EraseBytes-
#163620	REDUCE cov: 447 ft: 1180 corp: 438/24Kb lim: 208 exec/s: 163620 rss: 135Mb L: 37/194 MS: 5 CrossOver-ChangeByte-CopyPart-ShuffleBytes-EraseBytes-
#164591	REDUCE cov: 447 ft: 1180 corp: 438/24Kb lim: 215 exec/s: 164591 rss: 136Mb L: 40/194 MS: 1 EraseBytes-
#164892	REDUCE cov: 447 ft: 1180 corp: 438/24Kb lim: 215 exec/s: 164892 rss: 136Mb L: 22/194 MS: 1 EraseBytes-
#164970	REDUCE cov: 447 ft: 1180 corp: 438/24Kb lim: 215 exec/s: 164970 rss: 136Mb L: 24/194 MS: 3 ShuffleBytes-ChangeASCIIInt-EraseBytes-
#165341	REDUCE cov: 447 ft: 1180 corp: 438/24Kb lim: 215 exec/s: 165341 rss: 136Mb L: 70/194 MS: 1 EraseBytes-
#165367	REDUCE cov: 447 ft: 1180 corp: 438/24Kb lim: 215 exec/s: 165367 rss: 136Mb L: 95/194 MS: 1 EraseBytes-
#165943	REDUCE cov: 447 ft: 1180 corp: 438/24Kb lim: 215 exec/s: 165943 rss: 136Mb L: 45/194 MS: 1 EraseBytes-
#166179	REDUCE cov: 447 ft: 1180 corp: 438/24Kb lim: 215 exec/s: 166179 rss: 136Mb L: 28/194 MS: 1 EraseBytes-
#166221	NEW    cov: 447 ft: 1181 corp: 439/24Kb lim: 215 exec/s: 166221 rss: 136Mb L: 195/195 MS: 2 CopyPart-InsertByte-
#166528	REDUCE cov: 447 ft: 1181 corp: 439/24Kb lim: 215 exec/s: 166528 rss: 137Mb L: 44/195 MS: 2 ChangeByte-EraseBytes-
#166799	REDUCE cov: 447 ft: 1181 corp: 439/24Kb lim: 215 exec/s: 166799 rss: 137Mb L: 42/195 MS: 1 EraseBytes-
#166893	REDUCE cov: 447 ft: 1181 corp: 439/24Kb lim: 215 exec/s: 166893 rss: 137Mb L: 57/195 MS: 4 ChangeByte-InsertByte-ChangeASCIIInt-EraseBytes-
#167194	REDUCE cov: 447 ft: 1181 corp: 439/24Kb lim: 215 exec/s: 167194 rss: 137Mb L: 26/195 MS: 1 EraseBytes-
#167405	REDUCE cov: 447 ft: 1181 corp: 439/24Kb lim: 215 exec/s: 167405 rss: 137Mb L: 37/195 MS: 1 EraseBytes-
#167579	REDUCE cov: 447 ft: 1181 corp: 439/24Kb lim: 215 exec/s: 167579 rss: 137Mb L: 40/195 MS: 4 PersAutoDict-CopyPart-EraseBytes-EraseBytes- DE: "\377\377\377\377\377\377\377*"-
#167627	REDUCE cov: 447 ft: 1181 corp: 439/24Kb lim: 215 exec/s: 167627 rss: 137Mb L: 19/195 MS: 3 InsertByte-InsertByte-EraseBytes-
#167874	REDUCE cov: 447 ft: 1181 corp: 439/24Kb lim: 215 exec/s: 167874 rss: 137Mb L: 39/195 MS: 2 CMP-EraseBytes- DE: "\000\000\000\000\000\000\000\021"-
#168538	REDUCE cov: 447 ft: 1181 corp: 439/24Kb lim: 215 exec/s: 168538 rss: 137Mb L: 143/195 MS: 4 InsertByte-ChangeBit-InsertByte-EraseBytes-
#168557	REDUCE cov: 447 ft: 1181 corp: 439/24Kb lim: 215 exec/s: 168557 rss: 137Mb L: 61/195 MS: 4 ChangeBit-ChangeByte-PersAutoDict-EraseBytes- DE: "\001\000\000\000\000\000\000\003"-
#169360	REDUCE cov: 447 ft: 1181 corp: 439/24Kb lim: 222 exec/s: 169360 rss: 138Mb L: 117/195 MS: 3 ShuffleBytes-PersAutoDict-EraseBytes- DE: "\377\377"-
#169426	REDUCE cov: 447 ft: 1181 corp: 439/24Kb lim: 222 exec/s: 169426 rss: 138Mb L: 9/195 MS: 1 EraseBytes-
#169442	REDUCE cov: 447 ft: 1181 corp: 439/24Kb lim: 222 exec/s: 169442 rss: 138Mb L: 49/195 MS: 1 EraseBytes-
#169468	REDUCE cov: 447 ft: 1181 corp: 439/24Kb lim: 222 exec/s: 169468 rss: 138Mb L: 9/195 MS: 1 EraseBytes-
#169539	NEW    cov: 447 ft: 1182 corp: 440/24Kb lim: 222 exec/s: 169539 rss: 138Mb L: 160/195 MS: 1 CopyPart-
#169643	REDUCE cov: 448 ft: 1184 corp: 441/24Kb lim: 222 exec/s: 169643 rss: 138Mb L: 39/195 MS: 4 PersAutoDict-ChangeASCIIInt-ChangeBit-EraseBytes- DE: "\000\000\000\000\000\000\000\010"-
#169729	REDUCE cov: 448 ft: 1184 corp: 441/24Kb lim: 222 exec/s: 169729 rss: 138Mb L: 41/195 MS: 1 EraseBytes-
#169876	REDUCE cov: 448 ft: 1184 corp: 441/24Kb lim: 222 exec/s: 169876 rss: 138Mb L: 33/195 MS: 2 ChangeASCIIInt-EraseBytes-
#170122	REDUCE cov: 448 ft: 1184 corp: 441/24Kb lim: 222 exec/s: 170122 rss: 138Mb L: 110/195 MS: 1 EraseBytes-
#170328	REDUCE cov: 448 ft: 1184 corp: 441/24Kb lim: 222 exec/s: 170328 rss: 138Mb L: 45/195 MS: 1 EraseBytes-
#170749	REDUCE cov: 448 ft: 1184 corp: 441/24Kb lim: 222 exec/s: 170749 rss: 139Mb L: 41/195 MS: 1 EraseBytes-
#170880	REDUCE cov: 448 ft: 1184 corp: 441/24Kb lim: 222 exec/s: 170880 rss: 139Mb L: 6/195 MS: 1 EraseBytes-
#171057	REDUCE cov: 448 ft: 1184 corp: 441/24Kb lim: 222 exec/s: 171057 rss: 139Mb L: 68/195 MS: 2 InsertByte-EraseBytes-
#171083	REDUCE cov: 448 ft: 1184 corp: 441/24Kb lim: 222 exec/s: 171083 rss: 139Mb L: 71/195 MS: 1 EraseBytes-
#171109	REDUCE cov: 448 ft: 1185 corp: 442/24Kb lim: 222 exec/s: 171109 rss: 139Mb L: 110/195 MS: 1 CopyPart-
#171266	REDUCE cov: 448 ft: 1185 corp: 442/24Kb lim: 222 exec/s: 171266 rss: 139Mb L: 75/195 MS: 2 CopyPart-EraseBytes-
#171277	REDUCE cov: 448 ft: 1185 corp: 442/24Kb lim: 222 exec/s: 171277 rss: 139Mb L: 33/195 MS: 1 EraseBytes-
#171381	NEW    cov: 448 ft: 1186 corp: 443/24Kb lim: 222 exec/s: 171381 rss: 139Mb L: 188/195 MS: 4 CMP-InsertByte-PersAutoDict-CopyPart- DE: "\377\377\377\377\377\377\377\006"-"\377\377\377\377"-
#171407	REDUCE cov: 448 ft: 1186 corp: 443/24Kb lim: 222 exec/s: 171407 rss: 139Mb L: 55/195 MS: 1 EraseBytes-
#171608	NEW    cov: 448 ft: 1187 corp: 444/24Kb lim: 222 exec/s: 171608 rss: 139Mb L: 81/195 MS: 1 CrossOver-
#171875	REDUCE cov: 448 ft: 1187 corp: 444/24Kb lim: 222 exec/s: 171875 rss: 139Mb L: 81/195 MS: 2 ChangeASCIIInt-EraseBytes-
#172339	REDUCE cov: 448 ft: 1187 corp: 444/24Kb lim: 222 exec/s: 172339 rss: 139Mb L: 117/195 MS: 4 ChangeByte-ChangeByte-ChangeByte-EraseBytes-
#172920	REDUCE cov: 448 ft: 1187 corp: 444/24Kb lim: 222 exec/s: 172920 rss: 140Mb L: 37/195 MS: 1 EraseBytes-
#172996	REDUCE cov: 448 ft: 1187 corp: 444/24Kb lim: 222 exec/s: 172996 rss: 140Mb L: 30/195 MS: 1 EraseBytes-
#173132	REDUCE cov: 448 ft: 1187 corp: 444/24Kb lim: 222 exec/s: 173132 rss: 140Mb L: 158/195 MS: 1 EraseBytes-
#173248	REDUCE cov: 448 ft: 1187 corp: 444/24Kb lim: 222 exec/s: 173248 rss: 140Mb L: 39/195 MS: 1 EraseBytes-
#173635	REDUCE cov: 448 ft: 1187 corp: 444/24Kb lim: 222 exec/s: 173635 rss: 140Mb L: 28/195 MS: 2 ChangeBit-EraseBytes-
#173997	REDUCE cov: 448 ft: 1187 corp: 444/24Kb lim: 222 exec/s: 173997 rss: 140Mb L: 40/195 MS: 2 CopyPart-EraseBytes-
#174318	REDUCE cov: 448 ft: 1187 corp: 444/24Kb lim: 222 exec/s: 174318 rss: 140Mb L: 63/195 MS: 1 EraseBytes-
#174506	REDUCE cov: 448 ft: 1187 corp: 444/24Kb lim: 222 exec/s: 174506 rss: 140Mb L: 38/195 MS: 3 ShuffleBytes-ChangeBit-EraseBytes-
#175042	NEW    cov: 448 ft: 1188 corp: 445/24Kb lim: 222 exec/s: 175042 rss: 141Mb L: 56/195 MS: 1 ShuffleBytes-
#175073	REDUCE cov: 448 ft: 1188 corp: 445/24Kb lim: 222 exec/s: 175073 rss: 141Mb L: 59/195 MS: 1 EraseBytes-
#175248	REDUCE cov: 448 ft: 1188 corp: 445/24Kb lim: 222 exec/s: 175248 rss: 141Mb L: 24/195 MS: 5 EraseBytes-ChangeBit-ChangeASCIIInt-ChangeByte-ShuffleBytes-
#175481	NEW    cov: 448 ft: 1191 corp: 446/25Kb lim: 222 exec/s: 175481 rss: 141Mb L: 155/195 MS: 3 ChangeBinInt-PersAutoDict-CopyPart- DE: "\000\000\000\000\000\000\000\021"-
#175582	REDUCE cov: 448 ft: 1191 corp: 446/25Kb lim: 222 exec/s: 175582 rss: 141Mb L: 64/195 MS: 1 EraseBytes-
#175779	REDUCE cov: 448 ft: 1191 corp: 446/25Kb lim: 222 exec/s: 175779 rss: 141Mb L: 63/195 MS: 2 InsertByte-EraseBytes-
#176310	NEW    cov: 448 ft: 1210 corp: 447/25Kb lim: 222 exec/s: 176310 rss: 141Mb L: 220/220 MS: 1 CopyPart-
#176412	REDUCE cov: 448 ft: 1210 corp: 447/25Kb lim: 222 exec/s: 176412 rss: 141Mb L: 68/220 MS: 2 InsertByte-EraseBytes-
#177153	REDUCE cov: 448 ft: 1210 corp: 447/25Kb lim: 229 exec/s: 177153 rss: 142Mb L: 37/220 MS: 1 EraseBytes-
#177771	REDUCE cov: 448 ft: 1210 corp: 447/25Kb lim: 229 exec/s: 177771 rss: 142Mb L: 35/220 MS: 3 InsertByte-CopyPart-EraseBytes-
#178457	REDUCE cov: 448 ft: 1210 corp: 447/25Kb lim: 229 exec/s: 178457 rss: 142Mb L: 38/220 MS: 1 EraseBytes-
#178478	REDUCE cov: 448 ft: 1210 corp: 447/25Kb lim: 229 exec/s: 178478 rss: 142Mb L: 22/220 MS: 1 EraseBytes-
#178504	REDUCE cov: 448 ft: 1210 corp: 447/25Kb lim: 229 exec/s: 178504 rss: 142Mb L: 33/220 MS: 1 EraseBytes-
#178790	REDUCE cov: 448 ft: 1210 corp: 447/25Kb lim: 229 exec/s: 178790 rss: 142Mb L: 80/220 MS: 1 EraseBytes-
#178961	REDUCE cov: 448 ft: 1210 corp: 447/25Kb lim: 229 exec/s: 178961 rss: 142Mb L: 36/220 MS: 1 EraseBytes-
#179532	REDUCE cov: 448 ft: 1210 corp: 447/25Kb lim: 229 exec/s: 179532 rss: 143Mb L: 49/220 MS: 1 EraseBytes-
#179633	REDUCE cov: 448 ft: 1210 corp: 447/25Kb lim: 229 exec/s: 179633 rss: 143Mb L: 54/220 MS: 1 EraseBytes-
#180960	REDUCE cov: 448 ft: 1210 corp: 447/25Kb lim: 236 exec/s: 180960 rss: 143Mb L: 61/220 MS: 2 InsertByte-EraseBytes-
#181186	REDUCE cov: 448 ft: 1210 corp: 447/25Kb lim: 236 exec/s: 181186 rss: 143Mb L: 78/220 MS: 1 EraseBytes-
#181633	REDUCE cov: 448 ft: 1210 corp: 447/25Kb lim: 236 exec/s: 181633 rss: 143Mb L: 30/220 MS: 2 ChangeBit-EraseBytes-
#181994	REDUCE cov: 448 ft: 1210 corp: 447/25Kb lim: 236 exec/s: 181994 rss: 144Mb L: 19/220 MS: 1 EraseBytes-
#182394	REDUCE cov: 448 ft: 1210 corp: 447/25Kb lim: 236 exec/s: 182394 rss: 144Mb L: 31/220 MS: 5 PersAutoDict-PersAutoDict-CrossOver-EraseBytes-EraseBytes- DE: "\000\000\000\000\000\000\000\010"-"\377\377"-
#182630	REDUCE cov: 448 ft: 1210 corp: 447/25Kb lim: 236 exec/s: 182630 rss: 144Mb L: 59/220 MS: 1 EraseBytes-
#182631	REDUCE cov: 448 ft: 1210 corp: 447/25Kb lim: 236 exec/s: 182631 rss: 144Mb L: 134/220 MS: 1 EraseBytes-
#183408	REDUCE cov: 448 ft: 1210 corp: 447/25Kb lim: 243 exec/s: 183408 rss: 144Mb L: 57/220 MS: 2 EraseBytes-ChangeByte-
#183609	REDUCE cov: 448 ft: 1210 corp: 447/25Kb lim: 243 exec/s: 183609 rss: 144Mb L: 54/220 MS: 1 EraseBytes-
#183975	REDUCE cov: 448 ft: 1210 corp: 447/25Kb lim: 243 exec/s: 183975 rss: 145Mb L: 40/220 MS: 1 EraseBytes-
#184513	REDUCE cov: 448 ft: 1210 corp: 447/25Kb lim: 243 exec/s: 184513 rss: 145Mb L: 40/220 MS: 3 ChangeBinInt-ChangeBinInt-EraseBytes-
#184705	REDUCE cov: 448 ft: 1210 corp: 447/25Kb lim: 243 exec/s: 184705 rss: 145Mb L: 54/220 MS: 2 ChangeByte-EraseBytes-
#185066	REDUCE cov: 448 ft: 1210 corp: 447/25Kb lim: 243 exec/s: 185066 rss: 145Mb L: 115/220 MS: 1 EraseBytes-
#185557	REDUCE cov: 448 ft: 1211 corp: 448/25Kb lim: 243 exec/s: 185557 rss: 145Mb L: 83/220 MS: 1 CrossOver-
#185873	REDUCE cov: 448 ft: 1211 corp: 448/25Kb lim: 243 exec/s: 185873 rss: 145Mb L: 21/220 MS: 1 EraseBytes-
#185994	REDUCE cov: 448 ft: 1211 corp: 448/25Kb lim: 243 exec/s: 185994 rss: 145Mb L: 52/220 MS: 1 EraseBytes-
#186496	REDUCE cov: 448 ft: 1211 corp: 448/25Kb lim: 243 exec/s: 186496 rss: 145Mb L: 83/220 MS: 2 ChangeASCIIInt-EraseBytes-
#187487	REDUCE cov: 448 ft: 1211 corp: 448/25Kb lim: 250 exec/s: 187487 rss: 146Mb L: 130/220 MS: 1 EraseBytes-
#187555	REDUCE cov: 448 ft: 1211 corp: 448/25Kb lim: 250 exec/s: 187555 rss: 146Mb L: 38/220 MS: 3 CrossOver-ChangeASCIIInt-EraseBytes-
#188662	REDUCE cov: 448 ft: 1211 corp: 448/25Kb lim: 257 exec/s: 188662 rss: 146Mb L: 9/220 MS: 2 ChangeBinInt-EraseBytes-
#188703	REDUCE cov: 448 ft: 1211 corp: 448/25Kb lim: 257 exec/s: 188703 rss: 146Mb L: 26/220 MS: 1 EraseBytes-
#189114	REDUCE cov: 448 ft: 1211 corp: 448/25Kb lim: 257 exec/s: 189114 rss: 146Mb L: 74/220 MS: 1 EraseBytes-
#189220	REDUCE cov: 448 ft: 1211 corp: 448/25Kb lim: 257 exec/s: 189220 rss: 147Mb L: 53/220 MS: 1 EraseBytes-
#189876	REDUCE cov: 448 ft: 1211 corp: 448/25Kb lim: 257 exec/s: 189876 rss: 147Mb L: 48/220 MS: 1 EraseBytes-
#190067	REDUCE cov: 448 ft: 1211 corp: 448/25Kb lim: 257 exec/s: 190067 rss: 147Mb L: 15/220 MS: 1 EraseBytes-
#190073	REDUCE cov: 448 ft: 1211 corp: 448/25Kb lim: 257 exec/s: 190073 rss: 147Mb L: 46/220 MS: 1 EraseBytes-
#190215	REDUCE cov: 448 ft: 1211 corp: 448/25Kb lim: 257 exec/s: 190215 rss: 147Mb L: 72/220 MS: 2 ShuffleBytes-EraseBytes-
#190316	REDUCE cov: 448 ft: 1211 corp: 448/25Kb lim: 257 exec/s: 190316 rss: 147Mb L: 85/220 MS: 1 EraseBytes-
#190802	REDUCE cov: 448 ft: 1211 corp: 448/25Kb lim: 257 exec/s: 190802 rss: 147Mb L: 44/220 MS: 1 EraseBytes-
#190955	REDUCE cov: 448 ft: 1211 corp: 448/25Kb lim: 257 exec/s: 190955 rss: 147Mb L: 8/220 MS: 3 CopyPart-ChangeBit-EraseBytes-
#190986	REDUCE cov: 448 ft: 1211 corp: 448/25Kb lim: 257 exec/s: 190986 rss: 147Mb L: 40/220 MS: 1 EraseBytes-
#190997	REDUCE cov: 448 ft: 1211 corp: 448/25Kb lim: 257 exec/s: 190997 rss: 147Mb L: 47/220 MS: 1 EraseBytes-
#191220	REDUCE cov: 448 ft: 1211 corp: 448/25Kb lim: 257 exec/s: 191220 rss: 147Mb L: 55/220 MS: 3 ChangeBit-ChangeASCIIInt-EraseBytes-
#191571	REDUCE cov: 448 ft: 1211 corp: 448/25Kb lim: 257 exec/s: 191571 rss: 148Mb L: 136/220 MS: 1 EraseBytes-
#192442	REDUCE cov: 448 ft: 1211 corp: 448/25Kb lim: 265 exec/s: 192442 rss: 148Mb L: 52/220 MS: 1 EraseBytes-
#192863	REDUCE cov: 448 ft: 1211 corp: 448/25Kb lim: 265 exec/s: 192863 rss: 148Mb L: 57/220 MS: 1 EraseBytes-
#193121	REDUCE cov: 448 ft: 1211 corp: 448/25Kb lim: 265 exec/s: 193121 rss: 148Mb L: 43/220 MS: 3 CrossOver-ShuffleBytes-EraseBytes-
#193172	REDUCE cov: 448 ft: 1211 corp: 448/25Kb lim: 265 exec/s: 193172 rss: 148Mb L: 26/220 MS: 1 EraseBytes-
#193254	REDUCE cov: 448 ft: 1211 corp: 448/25Kb lim: 265 exec/s: 193254 rss: 148Mb L: 52/220 MS: 2 ChangeBit-EraseBytes-
#193520	REDUCE cov: 448 ft: 1211 corp: 448/25Kb lim: 265 exec/s: 193520 rss: 148Mb L: 50/220 MS: 1 EraseBytes-
#193542	REDUCE cov: 448 ft: 1211 corp: 448/25Kb lim: 265 exec/s: 193542 rss: 148Mb L: 100/220 MS: 2 ShuffleBytes-EraseBytes-
#193808	REDUCE cov: 448 ft: 1211 corp: 448/25Kb lim: 265 exec/s: 193808 rss: 149Mb L: 81/220 MS: 1 EraseBytes-
#194234	NEW    cov: 448 ft: 1219 corp: 449/25Kb lim: 265 exec/s: 194234 rss: 149Mb L: 250/250 MS: 1 CopyPart-
#194251	REDUCE cov: 448 ft: 1219 corp: 449/25Kb lim: 265 exec/s: 194251 rss: 149Mb L: 53/250 MS: 2 PersAutoDict-EraseBytes- DE: "\377\377\377\377"-
#194278	REDUCE cov: 448 ft: 1221 corp: 450/25Kb lim: 265 exec/s: 194278 rss: 149Mb L: 83/250 MS: 2 ChangeBit-CrossOver-
#194289	REDUCE cov: 448 ft: 1221 corp: 450/25Kb lim: 265 exec/s: 194289 rss: 149Mb L: 104/250 MS: 1 EraseBytes-
#194321	REDUCE cov: 448 ft: 1221 corp: 450/25Kb lim: 265 exec/s: 194321 rss: 149Mb L: 142/250 MS: 2 InsertByte-EraseBytes-
#194592	REDUCE cov: 448 ft: 1221 corp: 450/25Kb lim: 265 exec/s: 194592 rss: 149Mb L: 33/250 MS: 1 EraseBytes-
#194904	REDUCE cov: 448 ft: 1221 corp: 450/25Kb lim: 265 exec/s: 194904 rss: 149Mb L: 128/250 MS: 2 ChangeASCIIInt-EraseBytes-
#195023	REDUCE cov: 448 ft: 1221 corp: 450/25Kb lim: 265 exec/s: 195023 rss: 149Mb L: 84/250 MS: 4 ChangeBit-ChangeBinInt-InsertByte-EraseBytes-
#195474	REDUCE cov: 448 ft: 1221 corp: 450/25Kb lim: 265 exec/s: 195474 rss: 150Mb L: 31/250 MS: 1 EraseBytes-
#196586	REDUCE cov: 448 ft: 1221 corp: 450/25Kb lim: 273 exec/s: 196586 rss: 150Mb L: 16/250 MS: 2 ChangeBit-EraseBytes-
#197167	REDUCE cov: 448 ft: 1221 corp: 450/25Kb lim: 273 exec/s: 197167 rss: 150Mb L: 57/250 MS: 1 EraseBytes-
#197488	REDUCE cov: 448 ft: 1221 corp: 450/25Kb lim: 273 exec/s: 197488 rss: 150Mb L: 57/250 MS: 1 EraseBytes-
#197669	NEW    cov: 448 ft: 1225 corp: 451/25Kb lim: 273 exec/s: 197669 rss: 150Mb L: 200/250 MS: 1 EraseBytes-
#197796	REDUCE cov: 448 ft: 1226 corp: 452/25Kb lim: 273 exec/s: 197796 rss: 150Mb L: 59/250 MS: 2 ChangeBinInt-CopyPart-
#197812	REDUCE cov: 448 ft: 1226 corp: 452/25Kb lim: 273 exec/s: 197812 rss: 150Mb L: 51/250 MS: 1 EraseBytes-
#198013	REDUCE cov: 448 ft: 1226 corp: 452/25Kb lim: 273 exec/s: 198013 rss: 150Mb L: 20/250 MS: 1 EraseBytes-
#199224	REDUCE cov: 448 ft: 1227 corp: 453/25Kb lim: 281 exec/s: 199224 rss: 151Mb L: 159/250 MS: 1 CopyPart-
#199400	REDUCE cov: 448 ft: 1227 corp: 453/25Kb lim: 281 exec/s: 199400 rss: 151Mb L: 16/250 MS: 1 EraseBytes-
#199416	REDUCE cov: 448 ft: 1227 corp: 453/25Kb lim: 281 exec/s: 199416 rss: 151Mb L: 47/250 MS: 1 EraseBytes-
#199807	REDUCE cov: 448 ft: 1227 corp: 453/25Kb lim: 281 exec/s: 199807 rss: 151Mb L: 29/250 MS: 1 EraseBytes-
#199818	REDUCE cov: 448 ft: 1227 corp: 453/25Kb lim: 281 exec/s: 199818 rss: 151Mb L: 94/250 MS: 1 EraseBytes-
#199869	REDUCE cov: 448 ft: 1227 corp: 453/25Kb lim: 281 exec/s: 199869 rss: 151Mb L: 44/250 MS: 1 EraseBytes-
#200035	REDUCE cov: 448 ft: 1227 corp: 453/25Kb lim: 281 exec/s: 200035 rss: 151Mb L: 56/250 MS: 1 EraseBytes-
#200941	REDUCE cov: 448 ft: 1227 corp: 453/25Kb lim: 289 exec/s: 200941 rss: 152Mb L: 36/250 MS: 1 EraseBytes-
#201157	REDUCE cov: 448 ft: 1227 corp: 453/25Kb lim: 289 exec/s: 201157 rss: 152Mb L: 5/250 MS: 1 EraseBytes-
#201298	REDUCE cov: 448 ft: 1227 corp: 453/25Kb lim: 289 exec/s: 201298 rss: 152Mb L: 39/250 MS: 1 EraseBytes-
#201414	NEW    cov: 448 ft: 1228 corp: 454/25Kb lim: 289 exec/s: 201414 rss: 152Mb L: 273/273 MS: 1 CrossOver-
#201418	NEW    cov: 448 ft: 1229 corp: 455/26Kb lim: 289 exec/s: 201418 rss: 152Mb L: 281/281 MS: 4 ChangeASCIIInt-ChangeBinInt-ChangeByte-InsertRepeatedBytes-
#201969	REDUCE cov: 448 ft: 1229 corp: 455/26Kb lim: 289 exec/s: 201969 rss: 152Mb L: 96/281 MS: 1 EraseBytes-
#201971	REDUCE cov: 448 ft: 1229 corp: 455/26Kb lim: 289 exec/s: 201971 rss: 152Mb L: 36/281 MS: 2 CopyPart-EraseBytes-
#202497	REDUCE cov: 448 ft: 1229 corp: 455/26Kb lim: 289 exec/s: 202497 rss: 152Mb L: 51/281 MS: 1 EraseBytes-
#202817	REDUCE cov: 448 ft: 1229 corp: 455/26Kb lim: 289 exec/s: 202817 rss: 152Mb L: 39/281 MS: 5 ShuffleBytes-ShuffleBytes-ChangeBinInt-CopyPart-EraseBytes-
#203133	REDUCE cov: 448 ft: 1229 corp: 455/26Kb lim: 289 exec/s: 203133 rss: 153Mb L: 267/281 MS: 1 EraseBytes-
#203249	REDUCE cov: 448 ft: 1229 corp: 455/26Kb lim: 289 exec/s: 203249 rss: 153Mb L: 21/281 MS: 1 EraseBytes-
#203385	NEW    cov: 448 ft: 1231 corp: 456/26Kb lim: 289 exec/s: 203385 rss: 153Mb L: 289/289 MS: 1 CopyPart-
#203571	REDUCE cov: 448 ft: 1231 corp: 456/26Kb lim: 289 exec/s: 203571 rss: 153Mb L: 42/289 MS: 1 CrossOver-
#203802	REDUCE cov: 448 ft: 1231 corp: 456/26Kb lim: 289 exec/s: 203802 rss: 153Mb L: 57/289 MS: 1 EraseBytes-
#204169	REDUCE cov: 448 ft: 1234 corp: 457/26Kb lim: 289 exec/s: 204169 rss: 153Mb L: 239/289 MS: 2 CrossOver-CopyPart-
#204295	REDUCE cov: 448 ft: 1234 corp: 457/26Kb lim: 289 exec/s: 204295 rss: 153Mb L: 243/289 MS: 1 EraseBytes-
#204856	REDUCE cov: 448 ft: 1234 corp: 457/26Kb lim: 289 exec/s: 204856 rss: 153Mb L: 12/289 MS: 1 EraseBytes-
#205577	REDUCE cov: 448 ft: 1234 corp: 457/26Kb lim: 289 exec/s: 205577 rss: 154Mb L: 5/289 MS: 1 EraseBytes-
#205915	REDUCE cov: 448 ft: 1234 corp: 457/26Kb lim: 289 exec/s: 205915 rss: 154Mb L: 58/289 MS: 3 CMP-ChangeBinInt-EraseBytes- DE: "\001\000\000\001"-
#206766	REDUCE cov: 448 ft: 1236 corp: 458/26Kb lim: 297 exec/s: 206766 rss: 154Mb L: 192/289 MS: 1 InsertRepeatedBytes-
#206948	REDUCE cov: 448 ft: 1236 corp: 458/26Kb lim: 297 exec/s: 206948 rss: 154Mb L: 34/289 MS: 2 EraseBytes-CopyPart-
#207121	REDUCE cov: 448 ft: 1236 corp: 458/26Kb lim: 297 exec/s: 207121 rss: 154Mb L: 55/289 MS: 3 ChangeByte-ChangeByte-EraseBytes-
#207607	REDUCE cov: 448 ft: 1236 corp: 458/26Kb lim: 297 exec/s: 207607 rss: 154Mb L: 106/289 MS: 1 EraseBytes-
#207795	REDUCE cov: 448 ft: 1236 corp: 458/26Kb lim: 297 exec/s: 207795 rss: 155Mb L: 109/289 MS: 3 ChangeASCIIInt-ChangeASCIIInt-EraseBytes-
#208016	REDUCE cov: 448 ft: 1236 corp: 458/26Kb lim: 297 exec/s: 208016 rss: 155Mb L: 73/289 MS: 1 EraseBytes-
#208712	REDUCE cov: 448 ft: 1236 corp: 458/26Kb lim: 297 exec/s: 208712 rss: 155Mb L: 85/289 MS: 1 EraseBytes-
#209078	REDUCE cov: 448 ft: 1236 corp: 458/26Kb lim: 297 exec/s: 209078 rss: 155Mb L: 215/289 MS: 1 EraseBytes-
#209629	REDUCE cov: 448 ft: 1236 corp: 458/26Kb lim: 297 exec/s: 209629 rss: 155Mb L: 79/289 MS: 1 EraseBytes-
#209822	REDUCE cov: 448 ft: 1236 corp: 458/26Kb lim: 297 exec/s: 209822 rss: 155Mb L: 38/289 MS: 3 ChangeBit-ChangeBinInt-EraseBytes-
#210038	REDUCE cov: 448 ft: 1236 corp: 458/26Kb lim: 297 exec/s: 210038 rss: 155Mb L: 21/289 MS: 1 EraseBytes-
#210220	REDUCE cov: 448 ft: 1236 corp: 458/26Kb lim: 297 exec/s: 210220 rss: 156Mb L: 97/289 MS: 2 InsertByte-EraseBytes-
#210376	REDUCE cov: 448 ft: 1236 corp: 458/26Kb lim: 297 exec/s: 210376 rss: 156Mb L: 74/289 MS: 1 EraseBytes-
#211218	REDUCE cov: 448 ft: 1236 corp: 458/26Kb lim: 305 exec/s: 211218 rss: 156Mb L: 41/289 MS: 2 ShuffleBytes-EraseBytes-
#211578	REDUCE cov: 448 ft: 1236 corp: 458/26Kb lim: 305 exec/s: 211578 rss: 156Mb L: 82/289 MS: 5 PersAutoDict-ShuffleBytes-ChangeBit-ChangeByte-EraseBytes- DE: "\000\000\000\000"-
#212434	REDUCE cov: 448 ft: 1236 corp: 458/26Kb lim: 313 exec/s: 212434 rss: 156Mb L: 24/289 MS: 1 EraseBytes-
#212595	REDUCE cov: 448 ft: 1237 corp: 459/26Kb lim: 313 exec/s: 212595 rss: 156Mb L: 251/289 MS: 1 CopyPart-
#213186	REDUCE cov: 448 ft: 1237 corp: 459/26Kb lim: 313 exec/s: 213186 rss: 157Mb L: 34/289 MS: 1 EraseBytes-
#213307	REDUCE cov: 448 ft: 1237 corp: 459/26Kb lim: 313 exec/s: 213307 rss: 157Mb L: 34/289 MS: 1 EraseBytes-
#214108	REDUCE cov: 448 ft: 1237 corp: 459/26Kb lim: 313 exec/s: 214108 rss: 157Mb L: 65/289 MS: 1 EraseBytes-
#214229	NEW    cov: 448 ft: 1239 corp: 460/27Kb lim: 313 exec/s: 214229 rss: 157Mb L: 245/289 MS: 1 CopyPart-
#214505	REDUCE cov: 448 ft: 1239 corp: 460/27Kb lim: 313 exec/s: 214505 rss: 157Mb L: 48/289 MS: 1 EraseBytes-
#214891	REDUCE cov: 448 ft: 1239 corp: 460/27Kb lim: 313 exec/s: 214891 rss: 157Mb L: 64/289 MS: 1 EraseBytes-
#215037	NEW    cov: 448 ft: 1240 corp: 461/27Kb lim: 313 exec/s: 215037 rss: 157Mb L: 253/289 MS: 1 PersAutoDict- DE: "<\000\000\000\000\000\000\000"-
#215038	REDUCE cov: 448 ft: 1240 corp: 461/27Kb lim: 313 exec/s: 215038 rss: 158Mb L: 9/289 MS: 1 EraseBytes-
#215359	REDUCE cov: 448 ft: 1240 corp: 461/27Kb lim: 313 exec/s: 215359 rss: 158Mb L: 65/289 MS: 1 EraseBytes-
#215410	NEW    cov: 448 ft: 1241 corp: 462/27Kb lim: 313 exec/s: 215410 rss: 158Mb L: 259/289 MS: 1 InsertRepeatedBytes-
#215581	REDUCE cov: 448 ft: 1243 corp: 463/27Kb lim: 313 exec/s: 215581 rss: 158Mb L: 81/289 MS: 1 EraseBytes-
#215712	REDUCE cov: 448 ft: 1243 corp: 463/27Kb lim: 313 exec/s: 215712 rss: 158Mb L: 24/289 MS: 1 EraseBytes-
#216439	REDUCE cov: 448 ft: 1243 corp: 463/27Kb lim: 313 exec/s: 216439 rss: 158Mb L: 25/289 MS: 2 ChangeBit-EraseBytes-
#216630	REDUCE cov: 448 ft: 1243 corp: 463/27Kb lim: 313 exec/s: 216630 rss: 158Mb L: 70/289 MS: 1 EraseBytes-
#216707	REDUCE cov: 448 ft: 1243 corp: 463/27Kb lim: 313 exec/s: 216707 rss: 158Mb L: 30/289 MS: 2 ShuffleBytes-EraseBytes-
#216734	REDUCE cov: 448 ft: 1243 corp: 463/27Kb lim: 313 exec/s: 216734 rss: 158Mb L: 57/289 MS: 2 InsertByte-EraseBytes-
#217500	REDUCE cov: 448 ft: 1243 corp: 463/27Kb lim: 313 exec/s: 217500 rss: 159Mb L: 44/289 MS: 1 EraseBytes-
#217981	REDUCE cov: 448 ft: 1243 corp: 463/27Kb lim: 313 exec/s: 217981 rss: 159Mb L: 50/289 MS: 1 EraseBytes-
#217982	NEW    cov: 448 ft: 1244 corp: 464/27Kb lim: 313 exec/s: 217982 rss: 159Mb L: 81/289 MS: 1 ChangeBit-
#218064	REDUCE cov: 448 ft: 1245 corp: 465/27Kb lim: 313 exec/s: 218064 rss: 159Mb L: 50/289 MS: 2 ChangeByte-CrossOver-
#218270	REDUCE cov: 448 ft: 1245 corp: 465/27Kb lim: 313 exec/s: 218270 rss: 159Mb L: 20/289 MS: 1 EraseBytes-
#219061	NEW    cov: 448 ft: 1246 corp: 466/28Kb lim: 313 exec/s: 219061 rss: 159Mb L: 217/289 MS: 1 CopyPart-
#219137	REDUCE cov: 448 ft: 1246 corp: 466/28Kb lim: 313 exec/s: 219137 rss: 159Mb L: 85/289 MS: 1 EraseBytes-
#219234	REDUCE cov: 448 ft: 1246 corp: 466/28Kb lim: 313 exec/s: 219234 rss: 160Mb L: 68/289 MS: 2 ShuffleBytes-EraseBytes-
#219950	REDUCE cov: 448 ft: 1246 corp: 466/28Kb lim: 313 exec/s: 219950 rss: 160Mb L: 14/289 MS: 1 EraseBytes-
#220237	REDUCE cov: 448 ft: 1246 corp: 466/28Kb lim: 313 exec/s: 220237 rss: 160Mb L: 128/289 MS: 2 InsertByte-EraseBytes-
#220334	REDUCE cov: 448 ft: 1246 corp: 466/28Kb lim: 313 exec/s: 220334 rss: 160Mb L: 34/289 MS: 2 CMP-EraseBytes- DE: "\027\000\000\000\000\000\000\000"-
#220555	REDUCE cov: 448 ft: 1246 corp: 466/28Kb lim: 313 exec/s: 220555 rss: 160Mb L: 38/289 MS: 1 EraseBytes-
#220931	REDUCE cov: 448 ft: 1246 corp: 466/27Kb lim: 313 exec/s: 220931 rss: 160Mb L: 34/289 MS: 1 EraseBytes-
#220962	REDUCE cov: 448 ft: 1246 corp: 466/27Kb lim: 313 exec/s: 220962 rss: 160Mb L: 50/289 MS: 1 EraseBytes-
#221504	REDUCE cov: 448 ft: 1246 corp: 466/27Kb lim: 313 exec/s: 221504 rss: 160Mb L: 67/289 MS: 2 ChangeByte-EraseBytes-
#221755	REDUCE cov: 448 ft: 1246 corp: 466/27Kb lim: 313 exec/s: 221755 rss: 161Mb L: 68/289 MS: 1 EraseBytes-
#221761	REDUCE cov: 448 ft: 1247 corp: 467/28Kb lim: 313 exec/s: 221761 rss: 161Mb L: 39/289 MS: 1 InsertByte-
#221808	REDUCE cov: 449 ft: 1248 corp: 468/28Kb lim: 313 exec/s: 221808 rss: 161Mb L: 199/289 MS: 2 ChangeBit-InsertRepeatedBytes-
#222664	REDUCE cov: 449 ft: 1248 corp: 468/28Kb lim: 321 exec/s: 222664 rss: 161Mb L: 261/281 MS: 1 EraseBytes-
#223015	REDUCE cov: 449 ft: 1248 corp: 468/28Kb lim: 321 exec/s: 223015 rss: 161Mb L: 40/281 MS: 1 EraseBytes-
#223201	REDUCE cov: 449 ft: 1248 corp: 468/28Kb lim: 321 exec/s: 223201 rss: 161Mb L: 38/281 MS: 1 EraseBytes-
#223637	REDUCE cov: 449 ft: 1248 corp: 468/28Kb lim: 321 exec/s: 223637 rss: 162Mb L: 45/281 MS: 1 EraseBytes-
#224018	REDUCE cov: 449 ft: 1248 corp: 468/28Kb lim: 321 exec/s: 224018 rss: 162Mb L: 39/281 MS: 1 EraseBytes-
#225239	NEW    cov: 449 ft: 1249 corp: 469/28Kb lim: 329 exec/s: 225239 rss: 162Mb L: 178/281 MS: 1 CrossOver-
#225591	REDUCE cov: 449 ft: 1249 corp: 469/28Kb lim: 329 exec/s: 225591 rss: 162Mb L: 64/281 MS: 2 ChangeASCIIInt-EraseBytes-
#225877	REDUCE cov: 449 ft: 1249 corp: 469/28Kb lim: 329 exec/s: 225877 rss: 162Mb L: 175/281 MS: 1 EraseBytes-
#225968	REDUCE cov: 449 ft: 1249 corp: 469/28Kb lim: 329 exec/s: 225968 rss: 162Mb L: 57/281 MS: 1 EraseBytes-
#226008	REDUCE cov: 449 ft: 1249 corp: 469/28Kb lim: 329 exec/s: 226008 rss: 163Mb L: 184/281 MS: 5 ChangeASCIIInt-ShuffleBytes-ChangeByte-ChangeASCIIInt-EraseBytes-
#226305	NEW    cov: 449 ft: 1250 corp: 470/28Kb lim: 329 exec/s: 226305 rss: 163Mb L: 284/284 MS: 2 ChangeASCIIInt-CopyPart-
#226363	REDUCE cov: 449 ft: 1250 corp: 470/28Kb lim: 329 exec/s: 226363 rss: 163Mb L: 36/284 MS: 3 ChangeASCIIInt-PersAutoDict-EraseBytes- DE: "\004\000"-
#226464	REDUCE cov: 449 ft: 1250 corp: 470/28Kb lim: 329 exec/s: 226464 rss: 163Mb L: 73/284 MS: 1 EraseBytes-
#226771	REDUCE cov: 449 ft: 1250 corp: 470/28Kb lim: 329 exec/s: 226771 rss: 163Mb L: 42/284 MS: 2 ShuffleBytes-EraseBytes-
#226934	REDUCE cov: 449 ft: 1250 corp: 470/28Kb lim: 329 exec/s: 226934 rss: 163Mb L: 54/284 MS: 3 InsertByte-PersAutoDict-EraseBytes- DE: "\377\377\377\377"-
#227020	NEW    cov: 449 ft: 1252 corp: 471/28Kb lim: 329 exec/s: 227020 rss: 163Mb L: 258/284 MS: 1 CopyPart-
#228027	REDUCE cov: 449 ft: 1252 corp: 471/28Kb lim: 337 exec/s: 228027 rss: 163Mb L: 80/284 MS: 2 ChangeBinInt-EraseBytes-
#228074	REDUCE cov: 449 ft: 1252 corp: 471/28Kb lim: 337 exec/s: 228074 rss: 163Mb L: 63/284 MS: 2 InsertByte-EraseBytes-
#228135	REDUCE cov: 449 ft: 1252 corp: 471/28Kb lim: 337 exec/s: 228135 rss: 163Mb L: 28/284 MS: 1 EraseBytes-
#228478	NEW    cov: 449 ft: 1253 corp: 472/28Kb lim: 337 exec/s: 228478 rss: 164Mb L: 104/284 MS: 3 ChangeByte-ShuffleBytes-CopyPart-
#228622	REDUCE cov: 449 ft: 1253 corp: 472/28Kb lim: 337 exec/s: 228622 rss: 164Mb L: 155/284 MS: 4 CrossOver-ChangeBit-PersAutoDict-EraseBytes- DE: "\001\000\000\000"-
#229289	REDUCE cov: 449 ft: 1253 corp: 472/28Kb lim: 337 exec/s: 229289 rss: 164Mb L: 60/284 MS: 2 InsertRepeatedBytes-EraseBytes-
#229685	REDUCE cov: 449 ft: 1253 corp: 472/28Kb lim: 337 exec/s: 229685 rss: 164Mb L: 24/284 MS: 1 EraseBytes-
#229772	REDUCE cov: 449 ft: 1253 corp: 472/28Kb lim: 337 exec/s: 229772 rss: 164Mb L: 36/284 MS: 2 CMP-EraseBytes- DE: "\001\000\000\000"-
#230524	REDUCE cov: 449 ft: 1253 corp: 472/28Kb lim: 337 exec/s: 230524 rss: 164Mb L: 68/284 MS: 2 InsertByte-EraseBytes-
#230643	NEW    cov: 449 ft: 1255 corp: 473/28Kb lim: 337 exec/s: 230643 rss: 164Mb L: 111/284 MS: 4 CopyPart-CopyPart-InsertByte-CopyPart-
#231919	REDUCE cov: 449 ft: 1255 corp: 473/28Kb lim: 345 exec/s: 231919 rss: 165Mb L: 52/284 MS: 1 EraseBytes-
#232080	REDUCE cov: 449 ft: 1255 corp: 473/28Kb lim: 345 exec/s: 232080 rss: 165Mb L: 38/284 MS: 1 EraseBytes-
#232580	NEW    cov: 449 ft: 1256 corp: 474/29Kb lim: 345 exec/s: 232580 rss: 165Mb L: 185/284 MS: 5 CopyPart-ChangeBit-CopyPart-ShuffleBytes-EraseBytes-
#232901	REDUCE cov: 449 ft: 1256 corp: 474/29Kb lim: 345 exec/s: 232901 rss: 165Mb L: 104/284 MS: 1 EraseBytes-
#233079	REDUCE cov: 449 ft: 1256 corp: 474/29Kb lim: 345 exec/s: 233079 rss: 166Mb L: 80/284 MS: 3 InsertByte-InsertByte-EraseBytes-
#233786	NEW    cov: 450 ft: 1257 corp: 475/29Kb lim: 345 exec/s: 233786 rss: 166Mb L: 40/284 MS: 2 ChangeASCIIInt-CrossOver-
#233963	REDUCE cov: 450 ft: 1257 corp: 475/29Kb lim: 345 exec/s: 233963 rss: 166Mb L: 7/284 MS: 2 ChangeBinInt-EraseBytes-
#234004	REDUCE cov: 450 ft: 1257 corp: 475/29Kb lim: 345 exec/s: 234004 rss: 166Mb L: 27/284 MS: 1 EraseBytes-
#234285	REDUCE cov: 450 ft: 1257 corp: 475/29Kb lim: 345 exec/s: 234285 rss: 166Mb L: 23/284 MS: 1 EraseBytes-
#234501	REDUCE cov: 450 ft: 1257 corp: 475/29Kb lim: 345 exec/s: 234501 rss: 166Mb L: 46/284 MS: 1 EraseBytes-
#234522	NEW    cov: 450 ft: 1262 corp: 476/29Kb lim: 345 exec/s: 234522 rss: 166Mb L: 327/327 MS: 1 CopyPart-
#234595	REDUCE cov: 450 ft: 1262 corp: 476/29Kb lim: 345 exec/s: 234595 rss: 166Mb L: 40/327 MS: 3 ShuffleBytes-ChangeBit-EraseBytes-
#234616	REDUCE cov: 451 ft: 1263 corp: 477/29Kb lim: 345 exec/s: 234616 rss: 166Mb L: 38/327 MS: 1 InsertByte-
#235292	REDUCE cov: 451 ft: 1263 corp: 477/29Kb lim: 345 exec/s: 235292 rss: 167Mb L: 71/327 MS: 1 EraseBytes-
#235639	REDUCE cov: 451 ft: 1263 corp: 477/29Kb lim: 345 exec/s: 235639 rss: 167Mb L: 28/327 MS: 2 CopyPart-EraseBytes-
#235988	REDUCE cov: 451 ft: 1263 corp: 477/29Kb lim: 345 exec/s: 235988 rss: 167Mb L: 5/327 MS: 4 ShuffleBytes-ChangeByte-ChangeByte-EraseBytes-
#236989	REDUCE cov: 451 ft: 1265 corp: 478/29Kb lim: 353 exec/s: 236989 rss: 167Mb L: 87/327 MS: 1 CMP- DE: "\377\377\377\377"-
#237068	REDUCE cov: 451 ft: 1265 corp: 478/29Kb lim: 353 exec/s: 237068 rss: 167Mb L: 155/327 MS: 4 EraseBytes-InsertByte-ChangeBit-CopyPart-
#237134	REDUCE cov: 451 ft: 1265 corp: 478/29Kb lim: 353 exec/s: 237134 rss: 168Mb L: 56/327 MS: 1 EraseBytes-
#237260	NEW    cov: 451 ft: 1271 corp: 479/29Kb lim: 353 exec/s: 237260 rss: 168Mb L: 336/336 MS: 1 CopyPart-
#237382	NEW    cov: 451 ft: 1272 corp: 480/29Kb lim: 353 exec/s: 237382 rss: 168Mb L: 96/336 MS: 2 InsertByte-CopyPart-
#237643	REDUCE cov: 451 ft: 1272 corp: 480/29Kb lim: 353 exec/s: 237643 rss: 168Mb L: 82/336 MS: 1 EraseBytes-
#237719	NEW    cov: 451 ft: 1279 corp: 481/30Kb lim: 353 exec/s: 237719 rss: 168Mb L: 140/336 MS: 1 CopyPart-
#237936	REDUCE cov: 451 ft: 1279 corp: 481/30Kb lim: 353 exec/s: 237936 rss: 168Mb L: 71/336 MS: 2 ChangeASCIIInt-EraseBytes-
#238307	NEW    cov: 451 ft: 1287 corp: 482/30Kb lim: 353 exec/s: 238307 rss: 168Mb L: 326/336 MS: 1 CopyPart-
#238318	REDUCE cov: 451 ft: 1289 corp: 483/30Kb lim: 353 exec/s: 238318 rss: 168Mb L: 32/336 MS: 1 InsertByte-
#238444	REDUCE cov: 451 ft: 1289 corp: 483/30Kb lim: 353 exec/s: 238444 rss: 168Mb L: 63/336 MS: 1 EraseBytes-
#238751	REDUCE cov: 451 ft: 1289 corp: 483/30Kb lim: 353 exec/s: 238751 rss: 168Mb L: 68/336 MS: 2 ChangeBinInt-EraseBytes-
#238792	REDUCE cov: 451 ft: 1289 corp: 483/30Kb lim: 353 exec/s: 238792 rss: 169Mb L: 137/336 MS: 1 EraseBytes-
#240283	REDUCE cov: 451 ft: 1289 corp: 483/30Kb lim: 361 exec/s: 240283 rss: 169Mb L: 76/336 MS: 1 EraseBytes-
#240304	NEW    cov: 451 ft: 1290 corp: 484/30Kb lim: 361 exec/s: 240304 rss: 169Mb L: 357/357 MS: 1 CopyPart-
#240425	REDUCE cov: 451 ft: 1290 corp: 484/30Kb lim: 361 exec/s: 240425 rss: 169Mb L: 93/357 MS: 1 EraseBytes-
#240566	REDUCE cov: 451 ft: 1290 corp: 484/30Kb lim: 361 exec/s: 240566 rss: 169Mb L: 105/357 MS: 1 EraseBytes-
#240717	REDUCE cov: 451 ft: 1290 corp: 484/30Kb lim: 361 exec/s: 240717 rss: 169Mb L: 323/357 MS: 1 EraseBytes-
#240762	REDUCE cov: 451 ft: 1290 corp: 484/30Kb lim: 361 exec/s: 240762 rss: 169Mb L: 33/357 MS: 5 EraseBytes-EraseBytes-ChangeByte-InsertByte-CopyPart-
#241148	REDUCE cov: 451 ft: 1290 corp: 484/30Kb lim: 361 exec/s: 241148 rss: 169Mb L: 10/357 MS: 1 EraseBytes-
#241364	REDUCE cov: 451 ft: 1290 corp: 484/30Kb lim: 361 exec/s: 241364 rss: 169Mb L: 68/357 MS: 1 EraseBytes-
#241369	REDUCE cov: 451 ft: 1290 corp: 484/30Kb lim: 361 exec/s: 241369 rss: 170Mb L: 15/357 MS: 5 ShuffleBytes-ChangeBit-CMP-CMP-EraseBytes- DE: "\001\000\000\000"-"\374\377\377\377\377\377\377\377"-
#242045	REDUCE cov: 451 ft: 1290 corp: 484/30Kb lim: 361 exec/s: 242045 rss: 170Mb L: 75/357 MS: 1 EraseBytes-
#242426	REDUCE cov: 451 ft: 1290 corp: 484/30Kb lim: 361 exec/s: 242426 rss: 170Mb L: 242/357 MS: 1 EraseBytes-
#242767	REDUCE cov: 451 ft: 1290 corp: 484/30Kb lim: 361 exec/s: 242767 rss: 170Mb L: 29/357 MS: 1 EraseBytes-
#242798	REDUCE cov: 451 ft: 1290 corp: 484/30Kb lim: 361 exec/s: 242798 rss: 170Mb L: 53/357 MS: 1 EraseBytes-
#242839	REDUCE cov: 451 ft: 1290 corp: 484/30Kb lim: 361 exec/s: 242839 rss: 170Mb L: 150/357 MS: 1 EraseBytes-
#242970	REDUCE cov: 451 ft: 1290 corp: 484/30Kb lim: 361 exec/s: 242970 rss: 170Mb L: 121/357 MS: 1 EraseBytes-
#243167	REDUCE cov: 451 ft: 1290 corp: 484/30Kb lim: 361 exec/s: 243167 rss: 170Mb L: 13/357 MS: 2 InsertByte-EraseBytes-
#243173	REDUCE cov: 451 ft: 1291 corp: 485/30Kb lim: 361 exec/s: 243173 rss: 170Mb L: 326/357 MS: 1 InsertRepeatedBytes-
#243499	REDUCE cov: 451 ft: 1291 corp: 485/30Kb lim: 361 exec/s: 243499 rss: 171Mb L: 68/357 MS: 1 EraseBytes-
#243694	REDUCE cov: 451 ft: 1291 corp: 485/30Kb lim: 361 exec/s: 243694 rss: 171Mb L: 43/357 MS: 5 CopyPart-CopyPart-ChangeByte-ChangeASCIIInt-EraseBytes-
#244115	REDUCE cov: 451 ft: 1291 corp: 485/30Kb lim: 361 exec/s: 244115 rss: 171Mb L: 62/357 MS: 1 EraseBytes-
#244446	REDUCE cov: 451 ft: 1291 corp: 485/30Kb lim: 361 exec/s: 244446 rss: 171Mb L: 86/357 MS: 1 EraseBytes-
#244742	REDUCE cov: 451 ft: 1291 corp: 485/30Kb lim: 361 exec/s: 244742 rss: 171Mb L: 43/357 MS: 1 EraseBytes-
#244879	REDUCE cov: 451 ft: 1291 corp: 485/30Kb lim: 361 exec/s: 244879 rss: 171Mb L: 63/357 MS: 2 ChangeBinInt-EraseBytes-
#245220	REDUCE cov: 451 ft: 1291 corp: 485/30Kb lim: 361 exec/s: 245220 rss: 172Mb L: 19/357 MS: 1 EraseBytes-
#245462	REDUCE cov: 451 ft: 1291 corp: 485/30Kb lim: 361 exec/s: 245462 rss: 172Mb L: 208/357 MS: 2 ChangeBit-EraseBytes-
#246213	REDUCE cov: 451 ft: 1293 corp: 486/30Kb lim: 361 exec/s: 246213 rss: 172Mb L: 128/357 MS: 1 InsertRepeatedBytes-
#246304	REDUCE cov: 451 ft: 1293 corp: 486/30Kb lim: 361 exec/s: 246304 rss: 172Mb L: 24/357 MS: 1 EraseBytes-
#246373	REDUCE cov: 451 ft: 1293 corp: 486/30Kb lim: 361 exec/s: 246373 rss: 172Mb L: 54/357 MS: 4 PersAutoDict-ChangeASCIIInt-ChangeByte-EraseBytes- DE: "\377\377"-
#246540	REDUCE cov: 451 ft: 1293 corp: 486/30Kb lim: 361 exec/s: 246540 rss: 172Mb L: 27/357 MS: 2 ChangeByte-EraseBytes-
#247436	REDUCE cov: 451 ft: 1293 corp: 486/30Kb lim: 369 exec/s: 247436 rss: 172Mb L: 61/357 MS: 1 EraseBytes-
#247717	REDUCE cov: 451 ft: 1293 corp: 486/30Kb lim: 369 exec/s: 247717 rss: 173Mb L: 36/357 MS: 1 EraseBytes-
#247919	REDUCE cov: 451 ft: 1293 corp: 486/30Kb lim: 369 exec/s: 247919 rss: 173Mb L: 65/357 MS: 2 InsertByte-EraseBytes-
#247941	REDUCE cov: 451 ft: 1293 corp: 486/30Kb lim: 369 exec/s: 247941 rss: 173Mb L: 57/357 MS: 2 ShuffleBytes-EraseBytes-
#248002	REDUCE cov: 451 ft: 1293 corp: 486/30Kb lim: 369 exec/s: 248002 rss: 173Mb L: 59/357 MS: 1 EraseBytes-
#248318	REDUCE cov: 451 ft: 1293 corp: 486/30Kb lim: 369 exec/s: 248318 rss: 173Mb L: 63/357 MS: 1 EraseBytes-
#248914	REDUCE cov: 451 ft: 1293 corp: 486/30Kb lim: 369 exec/s: 248914 rss: 173Mb L: 147/357 MS: 1 EraseBytes-
#249155	REDUCE cov: 451 ft: 1293 corp: 486/30Kb lim: 369 exec/s: 249155 rss: 173Mb L: 40/357 MS: 1 EraseBytes-
#249226	REDUCE cov: 451 ft: 1294 corp: 487/31Kb lim: 369 exec/s: 249226 rss: 173Mb L: 140/357 MS: 1 CopyPart-
#249544	REDUCE cov: 451 ft: 1294 corp: 487/31Kb lim: 369 exec/s: 249544 rss: 173Mb L: 28/357 MS: 3 CopyPart-ChangeBinInt-EraseBytes-
#250575	REDUCE cov: 451 ft: 1294 corp: 487/31Kb lim: 377 exec/s: 250575 rss: 174Mb L: 21/357 MS: 1 EraseBytes-
#251622	REDUCE cov: 451 ft: 1294 corp: 487/31Kb lim: 385 exec/s: 251622 rss: 174Mb L: 44/357 MS: 2 ChangeBinInt-EraseBytes-
#252693	REDUCE cov: 451 ft: 1294 corp: 487/31Kb lim: 393 exec/s: 252693 rss: 175Mb L: 32/357 MS: 1 EraseBytes-
#252794	REDUCE cov: 451 ft: 1294 corp: 487/31Kb lim: 393 exec/s: 252794 rss: 175Mb L: 49/357 MS: 1 EraseBytes-
#252820	REDUCE cov: 451 ft: 1294 corp: 487/31Kb lim: 393 exec/s: 252820 rss: 175Mb L: 31/357 MS: 1 EraseBytes-
#252999	REDUCE cov: 451 ft: 1294 corp: 487/31Kb lim: 393 exec/s: 252999 rss: 175Mb L: 182/357 MS: 4 InsertByte-ChangeBit-PersAutoDict-EraseBytes- DE: "\000\000\000\000\000\000\000\000"-
#253245	REDUCE cov: 451 ft: 1294 corp: 487/31Kb lim: 393 exec/s: 253245 rss: 175Mb L: 39/357 MS: 1 EraseBytes-
#253637	NEW    cov: 451 ft: 1296 corp: 488/31Kb lim: 393 exec/s: 253637 rss: 175Mb L: 128/357 MS: 2 ShuffleBytes-ChangeByte-
#253708	REDUCE cov: 451 ft: 1296 corp: 488/31Kb lim: 393 exec/s: 253708 rss: 175Mb L: 178/357 MS: 1 EraseBytes-
#254034	REDUCE cov: 451 ft: 1296 corp: 488/31Kb lim: 393 exec/s: 254034 rss: 176Mb L: 162/357 MS: 1 EraseBytes-
#254713	REDUCE cov: 451 ft: 1296 corp: 488/31Kb lim: 393 exec/s: 254713 rss: 176Mb L: 88/357 MS: 4 InsertByte-ShuffleBytes-ChangeBit-EraseBytes-
#254764	REDUCE cov: 451 ft: 1296 corp: 488/31Kb lim: 393 exec/s: 254764 rss: 176Mb L: 51/357 MS: 1 EraseBytes-
#254876	REDUCE cov: 451 ft: 1296 corp: 488/31Kb lim: 393 exec/s: 254876 rss: 176Mb L: 107/357 MS: 2 EraseBytes-EraseBytes-
#254877	REDUCE cov: 451 ft: 1296 corp: 488/31Kb lim: 393 exec/s: 254877 rss: 176Mb L: 7/357 MS: 1 EraseBytes-
#255229	REDUCE cov: 451 ft: 1296 corp: 488/31Kb lim: 393 exec/s: 255229 rss: 176Mb L: 18/357 MS: 2 InsertByte-EraseBytes-
#255315	REDUCE cov: 451 ft: 1296 corp: 488/31Kb lim: 393 exec/s: 255315 rss: 176Mb L: 37/357 MS: 1 EraseBytes-
#255941	REDUCE cov: 451 ft: 1296 corp: 488/31Kb lim: 393 exec/s: 255941 rss: 176Mb L: 51/357 MS: 1 EraseBytes-
#256665	REDUCE cov: 451 ft: 1296 corp: 488/31Kb lim: 393 exec/s: 256665 rss: 177Mb L: 58/357 MS: 4 ChangeBinInt-CMP-CopyPart-EraseBytes- DE: "\377\377"-
#256706	REDUCE cov: 451 ft: 1296 corp: 488/31Kb lim: 393 exec/s: 256706 rss: 177Mb L: 15/357 MS: 1 EraseBytes-
#256797	REDUCE cov: 451 ft: 1296 corp: 488/31Kb lim: 393 exec/s: 256797 rss: 177Mb L: 43/357 MS: 1 EraseBytes-
#257018	REDUCE cov: 451 ft: 1296 corp: 488/31Kb lim: 393 exec/s: 257018 rss: 177Mb L: 73/357 MS: 1 EraseBytes-
#257495	REDUCE cov: 451 ft: 1296 corp: 488/31Kb lim: 393 exec/s: 257495 rss: 177Mb L: 48/357 MS: 2 ChangeBit-EraseBytes-
#257991	REDUCE cov: 451 ft: 1296 corp: 488/31Kb lim: 393 exec/s: 257991 rss: 177Mb L: 14/357 MS: 1 EraseBytes-
#258493	NEW    cov: 451 ft: 1297 corp: 489/31Kb lim: 393 exec/s: 258493 rss: 177Mb L: 370/370 MS: 2 PersAutoDict-CopyPart- DE: "\377\377\377\377"-
#258509	REDUCE cov: 451 ft: 1297 corp: 489/31Kb lim: 393 exec/s: 258509 rss: 177Mb L: 21/370 MS: 1 EraseBytes-
#259320	REDUCE cov: 451 ft: 1297 corp: 489/31Kb lim: 401 exec/s: 259320 rss: 178Mb L: 18/370 MS: 1 EraseBytes-
#259333	REDUCE cov: 451 ft: 1297 corp: 489/31Kb lim: 401 exec/s: 259333 rss: 178Mb L: 63/370 MS: 3 ChangeASCIIInt-ChangeASCIIInt-EraseBytes-
#259439	NEW    cov: 451 ft: 1304 corp: 490/31Kb lim: 401 exec/s: 259439 rss: 178Mb L: 191/370 MS: 1 InsertRepeatedBytes-
#260100	REDUCE cov: 451 ft: 1304 corp: 490/31Kb lim: 401 exec/s: 260100 rss: 178Mb L: 219/370 MS: 1 EraseBytes-
#260332	REDUCE cov: 451 ft: 1304 corp: 490/31Kb lim: 401 exec/s: 260332 rss: 178Mb L: 54/370 MS: 2 ChangeByte-EraseBytes-
#260558	REDUCE cov: 451 ft: 1304 corp: 490/31Kb lim: 401 exec/s: 260558 rss: 178Mb L: 35/370 MS: 1 EraseBytes-
#260634	REDUCE cov: 451 ft: 1304 corp: 490/31Kb lim: 401 exec/s: 260634 rss: 178Mb L: 77/370 MS: 1 EraseBytes-
#261350	REDUCE cov: 451 ft: 1305 corp: 491/31Kb lim: 401 exec/s: 261350 rss: 179Mb L: 174/370 MS: 1 InsertRepeatedBytes-
#261576	REDUCE cov: 451 ft: 1305 corp: 491/31Kb lim: 401 exec/s: 261576 rss: 179Mb L: 77/370 MS: 1 EraseBytes-
#261648	REDUCE cov: 451 ft: 1305 corp: 491/31Kb lim: 401 exec/s: 261648 rss: 179Mb L: 109/370 MS: 2 EraseBytes-ChangeBit-
#261919	REDUCE cov: 451 ft: 1305 corp: 491/31Kb lim: 401 exec/s: 261919 rss: 179Mb L: 315/370 MS: 1 EraseBytes-
#262080	REDUCE cov: 451 ft: 1305 corp: 491/31Kb lim: 401 exec/s: 262080 rss: 179Mb L: 4/370 MS: 1 EraseBytes-
#262096	REDUCE cov: 451 ft: 1305 corp: 491/31Kb lim: 401 exec/s: 262096 rss: 179Mb L: 86/370 MS: 1 EraseBytes-
#262189	NEW    cov: 451 ft: 1306 corp: 492/31Kb lim: 401 exec/s: 262189 rss: 179Mb L: 64/370 MS: 3 CopyPart-ChangeASCIIInt-CopyPart-
#262195	REDUCE cov: 451 ft: 1306 corp: 492/31Kb lim: 401 exec/s: 262195 rss: 179Mb L: 153/370 MS: 1 EraseBytes-
#262432	REDUCE cov: 451 ft: 1306 corp: 492/31Kb lim: 401 exec/s: 262432 rss: 179Mb L: 47/370 MS: 2 ShuffleBytes-EraseBytes-
#263156	REDUCE cov: 451 ft: 1306 corp: 492/31Kb lim: 401 exec/s: 263156 rss: 180Mb L: 90/370 MS: 4 ChangeBinInt-ChangeBinInt-ShuffleBytes-EraseBytes-
#263632	REDUCE cov: 451 ft: 1306 corp: 492/31Kb lim: 401 exec/s: 263632 rss: 180Mb L: 127/370 MS: 1 EraseBytes-
#264253	REDUCE cov: 451 ft: 1306 corp: 492/31Kb lim: 401 exec/s: 264253 rss: 180Mb L: 41/370 MS: 1 EraseBytes-
#264624	REDUCE cov: 451 ft: 1306 corp: 492/31Kb lim: 401 exec/s: 264624 rss: 180Mb L: 24/370 MS: 1 EraseBytes-
#264798	REDUCE cov: 451 ft: 1306 corp: 492/31Kb lim: 401 exec/s: 264798 rss: 181Mb L: 17/370 MS: 4 ChangeBit-ChangeBit-ChangeASCIIInt-EraseBytes-
#265575	REDUCE cov: 451 ft: 1306 corp: 492/31Kb lim: 401 exec/s: 265575 rss: 181Mb L: 83/370 MS: 2 CopyPart-EraseBytes-
#265656	REDUCE cov: 451 ft: 1306 corp: 492/31Kb lim: 401 exec/s: 265656 rss: 181Mb L: 42/370 MS: 1 EraseBytes-
#265902	REDUCE cov: 451 ft: 1306 corp: 492/31Kb lim: 401 exec/s: 265902 rss: 181Mb L: 73/370 MS: 1 EraseBytes-
#266049	NEW    cov: 451 ft: 1307 corp: 493/31Kb lim: 401 exec/s: 266049 rss: 181Mb L: 34/370 MS: 2 InsertByte-InsertByte-
#266545	REDUCE cov: 451 ft: 1307 corp: 493/31Kb lim: 401 exec/s: 266545 rss: 181Mb L: 47/370 MS: 1 EraseBytes-
#267351	REDUCE cov: 451 ft: 1307 corp: 493/31Kb lim: 409 exec/s: 267351 rss: 182Mb L: 108/370 MS: 1 EraseBytes-
#267422	REDUCE cov: 451 ft: 1307 corp: 493/31Kb lim: 409 exec/s: 267422 rss: 182Mb L: 168/370 MS: 1 EraseBytes-
#267573	REDUCE cov: 451 ft: 1307 corp: 493/31Kb lim: 409 exec/s: 267573 rss: 182Mb L: 66/370 MS: 1 EraseBytes-
#267861	REDUCE cov: 451 ft: 1307 corp: 493/31Kb lim: 409 exec/s: 267861 rss: 182Mb L: 25/370 MS: 3 ShuffleBytes-InsertByte-EraseBytes-
#268638	REDUCE cov: 451 ft: 1307 corp: 493/31Kb lim: 409 exec/s: 268638 rss: 182Mb L: 78/370 MS: 2 ShuffleBytes-EraseBytes-
#268669	REDUCE cov: 451 ft: 1307 corp: 493/31Kb lim: 409 exec/s: 268669 rss: 182Mb L: 36/370 MS: 1 EraseBytes-
#268805	REDUCE cov: 451 ft: 1307 corp: 493/31Kb lim: 409 exec/s: 268805 rss: 182Mb L: 18/370 MS: 1 EraseBytes-
#269746	REDUCE cov: 451 ft: 1307 corp: 493/31Kb lim: 417 exec/s: 269746 rss: 183Mb L: 28/370 MS: 1 EraseBytes-
#269754	REDUCE cov: 451 ft: 1307 corp: 493/31Kb lim: 417 exec/s: 269754 rss: 183Mb L: 23/370 MS: 3 ChangeByte-ChangeBinInt-EraseBytes-
#270330	REDUCE cov: 451 ft: 1308 corp: 494/31Kb lim: 417 exec/s: 270330 rss: 183Mb L: 119/370 MS: 1 EraseBytes-
#270526	REDUCE cov: 451 ft: 1308 corp: 494/31Kb lim: 417 exec/s: 270526 rss: 183Mb L: 48/370 MS: 1 EraseBytes-
#270722	REDUCE cov: 451 ft: 1308 corp: 494/31Kb lim: 417 exec/s: 270722 rss: 183Mb L: 134/370 MS: 1 EraseBytes-
#270843	REDUCE cov: 451 ft: 1308 corp: 494/31Kb lim: 417 exec/s: 270843 rss: 183Mb L: 142/370 MS: 1 EraseBytes-
#271039	REDUCE cov: 451 ft: 1308 corp: 494/31Kb lim: 417 exec/s: 271039 rss: 183Mb L: 17/370 MS: 1 EraseBytes-
#271525	REDUCE cov: 451 ft: 1308 corp: 494/31Kb lim: 417 exec/s: 271525 rss: 184Mb L: 134/370 MS: 1 EraseBytes-
#271832	REDUCE cov: 451 ft: 1308 corp: 494/31Kb lim: 417 exec/s: 271832 rss: 184Mb L: 20/370 MS: 2 PersAutoDict-EraseBytes- DE: "\377\377\377\377\377\377\377\377"-
#272523	REDUCE cov: 451 ft: 1308 corp: 494/31Kb lim: 417 exec/s: 272523 rss: 184Mb L: 27/370 MS: 1 EraseBytes-
#273204	REDUCE cov: 451 ft: 1308 corp: 494/31Kb lim: 417 exec/s: 273204 rss: 184Mb L: 28/370 MS: 1 EraseBytes-
#273400	REDUCE cov: 451 ft: 1308 corp: 494/31Kb lim: 417 exec/s: 273400 rss: 184Mb L: 27/370 MS: 1 EraseBytes-
#274368	REDUCE cov: 451 ft: 1308 corp: 494/31Kb lim: 425 exec/s: 274368 rss: 185Mb L: 37/370 MS: 3 ShuffleBytes-ChangeByte-EraseBytes-
#274469	REDUCE cov: 451 ft: 1308 corp: 494/31Kb lim: 425 exec/s: 274469 rss: 185Mb L: 132/370 MS: 1 EraseBytes-
#274548	REDUCE cov: 451 ft: 1308 corp: 494/31Kb lim: 425 exec/s: 274548 rss: 185Mb L: 10/370 MS: 4 InsertByte-ChangeByte-ChangeByte-EraseBytes-
#276024	REDUCE cov: 451 ft: 1308 corp: 494/31Kb lim: 433 exec/s: 276024 rss: 185Mb L: 76/370 MS: 1 EraseBytes-
#276110	REDUCE cov: 451 ft: 1308 corp: 494/31Kb lim: 433 exec/s: 276110 rss: 185Mb L: 38/370 MS: 1 EraseBytes-
#276311	REDUCE cov: 451 ft: 1308 corp: 494/31Kb lim: 433 exec/s: 276311 rss: 185Mb L: 67/370 MS: 1 EraseBytes-
#276464	REDUCE cov: 451 ft: 1308 corp: 494/31Kb lim: 433 exec/s: 276464 rss: 185Mb L: 23/370 MS: 3 ShuffleBytes-InsertByte-EraseBytes-
#276580	REDUCE cov: 451 ft: 1308 corp: 494/31Kb lim: 433 exec/s: 276580 rss: 186Mb L: 9/370 MS: 1 EraseBytes-
#277478	REDUCE cov: 451 ft: 1308 corp: 494/31Kb lim: 441 exec/s: 277478 rss: 186Mb L: 42/370 MS: 3 ChangeBinInt-ChangeByte-EraseBytes-
#277774	REDUCE cov: 451 ft: 1308 corp: 494/31Kb lim: 441 exec/s: 277774 rss: 186Mb L: 74/370 MS: 1 EraseBytes-
#278175	REDUCE cov: 451 ft: 1308 corp: 494/31Kb lim: 441 exec/s: 278175 rss: 186Mb L: 6/370 MS: 1 EraseBytes-
#278536	REDUCE cov: 451 ft: 1308 corp: 494/31Kb lim: 441 exec/s: 278536 rss: 186Mb L: 9/370 MS: 1 EraseBytes-
#278672	REDUCE cov: 451 ft: 1308 corp: 494/31Kb lim: 441 exec/s: 278672 rss: 186Mb L: 247/370 MS: 1 EraseBytes-
#279433	REDUCE cov: 451 ft: 1308 corp: 494/31Kb lim: 441 exec/s: 279433 rss: 187Mb L: 85/370 MS: 1 EraseBytes-
#279799	REDUCE cov: 451 ft: 1308 corp: 494/31Kb lim: 441 exec/s: 279799 rss: 187Mb L: 33/370 MS: 1 EraseBytes-
#279826	REDUCE cov: 451 ft: 1308 corp: 494/31Kb lim: 441 exec/s: 279826 rss: 187Mb L: 182/370 MS: 2 ChangeASCIIInt-EraseBytes-
#279927	REDUCE cov: 451 ft: 1308 corp: 494/31Kb lim: 441 exec/s: 279927 rss: 187Mb L: 53/370 MS: 1 EraseBytes-
#280118	REDUCE cov: 451 ft: 1308 corp: 494/31Kb lim: 441 exec/s: 280118 rss: 187Mb L: 6/370 MS: 1 EraseBytes-
#280254	REDUCE cov: 451 ft: 1308 corp: 494/31Kb lim: 441 exec/s: 280254 rss: 187Mb L: 126/370 MS: 1 EraseBytes-
#280280	REDUCE cov: 451 ft: 1308 corp: 494/31Kb lim: 441 exec/s: 280280 rss: 187Mb L: 38/370 MS: 1 EraseBytes-
#280896	REDUCE cov: 451 ft: 1308 corp: 494/31Kb lim: 441 exec/s: 280896 rss: 187Mb L: 32/370 MS: 1 EraseBytes-
#281227	REDUCE cov: 451 ft: 1311 corp: 495/31Kb lim: 441 exec/s: 281227 rss: 187Mb L: 284/370 MS: 1 CopyPart-
#281243	NEW    cov: 451 ft: 1312 corp: 496/32Kb lim: 441 exec/s: 281243 rss: 188Mb L: 363/370 MS: 1 InsertRepeatedBytes-
#281454	REDUCE cov: 451 ft: 1312 corp: 496/32Kb lim: 441 exec/s: 281454 rss: 188Mb L: 76/370 MS: 1 EraseBytes-
#281585	NEW    cov: 451 ft: 1315 corp: 497/32Kb lim: 441 exec/s: 281585 rss: 188Mb L: 176/370 MS: 1 CrossOver-
#281762	REDUCE cov: 451 ft: 1315 corp: 497/32Kb lim: 441 exec/s: 281762 rss: 188Mb L: 121/370 MS: 2 ChangeASCIIInt-EraseBytes-
#281854	REDUCE cov: 451 ft: 1315 corp: 497/32Kb lim: 441 exec/s: 281854 rss: 188Mb L: 43/370 MS: 2 ChangeByte-EraseBytes-
#282755	REDUCE cov: 451 ft: 1315 corp: 497/32Kb lim: 449 exec/s: 282755 rss: 188Mb L: 35/370 MS: 1 EraseBytes-
#283701	REDUCE cov: 451 ft: 1315 corp: 497/32Kb lim: 457 exec/s: 283701 rss: 188Mb L: 54/370 MS: 1 EraseBytes-
#283828	NEW    cov: 451 ft: 1317 corp: 498/32Kb lim: 457 exec/s: 283828 rss: 189Mb L: 98/370 MS: 2 CopyPart-EraseBytes-
#284124	REDUCE cov: 451 ft: 1317 corp: 498/32Kb lim: 457 exec/s: 284124 rss: 189Mb L: 72/370 MS: 1 EraseBytes-
#284435	REDUCE cov: 451 ft: 1317 corp: 498/32Kb lim: 457 exec/s: 284435 rss: 189Mb L: 37/370 MS: 1 EraseBytes-
#284493	REDUCE cov: 451 ft: 1317 corp: 498/32Kb lim: 457 exec/s: 284493 rss: 189Mb L: 24/370 MS: 3 ShuffleBytes-ChangeBit-EraseBytes-
#284725	REDUCE cov: 451 ft: 1317 corp: 498/32Kb lim: 457 exec/s: 284725 rss: 189Mb L: 89/370 MS: 2 ShuffleBytes-EraseBytes-
#284866	REDUCE cov: 451 ft: 1317 corp: 498/32Kb lim: 457 exec/s: 284866 rss: 189Mb L: 51/370 MS: 1 EraseBytes-
#285022	REDUCE cov: 451 ft: 1317 corp: 498/32Kb lim: 457 exec/s: 285022 rss: 189Mb L: 68/370 MS: 1 EraseBytes-
#285289	REDUCE cov: 451 ft: 1317 corp: 498/32Kb lim: 457 exec/s: 285289 rss: 189Mb L: 24/370 MS: 2 PersAutoDict-EraseBytes- DE: "\377\377\377\377\377\377\377\006"-
#285321	REDUCE cov: 451 ft: 1317 corp: 498/32Kb lim: 457 exec/s: 285321 rss: 189Mb L: 14/370 MS: 2 ShuffleBytes-EraseBytes-
#286063	REDUCE cov: 451 ft: 1317 corp: 498/32Kb lim: 457 exec/s: 286063 rss: 190Mb L: 23/370 MS: 2 EraseBytes-CrossOver-
#286177	NEW    cov: 452 ft: 1319 corp: 499/32Kb lim: 457 exec/s: 286177 rss: 190Mb L: 109/370 MS: 4 ChangeASCIIInt-InsertRepeatedBytes-ChangeByte-CrossOver-
#286289	NEW    cov: 452 ft: 1320 corp: 500/32Kb lim: 457 exec/s: 286289 rss: 190Mb L: 217/370 MS: 2 ChangeBinInt-CopyPart-
#286655	REDUCE cov: 452 ft: 1320 corp: 500/32Kb lim: 457 exec/s: 286655 rss: 190Mb L: 69/370 MS: 1 EraseBytes-
#286674	NEW    cov: 453 ft: 1321 corp: 501/32Kb lim: 457 exec/s: 286674 rss: 190Mb L: 39/370 MS: 4 PersAutoDict-ShuffleBytes-ShuffleBytes-CrossOver- DE: "\377\377\377\377"-
#286765	REDUCE cov: 453 ft: 1321 corp: 501/32Kb lim: 457 exec/s: 286765 rss: 190Mb L: 49/370 MS: 1 EraseBytes-
#287236	REDUCE cov: 453 ft: 1322 corp: 502/32Kb lim: 457 exec/s: 287236 rss: 190Mb L: 142/370 MS: 1 CopyPart-
#287347	REDUCE cov: 453 ft: 1322 corp: 502/32Kb lim: 457 exec/s: 287347 rss: 190Mb L: 161/370 MS: 1 EraseBytes-
#287603	REDUCE cov: 453 ft: 1322 corp: 502/32Kb lim: 457 exec/s: 287603 rss: 191Mb L: 9/370 MS: 1 EraseBytes-
#287675	REDUCE cov: 453 ft: 1322 corp: 502/32Kb lim: 457 exec/s: 287675 rss: 191Mb L: 34/370 MS: 2 ChangeASCIIInt-EraseBytes-
#288217	REDUCE cov: 453 ft: 1322 corp: 502/32Kb lim: 457 exec/s: 288217 rss: 191Mb L: 30/370 MS: 2 CopyPart-EraseBytes-
#288285	REDUCE cov: 453 ft: 1322 corp: 502/32Kb lim: 457 exec/s: 288285 rss: 191Mb L: 20/370 MS: 3 ChangeBit-ShuffleBytes-EraseBytes-
#288396	NEW    cov: 453 ft: 1323 corp: 503/32Kb lim: 457 exec/s: 288396 rss: 191Mb L: 185/370 MS: 1 InsertRepeatedBytes-
#288548	REDUCE cov: 453 ft: 1323 corp: 503/32Kb lim: 457 exec/s: 288548 rss: 191Mb L: 85/370 MS: 2 CopyPart-EraseBytes-
#288644	REDUCE cov: 453 ft: 1323 corp: 503/32Kb lim: 457 exec/s: 288644 rss: 191Mb L: 33/370 MS: 1 EraseBytes-
#289071	NEW    cov: 453 ft: 1325 corp: 504/33Kb lim: 457 exec/s: 289071 rss: 191Mb L: 390/390 MS: 2 ShuffleBytes-CrossOver-
#289177	NEW    cov: 453 ft: 1326 corp: 505/33Kb lim: 457 exec/s: 289177 rss: 191Mb L: 178/390 MS: 1 InsertRepeatedBytes-
#289239	REDUCE cov: 453 ft: 1326 corp: 505/33Kb lim: 457 exec/s: 289239 rss: 192Mb L: 39/390 MS: 2 ChangeBit-EraseBytes-
#289375	REDUCE cov: 453 ft: 1326 corp: 505/33Kb lim: 457 exec/s: 144687 rss: 192Mb L: 9/390 MS: 1 EraseBytes-
#290102	REDUCE cov: 453 ft: 1327 corp: 506/33Kb lim: 457 exec/s: 145051 rss: 192Mb L: 81/390 MS: 2 ChangeASCIIInt-EraseBytes-
#290275	REDUCE cov: 453 ft: 1327 corp: 506/33Kb lim: 457 exec/s: 145137 rss: 192Mb L: 59/390 MS: 3 EraseBytes-CopyPart-InsertByte-
#290696	REDUCE cov: 453 ft: 1327 corp: 506/33Kb lim: 457 exec/s: 145348 rss: 192Mb L: 31/390 MS: 1 EraseBytes-
#291302	REDUCE cov: 453 ft: 1327 corp: 506/33Kb lim: 457 exec/s: 145651 rss: 193Mb L: 50/390 MS: 1 EraseBytes-
#291408	REDUCE cov: 453 ft: 1327 corp: 506/33Kb lim: 457 exec/s: 145704 rss: 193Mb L: 51/390 MS: 1 EraseBytes-
#291689	REDUCE cov: 453 ft: 1327 corp: 506/33Kb lim: 457 exec/s: 145844 rss: 197Mb L: 51/390 MS: 1 EraseBytes-
#292761	REDUCE cov: 453 ft: 1327 corp: 506/33Kb lim: 465 exec/s: 146380 rss: 197Mb L: 10/390 MS: 2 PersAutoDict-EraseBytes- DE: "\003\000"-
#293437	REDUCE cov: 453 ft: 1327 corp: 506/33Kb lim: 465 exec/s: 146718 rss: 198Mb L: 156/390 MS: 1 EraseBytes-
#293489	REDUCE cov: 453 ft: 1327 corp: 506/33Kb lim: 465 exec/s: 146744 rss: 198Mb L: 70/390 MS: 2 CopyPart-EraseBytes-
#294260	REDUCE cov: 453 ft: 1327 corp: 506/33Kb lim: 465 exec/s: 147130 rss: 198Mb L: 74/390 MS: 1 EraseBytes-
#295546	REDUCE cov: 453 ft: 1327 corp: 506/33Kb lim: 473 exec/s: 147773 rss: 198Mb L: 39/390 MS: 1 EraseBytes-
#295833	REDUCE cov: 453 ft: 1327 corp: 506/33Kb lim: 473 exec/s: 147916 rss: 199Mb L: 150/390 MS: 2 CopyPart-EraseBytes-
#296474	NEW    cov: 453 ft: 1331 corp: 507/33Kb lim: 473 exec/s: 148237 rss: 199Mb L: 415/415 MS: 1 CopyPart-
#296520	REDUCE cov: 453 ft: 1331 corp: 507/33Kb lim: 473 exec/s: 148260 rss: 199Mb L: 27/415 MS: 1 EraseBytes-
#296546	NEW    cov: 453 ft: 1332 corp: 508/33Kb lim: 473 exec/s: 148273 rss: 199Mb L: 46/415 MS: 1 InsertRepeatedBytes-
#296719	REDUCE cov: 453 ft: 1332 corp: 508/33Kb lim: 473 exec/s: 148359 rss: 199Mb L: 29/415 MS: 3 ChangeBinInt-ChangeByte-EraseBytes-
#297087	REDUCE cov: 453 ft: 1332 corp: 508/33Kb lim: 473 exec/s: 148543 rss: 199Mb L: 47/415 MS: 3 ChangeBinInt-ChangeByte-EraseBytes-
#297360	REDUCE cov: 453 ft: 1332 corp: 508/33Kb lim: 473 exec/s: 148680 rss: 199Mb L: 60/415 MS: 3 ChangeBit-ChangeBit-EraseBytes-
#297586	REDUCE cov: 453 ft: 1332 corp: 508/33Kb lim: 473 exec/s: 148793 rss: 199Mb L: 75/415 MS: 1 EraseBytes-
#298012	REDUCE cov: 453 ft: 1332 corp: 508/33Kb lim: 473 exec/s: 149006 rss: 200Mb L: 76/415 MS: 1 EraseBytes-
#298098	REDUCE cov: 453 ft: 1332 corp: 508/33Kb lim: 473 exec/s: 149049 rss: 200Mb L: 42/415 MS: 1 EraseBytes-
#298119	REDUCE cov: 453 ft: 1332 corp: 508/33Kb lim: 473 exec/s: 149059 rss: 200Mb L: 70/415 MS: 1 EraseBytes-
#298168	REDUCE cov: 453 ft: 1332 corp: 508/33Kb lim: 473 exec/s: 149084 rss: 200Mb L: 202/415 MS: 4 InsertByte-InsertByte-ChangeBinInt-EraseBytes-
#298755	REDUCE cov: 453 ft: 1332 corp: 508/33Kb lim: 473 exec/s: 149377 rss: 200Mb L: 20/415 MS: 2 PersAutoDict-EraseBytes- DE: "\021\000\000\000\000\000\000\000"-
#299006	REDUCE cov: 453 ft: 1332 corp: 508/33Kb lim: 473 exec/s: 149503 rss: 200Mb L: 64/415 MS: 1 EraseBytes-
#299214	REDUCE cov: 453 ft: 1332 corp: 508/33Kb lim: 473 exec/s: 149607 rss: 200Mb L: 354/415 MS: 3 ChangeBit-ChangeByte-EraseBytes-
#299462	REDUCE cov: 453 ft: 1332 corp: 508/33Kb lim: 473 exec/s: 149731 rss: 201Mb L: 23/415 MS: 3 ChangeBit-ChangeBinInt-EraseBytes-
#299488	REDUCE cov: 453 ft: 1332 corp: 508/33Kb lim: 473 exec/s: 149744 rss: 201Mb L: 39/415 MS: 1 EraseBytes-
#299544	REDUCE cov: 453 ft: 1332 corp: 508/33Kb lim: 473 exec/s: 149772 rss: 201Mb L: 7/415 MS: 1 EraseBytes-
#300095	REDUCE cov: 453 ft: 1332 corp: 508/33Kb lim: 473 exec/s: 150047 rss: 201Mb L: 130/415 MS: 1 EraseBytes-
#300101	REDUCE cov: 453 ft: 1332 corp: 508/33Kb lim: 473 exec/s: 150050 rss: 201Mb L: 61/415 MS: 1 EraseBytes-
#300179	NEW    cov: 453 ft: 1333 corp: 509/34Kb lim: 473 exec/s: 150089 rss: 201Mb L: 436/436 MS: 3 InsertRepeatedBytes-ShuffleBytes-CopyPart-
#300240	REDUCE cov: 453 ft: 1333 corp: 509/34Kb lim: 473 exec/s: 150120 rss: 201Mb L: 51/436 MS: 1 EraseBytes-
#300786	NEW    cov: 453 ft: 1335 corp: 510/34Kb lim: 473 exec/s: 150393 rss: 201Mb L: 77/436 MS: 1 ChangeByte-
#300887	REDUCE cov: 453 ft: 1335 corp: 510/34Kb lim: 473 exec/s: 150443 rss: 201Mb L: 344/436 MS: 1 EraseBytes-
#301333	REDUCE cov: 453 ft: 1335 corp: 510/34Kb lim: 473 exec/s: 150666 rss: 202Mb L: 82/436 MS: 1 EraseBytes-
#301690	REDUCE cov: 453 ft: 1335 corp: 510/34Kb lim: 473 exec/s: 150845 rss: 202Mb L: 18/436 MS: 2 ShuffleBytes-EraseBytes-
#301888	REDUCE cov: 453 ft: 1335 corp: 510/34Kb lim: 473 exec/s: 150944 rss: 202Mb L: 199/436 MS: 3 InsertByte-InsertByte-EraseBytes-
#301919	REDUCE cov: 453 ft: 1335 corp: 510/34Kb lim: 473 exec/s: 150959 rss: 202Mb L: 105/436 MS: 1 EraseBytes-
#303407	REDUCE cov: 453 ft: 1336 corp: 511/34Kb lim: 481 exec/s: 151703 rss: 202Mb L: 69/436 MS: 3 ChangeBinInt-ChangeBit-EraseBytes-
#303435	REDUCE cov: 453 ft: 1336 corp: 511/34Kb lim: 481 exec/s: 151717 rss: 202Mb L: 136/436 MS: 3 InsertByte-ShuffleBytes-EraseBytes-
#303618	REDUCE cov: 453 ft: 1338 corp: 512/34Kb lim: 481 exec/s: 151809 rss: 203Mb L: 464/464 MS: 3 CrossOver-CopyPart-CrossOver-
#304259	REDUCE cov: 453 ft: 1339 corp: 513/34Kb lim: 481 exec/s: 152129 rss: 203Mb L: 87/464 MS: 1 EraseBytes-
#304425	REDUCE cov: 453 ft: 1339 corp: 513/34Kb lim: 481 exec/s: 152212 rss: 203Mb L: 62/464 MS: 1 EraseBytes-
#304671	REDUCE cov: 453 ft: 1339 corp: 513/34Kb lim: 481 exec/s: 152335 rss: 203Mb L: 172/464 MS: 1 EraseBytes-
#304683	REDUCE cov: 453 ft: 1339 corp: 513/34Kb lim: 481 exec/s: 152341 rss: 203Mb L: 43/464 MS: 2 ShuffleBytes-EraseBytes-
#305305	REDUCE cov: 453 ft: 1339 corp: 513/34Kb lim: 481 exec/s: 152652 rss: 203Mb L: 146/464 MS: 2 ChangeASCIIInt-EraseBytes-
#305491	REDUCE cov: 453 ft: 1339 corp: 513/34Kb lim: 481 exec/s: 152745 rss: 204Mb L: 92/464 MS: 1 EraseBytes-
#305724	REDUCE cov: 453 ft: 1339 corp: 513/34Kb lim: 481 exec/s: 152862 rss: 204Mb L: 271/464 MS: 3 ShuffleBytes-ChangeByte-EraseBytes-
#306185	REDUCE cov: 453 ft: 1339 corp: 513/34Kb lim: 481 exec/s: 153092 rss: 204Mb L: 40/464 MS: 1 EraseBytes-
#307086	REDUCE cov: 453 ft: 1339 corp: 513/34Kb lim: 489 exec/s: 153543 rss: 204Mb L: 78/464 MS: 1 EraseBytes-
#307888	REDUCE cov: 453 ft: 1339 corp: 513/34Kb lim: 489 exec/s: 153944 rss: 205Mb L: 14/464 MS: 2 ChangeByte-EraseBytes-
#309159	REDUCE cov: 453 ft: 1339 corp: 513/34Kb lim: 497 exec/s: 154579 rss: 205Mb L: 4/464 MS: 1 EraseBytes-
#310175	NEW    cov: 453 ft: 1340 corp: 514/34Kb lim: 505 exec/s: 155087 rss: 205Mb L: 31/464 MS: 1 EraseBytes-
#310343	REDUCE cov: 453 ft: 1340 corp: 514/34Kb lim: 505 exec/s: 155171 rss: 206Mb L: 104/464 MS: 3 EraseBytes-ShuffleBytes-CopyPart-
#310369	REDUCE cov: 453 ft: 1340 corp: 514/34Kb lim: 505 exec/s: 155184 rss: 206Mb L: 44/464 MS: 1 EraseBytes-
#310545	REDUCE cov: 453 ft: 1340 corp: 514/34Kb lim: 505 exec/s: 155272 rss: 206Mb L: 64/464 MS: 1 EraseBytes-
#310921	REDUCE cov: 453 ft: 1340 corp: 514/34Kb lim: 505 exec/s: 155460 rss: 206Mb L: 138/464 MS: 1 EraseBytes-
#311107	NEW    cov: 453 ft: 1342 corp: 515/35Kb lim: 505 exec/s: 155553 rss: 206Mb L: 357/464 MS: 1 CrossOver-
#311523	REDUCE cov: 453 ft: 1342 corp: 515/35Kb lim: 505 exec/s: 155761 rss: 206Mb L: 61/464 MS: 1 EraseBytes-
#311611	REDUCE cov: 453 ft: 1342 corp: 515/35Kb lim: 505 exec/s: 155805 rss: 207Mb L: 76/464 MS: 3 CrossOver-ChangeByte-EraseBytes-
#312013	REDUCE cov: 453 ft: 1342 corp: 515/35Kb lim: 505 exec/s: 156006 rss: 207Mb L: 27/464 MS: 2 EraseBytes-CopyPart-
#312054	REDUCE cov: 453 ft: 1342 corp: 515/35Kb lim: 505 exec/s: 156027 rss: 207Mb L: 8/464 MS: 1 EraseBytes-
#312151	REDUCE cov: 453 ft: 1342 corp: 515/35Kb lim: 505 exec/s: 156075 rss: 207Mb L: 24/464 MS: 2 InsertByte-EraseBytes-
#312497	REDUCE cov: 453 ft: 1342 corp: 515/35Kb lim: 505 exec/s: 156248 rss: 207Mb L: 81/464 MS: 1 EraseBytes-
#312534	REDUCE cov: 453 ft: 1342 corp: 515/35Kb lim: 505 exec/s: 156267 rss: 207Mb L: 79/464 MS: 2 ShuffleBytes-EraseBytes-
#312680	REDUCE cov: 453 ft: 1342 corp: 515/35Kb lim: 505 exec/s: 156340 rss: 207Mb L: 38/464 MS: 1 EraseBytes-
#313452	REDUCE cov: 453 ft: 1342 corp: 515/35Kb lim: 505 exec/s: 156726 rss: 208Mb L: 127/464 MS: 2 ChangeBinInt-EraseBytes-
#314063	REDUCE cov: 453 ft: 1342 corp: 515/35Kb lim: 505 exec/s: 157031 rss: 208Mb L: 22/464 MS: 1 EraseBytes-
#314245	REDUCE cov: 453 ft: 1342 corp: 515/35Kb lim: 505 exec/s: 157122 rss: 208Mb L: 118/464 MS: 2 PersAutoDict-EraseBytes- DE: "\006\000\000\000\000\000\000\000"-
#314667	NEW    cov: 453 ft: 1343 corp: 516/35Kb lim: 505 exec/s: 157333 rss: 208Mb L: 436/464 MS: 2 ChangeASCIIInt-CopyPart-
#315893	REDUCE cov: 453 ft: 1343 corp: 516/35Kb lim: 513 exec/s: 157946 rss: 209Mb L: 46/464 MS: 1 EraseBytes-
#315904	REDUCE cov: 453 ft: 1343 corp: 516/35Kb lim: 513 exec/s: 157952 rss: 209Mb L: 29/464 MS: 1 EraseBytes-
#315978	REDUCE cov: 453 ft: 1343 corp: 516/35Kb lim: 513 exec/s: 157989 rss: 209Mb L: 29/464 MS: 4 ChangeASCIIInt-InsertByte-EraseBytes-EraseBytes-
#316219	REDUCE cov: 453 ft: 1343 corp: 516/35Kb lim: 513 exec/s: 158109 rss: 209Mb L: 126/464 MS: 1 EraseBytes-
#316495	REDUCE cov: 453 ft: 1343 corp: 516/35Kb lim: 513 exec/s: 158247 rss: 209Mb L: 38/464 MS: 1 EraseBytes-
#316649	REDUCE cov: 453 ft: 1343 corp: 516/35Kb lim: 513 exec/s: 158324 rss: 209Mb L: 24/464 MS: 4 ShuffleBytes-ChangeBinInt-ShuffleBytes-EraseBytes-
#317536	REDUCE cov: 453 ft: 1343 corp: 516/35Kb lim: 513 exec/s: 158768 rss: 210Mb L: 20/464 MS: 2 ChangeASCIIInt-EraseBytes-
#318127	REDUCE cov: 453 ft: 1343 corp: 516/35Kb lim: 513 exec/s: 159063 rss: 210Mb L: 77/464 MS: 1 EraseBytes-
#318713	REDUCE cov: 453 ft: 1343 corp: 516/35Kb lim: 513 exec/s: 159356 rss: 210Mb L: 16/464 MS: 1 EraseBytes-
#319078	REDUCE cov: 453 ft: 1343 corp: 516/35Kb lim: 513 exec/s: 159539 rss: 211Mb L: 35/464 MS: 5 PersAutoDict-PersAutoDict-ChangeASCIIInt-ChangeBinInt-EraseBytes- DE: "\374\377\377\377\377\377\377\377"-"\001\000\000\000\000\000\177\342"-
#319264	REDUCE cov: 453 ft: 1343 corp: 516/35Kb lim: 513 exec/s: 159632 rss: 211Mb L: 71/464 MS: 1 EraseBytes-
#319855	NEW    cov: 453 ft: 1344 corp: 517/35Kb lim: 513 exec/s: 159927 rss: 211Mb L: 368/464 MS: 1 InsertRepeatedBytes-
#320302	REDUCE cov: 453 ft: 1344 corp: 517/35Kb lim: 513 exec/s: 160151 rss: 211Mb L: 96/464 MS: 2 ChangeByte-EraseBytes-
#320408	REDUCE cov: 453 ft: 1344 corp: 517/35Kb lim: 513 exec/s: 160204 rss: 211Mb L: 97/464 MS: 1 EraseBytes-
#320489	REDUCE cov: 453 ft: 1344 corp: 517/35Kb lim: 513 exec/s: 160244 rss: 211Mb L: 74/464 MS: 1 EraseBytes-
#320560	REDUCE cov: 453 ft: 1344 corp: 517/35Kb lim: 513 exec/s: 160280 rss: 211Mb L: 64/464 MS: 1 EraseBytes-
#320851	REDUCE cov: 453 ft: 1344 corp: 517/35Kb lim: 513 exec/s: 160425 rss: 212Mb L: 421/464 MS: 1 EraseBytes-
#320867	REDUCE cov: 453 ft: 1344 corp: 517/35Kb lim: 513 exec/s: 160433 rss: 212Mb L: 94/464 MS: 1 EraseBytes-
#320918	REDUCE cov: 453 ft: 1344 corp: 517/35Kb lim: 513 exec/s: 160459 rss: 212Mb L: 38/464 MS: 1 EraseBytes-
#321064	REDUCE cov: 453 ft: 1344 corp: 517/35Kb lim: 513 exec/s: 160532 rss: 212Mb L: 6/464 MS: 1 EraseBytes-
#321810	REDUCE cov: 453 ft: 1344 corp: 517/35Kb lim: 513 exec/s: 160905 rss: 212Mb L: 54/464 MS: 1 EraseBytes-
#322411	REDUCE cov: 453 ft: 1344 corp: 517/35Kb lim: 513 exec/s: 161205 rss: 213Mb L: 394/436 MS: 1 EraseBytes-
#322772	REDUCE cov: 453 ft: 1344 corp: 517/35Kb lim: 513 exec/s: 161386 rss: 213Mb L: 83/436 MS: 1 EraseBytes-
#323143	REDUCE cov: 453 ft: 1344 corp: 517/35Kb lim: 513 exec/s: 161571 rss: 213Mb L: 30/436 MS: 1 EraseBytes-
#323244	REDUCE cov: 453 ft: 1344 corp: 517/35Kb lim: 513 exec/s: 161622 rss: 213Mb L: 163/436 MS: 1 EraseBytes-
#323530	REDUCE cov: 453 ft: 1344 corp: 517/35Kb lim: 513 exec/s: 161765 rss: 213Mb L: 102/436 MS: 1 EraseBytes-
#324012	REDUCE cov: 453 ft: 1344 corp: 517/35Kb lim: 513 exec/s: 162006 rss: 214Mb L: 71/436 MS: 2 InsertByte-EraseBytes-
#324352	REDUCE cov: 453 ft: 1344 corp: 517/35Kb lim: 513 exec/s: 162176 rss: 214Mb L: 191/436 MS: 5 ChangeBit-ShuffleBytes-EraseBytes-ChangeBit-InsertRepeatedBytes-
#324531	REDUCE cov: 453 ft: 1344 corp: 517/35Kb lim: 513 exec/s: 162265 rss: 214Mb L: 36/436 MS: 4 ChangeASCIIInt-ChangeBinInt-PersAutoDict-EraseBytes- DE: "\001\000\000\000\000\000 \000"-
#324642	REDUCE cov: 453 ft: 1344 corp: 517/35Kb lim: 513 exec/s: 162321 rss: 214Mb L: 22/436 MS: 1 EraseBytes-
#324838	REDUCE cov: 453 ft: 1344 corp: 517/35Kb lim: 513 exec/s: 162419 rss: 214Mb L: 37/436 MS: 1 EraseBytes-
#325859	REDUCE cov: 453 ft: 1344 corp: 517/35Kb lim: 522 exec/s: 162929 rss: 214Mb L: 354/436 MS: 1 EraseBytes-
#326120	REDUCE cov: 453 ft: 1344 corp: 517/35Kb lim: 522 exec/s: 163060 rss: 215Mb L: 54/436 MS: 1 EraseBytes-
#326831	NEW    cov: 453 ft: 1345 corp: 518/35Kb lim: 522 exec/s: 163415 rss: 215Mb L: 414/436 MS: 1 CopyPart-
#327117	REDUCE cov: 453 ft: 1345 corp: 518/35Kb lim: 522 exec/s: 163558 rss: 215Mb L: 60/436 MS: 1 EraseBytes-
#327359	REDUCE cov: 453 ft: 1345 corp: 518/35Kb lim: 522 exec/s: 163679 rss: 215Mb L: 47/436 MS: 2 CMP-EraseBytes- DE: "&\000\000\000\000\000\000\000"-
#328746	REDUCE cov: 453 ft: 1345 corp: 518/35Kb lim: 531 exec/s: 164373 rss: 216Mb L: 15/436 MS: 2 ShuffleBytes-EraseBytes-
#329272	REDUCE cov: 453 ft: 1345 corp: 518/35Kb lim: 531 exec/s: 164636 rss: 216Mb L: 64/436 MS: 1 EraseBytes-
#329413	REDUCE cov: 453 ft: 1345 corp: 518/35Kb lim: 531 exec/s: 164706 rss: 216Mb L: 36/436 MS: 1 EraseBytes-
#329509	REDUCE cov: 453 ft: 1345 corp: 518/35Kb lim: 531 exec/s: 164754 rss: 217Mb L: 323/436 MS: 1 EraseBytes-
#329875	REDUCE cov: 453 ft: 1345 corp: 518/35Kb lim: 531 exec/s: 164937 rss: 217Mb L: 5/436 MS: 1 EraseBytes-
#329931	NEW    cov: 453 ft: 1346 corp: 519/36Kb lim: 531 exec/s: 164965 rss: 217Mb L: 357/436 MS: 1 CopyPart-
#330017	REDUCE cov: 453 ft: 1346 corp: 519/36Kb lim: 531 exec/s: 165008 rss: 217Mb L: 39/436 MS: 1 EraseBytes-
#330353	REDUCE cov: 453 ft: 1346 corp: 519/36Kb lim: 531 exec/s: 165176 rss: 217Mb L: 93/436 MS: 1 EraseBytes-
#330409	REDUCE cov: 453 ft: 1346 corp: 519/36Kb lim: 531 exec/s: 165204 rss: 217Mb L: 36/436 MS: 1 EraseBytes-
#330707	REDUCE cov: 453 ft: 1346 corp: 519/36Kb lim: 531 exec/s: 165353 rss: 217Mb L: 41/436 MS: 3 CMP-InsertByte-EraseBytes- DE: "\000\000"-
#330758	REDUCE cov: 453 ft: 1346 corp: 519/36Kb lim: 531 exec/s: 165379 rss: 218Mb L: 38/436 MS: 1 EraseBytes-
#330825	REDUCE cov: 453 ft: 1346 corp: 519/36Kb lim: 531 exec/s: 165412 rss: 218Mb L: 78/436 MS: 2 ChangeBit-EraseBytes-
#332126	REDUCE cov: 453 ft: 1346 corp: 519/36Kb lim: 540 exec/s: 166063 rss: 218Mb L: 50/436 MS: 1 EraseBytes-
#332212	REDUCE cov: 453 ft: 1346 corp: 519/36Kb lim: 540 exec/s: 166106 rss: 218Mb L: 26/436 MS: 1 EraseBytes-
#332244	REDUCE cov: 453 ft: 1346 corp: 519/36Kb lim: 540 exec/s: 166122 rss: 218Mb L: 84/436 MS: 2 ShuffleBytes-EraseBytes-
#333218	REDUCE cov: 453 ft: 1346 corp: 519/36Kb lim: 549 exec/s: 166609 rss: 219Mb L: 182/436 MS: 4 CMP-CopyPart-InsertByte-EraseBytes- DE: "\000\000"-
#333435	REDUCE cov: 453 ft: 1346 corp: 519/36Kb lim: 549 exec/s: 166717 rss: 219Mb L: 49/436 MS: 2 ShuffleBytes-EraseBytes-
#333602	REDUCE cov: 453 ft: 1346 corp: 519/36Kb lim: 549 exec/s: 166801 rss: 219Mb L: 64/436 MS: 2 ChangeBinInt-EraseBytes-
#333735	REDUCE cov: 453 ft: 1346 corp: 519/36Kb lim: 549 exec/s: 166867 rss: 219Mb L: 35/436 MS: 3 PersAutoDict-ChangeBinInt-EraseBytes- DE: "\001 \000\000\000\000\000\000"-
#334659	REDUCE cov: 453 ft: 1346 corp: 519/36Kb lim: 558 exec/s: 167329 rss: 220Mb L: 93/436 MS: 4 InsertRepeatedBytes-CrossOver-ShuffleBytes-EraseBytes-
#334835	REDUCE cov: 453 ft: 1346 corp: 519/36Kb lim: 558 exec/s: 167417 rss: 220Mb L: 73/436 MS: 1 EraseBytes-
#334901	REDUCE cov: 453 ft: 1346 corp: 519/36Kb lim: 558 exec/s: 167450 rss: 220Mb L: 314/436 MS: 1 EraseBytes-
#334992	REDUCE cov: 453 ft: 1346 corp: 519/36Kb lim: 558 exec/s: 167496 rss: 220Mb L: 5/436 MS: 1 EraseBytes-
#335633	REDUCE cov: 453 ft: 1348 corp: 520/36Kb lim: 558 exec/s: 167816 rss: 220Mb L: 174/436 MS: 1 CopyPart-
#336035	REDUCE cov: 453 ft: 1349 corp: 521/36Kb lim: 558 exec/s: 168017 rss: 221Mb L: 547/547 MS: 2 ChangeByte-CopyPart-
#336226	REDUCE cov: 453 ft: 1349 corp: 521/36Kb lim: 558 exec/s: 168113 rss: 221Mb L: 82/547 MS: 1 EraseBytes-
#336583	REDUCE cov: 453 ft: 1349 corp: 521/36Kb lim: 558 exec/s: 168291 rss: 221Mb L: 39/547 MS: 2 ChangeByte-EraseBytes-
#337484	REDUCE cov: 453 ft: 1349 corp: 521/36Kb lim: 558 exec/s: 168742 rss: 222Mb L: 158/547 MS: 1 EraseBytes-
#337900	REDUCE cov: 453 ft: 1349 corp: 521/36Kb lim: 558 exec/s: 168950 rss: 222Mb L: 66/547 MS: 1 EraseBytes-
#338096	REDUCE cov: 453 ft: 1349 corp: 521/36Kb lim: 558 exec/s: 169048 rss: 222Mb L: 42/547 MS: 1 EraseBytes-
#338117	REDUCE cov: 453 ft: 1349 corp: 521/36Kb lim: 558 exec/s: 169058 rss: 222Mb L: 16/547 MS: 1 EraseBytes-
#338278	REDUCE cov: 453 ft: 1349 corp: 521/36Kb lim: 558 exec/s: 169139 rss: 222Mb L: 62/547 MS: 1 EraseBytes-
#338921	REDUCE cov: 453 ft: 1350 corp: 522/37Kb lim: 558 exec/s: 169460 rss: 222Mb L: 446/547 MS: 3 ChangeBit-InsertRepeatedBytes-CopyPart-
#339887	NEW    cov: 455 ft: 1354 corp: 523/37Kb lim: 567 exec/s: 169943 rss: 223Mb L: 30/547 MS: 1 InsertByte-
#339918	REDUCE cov: 455 ft: 1354 corp: 523/37Kb lim: 567 exec/s: 169959 rss: 223Mb L: 37/547 MS: 1 EraseBytes-
#340149	REDUCE cov: 455 ft: 1354 corp: 523/37Kb lim: 567 exec/s: 170074 rss: 223Mb L: 70/547 MS: 1 EraseBytes-
#341275	REDUCE cov: 455 ft: 1354 corp: 523/37Kb lim: 576 exec/s: 170637 rss: 224Mb L: 48/547 MS: 1 EraseBytes-
#341491	NEW    cov: 455 ft: 1358 corp: 524/37Kb lim: 576 exec/s: 170745 rss: 224Mb L: 357/547 MS: 1 CopyPart-
#341492	NEW    cov: 455 ft: 1365 corp: 525/38Kb lim: 576 exec/s: 170746 rss: 224Mb L: 550/550 MS: 1 CopyPart-
#342034	REDUCE cov: 455 ft: 1365 corp: 525/38Kb lim: 576 exec/s: 171017 rss: 224Mb L: 82/550 MS: 2 PersAutoDict-EraseBytes- DE: "\002\000\000\000"-
#342285	REDUCE cov: 455 ft: 1365 corp: 525/38Kb lim: 576 exec/s: 171142 rss: 225Mb L: 32/550 MS: 1 EraseBytes-
#342526	REDUCE cov: 455 ft: 1365 corp: 525/38Kb lim: 576 exec/s: 171263 rss: 225Mb L: 54/550 MS: 1 EraseBytes-
#342577	REDUCE cov: 455 ft: 1365 corp: 525/38Kb lim: 576 exec/s: 171288 rss: 225Mb L: 54/550 MS: 1 EraseBytes-
#343368	REDUCE cov: 455 ft: 1365 corp: 525/37Kb lim: 576 exec/s: 171684 rss: 225Mb L: 63/550 MS: 1 EraseBytes-
#344189	REDUCE cov: 455 ft: 1365 corp: 525/37Kb lim: 576 exec/s: 172094 rss: 226Mb L: 48/550 MS: 1 EraseBytes-
#344435	REDUCE cov: 455 ft: 1365 corp: 525/37Kb lim: 576 exec/s: 172217 rss: 226Mb L: 71/550 MS: 1 EraseBytes-
#344621	REDUCE cov: 455 ft: 1365 corp: 525/37Kb lim: 576 exec/s: 172310 rss: 226Mb L: 42/550 MS: 1 EraseBytes-
#345574	NEW    cov: 455 ft: 1366 corp: 526/38Kb lim: 585 exec/s: 172787 rss: 227Mb L: 581/581 MS: 3 ChangeByte-InsertByte-CopyPart-
#345975	REDUCE cov: 455 ft: 1366 corp: 526/38Kb lim: 585 exec/s: 172987 rss: 227Mb L: 140/581 MS: 1 EraseBytes-
#346073	REDUCE cov: 455 ft: 1366 corp: 526/38Kb lim: 585 exec/s: 173036 rss: 227Mb L: 22/581 MS: 3 ChangeBinInt-ShuffleBytes-EraseBytes-
#347109	REDUCE cov: 455 ft: 1366 corp: 526/38Kb lim: 594 exec/s: 173554 rss: 227Mb L: 71/581 MS: 1 EraseBytes-
#347560	REDUCE cov: 455 ft: 1366 corp: 526/38Kb lim: 594 exec/s: 173780 rss: 228Mb L: 33/581 MS: 1 EraseBytes-
#347981	REDUCE cov: 455 ft: 1366 corp: 526/38Kb lim: 594 exec/s: 173990 rss: 228Mb L: 96/581 MS: 1 EraseBytes-
#348467	REDUCE cov: 455 ft: 1366 corp: 526/38Kb lim: 594 exec/s: 174233 rss: 228Mb L: 17/581 MS: 1 EraseBytes-
#349209	REDUCE cov: 455 ft: 1366 corp: 526/38Kb lim: 594 exec/s: 174604 rss: 228Mb L: 243/581 MS: 2 InsertByte-EraseBytes-
#349210	REDUCE cov: 455 ft: 1366 corp: 526/38Kb lim: 594 exec/s: 174605 rss: 228Mb L: 345/581 MS: 1 EraseBytes-
#349486	REDUCE cov: 455 ft: 1366 corp: 526/38Kb lim: 594 exec/s: 174743 rss: 229Mb L: 53/581 MS: 1 EraseBytes-
#349522	NEW    cov: 455 ft: 1367 corp: 527/39Kb lim: 594 exec/s: 174761 rss: 229Mb L: 550/581 MS: 1 ChangeBit-
#349599	REDUCE cov: 455 ft: 1367 corp: 527/39Kb lim: 594 exec/s: 174799 rss: 229Mb L: 46/581 MS: 2 ChangeByte-EraseBytes-
#350831	REDUCE cov: 455 ft: 1367 corp: 527/39Kb lim: 603 exec/s: 175415 rss: 229Mb L: 6/581 MS: 2 ShuffleBytes-EraseBytes-
#351342	REDUCE cov: 455 ft: 1367 corp: 527/39Kb lim: 603 exec/s: 175671 rss: 230Mb L: 143/581 MS: 1 EraseBytes-
#351344	REDUCE cov: 455 ft: 1367 corp: 527/39Kb lim: 603 exec/s: 175672 rss: 230Mb L: 80/581 MS: 2 ChangeBit-EraseBytes-
#351405	REDUCE cov: 455 ft: 1367 corp: 527/39Kb lim: 603 exec/s: 175702 rss: 230Mb L: 356/581 MS: 1 EraseBytes-
#352038	REDUCE cov: 455 ft: 1367 corp: 527/38Kb lim: 603 exec/s: 176019 rss: 230Mb L: 53/581 MS: 3 ChangeBinInt-ChangeASCIIInt-EraseBytes-
#352271	REDUCE cov: 455 ft: 1367 corp: 527/38Kb lim: 603 exec/s: 176135 rss: 230Mb L: 68/581 MS: 3 ShuffleBytes-ChangeBit-EraseBytes-
#352713	REDUCE cov: 455 ft: 1367 corp: 527/38Kb lim: 603 exec/s: 176356 rss: 230Mb L: 56/581 MS: 2 InsertByte-EraseBytes-
#352974	REDUCE cov: 455 ft: 1367 corp: 527/38Kb lim: 603 exec/s: 176487 rss: 231Mb L: 44/581 MS: 1 EraseBytes-
#353425	REDUCE cov: 455 ft: 1367 corp: 527/38Kb lim: 603 exec/s: 176712 rss: 231Mb L: 540/581 MS: 1 EraseBytes-
#353617	REDUCE cov: 455 ft: 1367 corp: 527/38Kb lim: 603 exec/s: 176808 rss: 231Mb L: 41/581 MS: 2 ChangeByte-EraseBytes-
#354023	REDUCE cov: 455 ft: 1367 corp: 527/38Kb lim: 603 exec/s: 177011 rss: 231Mb L: 38/581 MS: 1 EraseBytes-
#354479	REDUCE cov: 455 ft: 1367 corp: 527/38Kb lim: 603 exec/s: 177239 rss: 231Mb L: 64/581 MS: 1 EraseBytes-
#354833	REDUCE cov: 455 ft: 1367 corp: 527/38Kb lim: 603 exec/s: 177416 rss: 232Mb L: 21/581 MS: 4 ShuffleBytes-ChangeBinInt-ChangeByte-EraseBytes-
#356382	REDUCE cov: 455 ft: 1367 corp: 527/38Kb lim: 612 exec/s: 178191 rss: 232Mb L: 134/581 MS: 4 CMP-EraseBytes-ChangeBinInt-InsertByte- DE: "\000\000"-
#356538	REDUCE cov: 455 ft: 1367 corp: 527/38Kb lim: 612 exec/s: 178269 rss: 233Mb L: 18/581 MS: 1 EraseBytes-
#357324	REDUCE cov: 455 ft: 1367 corp: 527/38Kb lim: 612 exec/s: 178662 rss: 233Mb L: 12/581 MS: 1 EraseBytes-
#358388	REDUCE cov: 455 ft: 1367 corp: 527/38Kb lim: 621 exec/s: 179194 rss: 234Mb L: 117/581 MS: 4 ChangeBinInt-ChangeBit-ChangeBinInt-EraseBytes-
#358428	REDUCE cov: 455 ft: 1367 corp: 527/38Kb lim: 621 exec/s: 179214 rss: 234Mb L: 26/581 MS: 5 ChangeByte-ShuffleBytes-ShuffleBytes-InsertByte-EraseBytes-
#358524	REDUCE cov: 455 ft: 1367 corp: 527/38Kb lim: 621 exec/s: 179262 rss: 234Mb L: 33/581 MS: 1 EraseBytes-
#359166	REDUCE cov: 455 ft: 1367 corp: 527/38Kb lim: 621 exec/s: 179583 rss: 234Mb L: 28/581 MS: 2 ChangeBit-EraseBytes-
#359302	REDUCE cov: 455 ft: 1367 corp: 527/38Kb lim: 621 exec/s: 179651 rss: 234Mb L: 347/581 MS: 1 EraseBytes-
#359765	REDUCE cov: 455 ft: 1367 corp: 527/38Kb lim: 621 exec/s: 179882 rss: 235Mb L: 575/575 MS: 3 ChangeBinInt-CrossOver-EraseBytes-
#359896	REDUCE cov: 455 ft: 1367 corp: 527/38Kb lim: 621 exec/s: 179948 rss: 235Mb L: 50/575 MS: 1 EraseBytes-
#360012	REDUCE cov: 455 ft: 1367 corp: 527/38Kb lim: 621 exec/s: 180006 rss: 235Mb L: 12/575 MS: 1 EraseBytes-
#360739	REDUCE cov: 455 ft: 1367 corp: 527/38Kb lim: 621 exec/s: 180369 rss: 235Mb L: 75/575 MS: 2 ShuffleBytes-EraseBytes-
#361400	REDUCE cov: 455 ft: 1367 corp: 527/38Kb lim: 621 exec/s: 180700 rss: 236Mb L: 188/575 MS: 1 EraseBytes-
#361501	REDUCE cov: 455 ft: 1367 corp: 527/38Kb lim: 621 exec/s: 180750 rss: 236Mb L: 52/575 MS: 1 EraseBytes-
#361822	REDUCE cov: 455 ft: 1367 corp: 527/38Kb lim: 621 exec/s: 180911 rss: 236Mb L: 44/575 MS: 1 EraseBytes-
#361863	REDUCE cov: 455 ft: 1367 corp: 527/38Kb lim: 621 exec/s: 180931 rss: 236Mb L: 76/575 MS: 1 EraseBytes-
#361944	REDUCE cov: 455 ft: 1367 corp: 527/38Kb lim: 621 exec/s: 180972 rss: 236Mb L: 48/575 MS: 1 EraseBytes-
#362203	REDUCE cov: 455 ft: 1367 corp: 527/38Kb lim: 621 exec/s: 181101 rss: 236Mb L: 292/575 MS: 4 CopyPart-ChangeBit-ShuffleBytes-EraseBytes-
#363054	REDUCE cov: 455 ft: 1367 corp: 527/38Kb lim: 621 exec/s: 181527 rss: 237Mb L: 148/575 MS: 1 EraseBytes-
#363310	REDUCE cov: 455 ft: 1367 corp: 527/38Kb lim: 621 exec/s: 181655 rss: 237Mb L: 85/575 MS: 1 EraseBytes-
#363351	REDUCE cov: 455 ft: 1367 corp: 527/38Kb lim: 621 exec/s: 181675 rss: 237Mb L: 41/575 MS: 1 EraseBytes-
#364408	REDUCE cov: 455 ft: 1367 corp: 527/38Kb lim: 630 exec/s: 182204 rss: 238Mb L: 38/575 MS: 2 CrossOver-EraseBytes-
#364829	REDUCE cov: 455 ft: 1367 corp: 527/38Kb lim: 630 exec/s: 182414 rss: 238Mb L: 38/575 MS: 1 EraseBytes-
#365600	REDUCE cov: 455 ft: 1367 corp: 527/38Kb lim: 630 exec/s: 182800 rss: 238Mb L: 8/575 MS: 1 EraseBytes-
#365771	REDUCE cov: 455 ft: 1367 corp: 527/38Kb lim: 630 exec/s: 182885 rss: 238Mb L: 35/575 MS: 1 EraseBytes-
#366407	REDUCE cov: 455 ft: 1367 corp: 527/38Kb lim: 630 exec/s: 183203 rss: 239Mb L: 29/575 MS: 1 EraseBytes-
#366413	REDUCE cov: 455 ft: 1367 corp: 527/38Kb lim: 630 exec/s: 183206 rss: 239Mb L: 26/575 MS: 1 EraseBytes-
#367324	REDUCE cov: 455 ft: 1367 corp: 527/38Kb lim: 639 exec/s: 183662 rss: 239Mb L: 21/575 MS: 1 EraseBytes-
#367836	REDUCE cov: 455 ft: 1367 corp: 527/38Kb lim: 639 exec/s: 183918 rss: 240Mb L: 522/575 MS: 2 ChangeASCIIInt-EraseBytes-
#367912	REDUCE cov: 455 ft: 1367 corp: 527/38Kb lim: 639 exec/s: 183956 rss: 240Mb L: 16/575 MS: 1 EraseBytes-
#368058	NEW    cov: 455 ft: 1369 corp: 528/38Kb lim: 639 exec/s: 184029 rss: 240Mb L: 260/575 MS: 1 CopyPart-
#369160	REDUCE cov: 455 ft: 1369 corp: 528/38Kb lim: 648 exec/s: 184580 rss: 240Mb L: 257/575 MS: 2 ChangeByte-EraseBytes-
#369296	REDUCE cov: 455 ft: 1369 corp: 528/38Kb lim: 648 exec/s: 184648 rss: 240Mb L: 337/575 MS: 1 EraseBytes-
#369802	REDUCE cov: 455 ft: 1369 corp: 528/38Kb lim: 648 exec/s: 184901 rss: 241Mb L: 67/575 MS: 1 EraseBytes-
#370688	REDUCE cov: 455 ft: 1369 corp: 528/38Kb lim: 648 exec/s: 185344 rss: 241Mb L: 70/575 MS: 1 EraseBytes-
#370824	REDUCE cov: 455 ft: 1369 corp: 528/38Kb lim: 648 exec/s: 185412 rss: 241Mb L: 383/575 MS: 1 EraseBytes-
#370890	REDUCE cov: 455 ft: 1369 corp: 528/38Kb lim: 648 exec/s: 185445 rss: 242Mb L: 84/575 MS: 1 EraseBytes-
#371006	REDUCE cov: 455 ft: 1369 corp: 528/38Kb lim: 648 exec/s: 185503 rss: 242Mb L: 118/575 MS: 1 EraseBytes-
#371232	REDUCE cov: 455 ft: 1369 corp: 528/38Kb lim: 648 exec/s: 185616 rss: 242Mb L: 40/575 MS: 1 EraseBytes-
#371598	REDUCE cov: 455 ft: 1371 corp: 529/39Kb lim: 648 exec/s: 185799 rss: 242Mb L: 356/575 MS: 1 CopyPart-
#372180	REDUCE cov: 455 ft: 1371 corp: 529/39Kb lim: 648 exec/s: 186090 rss: 242Mb L: 17/575 MS: 2 ChangeBit-EraseBytes-
#373166	REDUCE cov: 455 ft: 1371 corp: 529/38Kb lim: 657 exec/s: 186583 rss: 243Mb L: 178/575 MS: 1 EraseBytes-
#373533	REDUCE cov: 455 ft: 1371 corp: 529/38Kb lim: 657 exec/s: 186766 rss: 243Mb L: 79/575 MS: 2 ChangeBit-EraseBytes-
#373539	NEW    cov: 455 ft: 1372 corp: 530/39Kb lim: 657 exec/s: 186769 rss: 243Mb L: 69/575 MS: 1 CrossOver-
#373831	REDUCE cov: 455 ft: 1372 corp: 530/39Kb lim: 657 exec/s: 186915 rss: 244Mb L: 23/575 MS: 2 ChangeByte-EraseBytes-
#374398	REDUCE cov: 455 ft: 1372 corp: 530/39Kb lim: 657 exec/s: 187199 rss: 244Mb L: 174/575 MS: 2 InsertRepeatedBytes-EraseBytes-
#374999	REDUCE cov: 455 ft: 1372 corp: 530/39Kb lim: 657 exec/s: 187499 rss: 244Mb L: 343/575 MS: 1 EraseBytes-
#375717	REDUCE cov: 455 ft: 1372 corp: 530/38Kb lim: 657 exec/s: 187858 rss: 244Mb L: 262/575 MS: 3 EraseBytes-EraseBytes-CrossOver-
#375769	REDUCE cov: 455 ft: 1372 corp: 530/38Kb lim: 657 exec/s: 187884 rss: 244Mb L: 528/575 MS: 2 ChangeBinInt-EraseBytes-
#376010	REDUCE cov: 455 ft: 1372 corp: 530/38Kb lim: 657 exec/s: 188005 rss: 245Mb L: 65/575 MS: 1 EraseBytes-
#376387	REDUCE cov: 455 ft: 1372 corp: 530/38Kb lim: 657 exec/s: 188193 rss: 245Mb L: 9/575 MS: 2 EraseBytes-CopyPart-
#377601	REDUCE cov: 455 ft: 1372 corp: 530/38Kb lim: 666 exec/s: 188800 rss: 245Mb L: 65/575 MS: 4 ChangeBit-ChangeByte-ChangeASCIIInt-EraseBytes-
#377942	REDUCE cov: 455 ft: 1372 corp: 530/38Kb lim: 666 exec/s: 188971 rss: 246Mb L: 25/575 MS: 1 EraseBytes-
#377965	NEW    cov: 455 ft: 1378 corp: 531/39Kb lim: 666 exec/s: 188982 rss: 246Mb L: 664/664 MS: 3 ChangeASCIIInt-ChangeByte-CopyPart-
#378407	REDUCE cov: 455 ft: 1378 corp: 531/39Kb lim: 666 exec/s: 189203 rss: 246Mb L: 37/664 MS: 2 ChangeBit-EraseBytes-
#378434	REDUCE cov: 455 ft: 1378 corp: 531/39Kb lim: 666 exec/s: 189217 rss: 246Mb L: 77/664 MS: 2 InsertByte-EraseBytes-
#378576	REDUCE cov: 455 ft: 1378 corp: 531/39Kb lim: 666 exec/s: 189288 rss: 246Mb L: 119/664 MS: 2 ChangeBit-EraseBytes-
#378837	REDUCE cov: 455 ft: 1378 corp: 531/39Kb lim: 666 exec/s: 189418 rss: 246Mb L: 6/664 MS: 1 EraseBytes-
#378936	REDUCE cov: 455 ft: 1378 corp: 531/39Kb lim: 666 exec/s: 189468 rss: 246Mb L: 60/664 MS: 4 InsertByte-ShuffleBytes-ShuffleBytes-EraseBytes-
#378987	REDUCE cov: 455 ft: 1378 corp: 531/39Kb lim: 666 exec/s: 189493 rss: 247Mb L: 14/664 MS: 1 EraseBytes-
#379104	REDUCE cov: 455 ft: 1378 corp: 531/39Kb lim: 666 exec/s: 189552 rss: 247Mb L: 58/664 MS: 2 ChangeBit-EraseBytes-
#379155	REDUCE cov: 455 ft: 1379 corp: 532/39Kb lim: 666 exec/s: 189577 rss: 247Mb L: 378/664 MS: 1 CrossOver-
#379222	REDUCE cov: 455 ft: 1379 corp: 532/39Kb lim: 666 exec/s: 189611 rss: 247Mb L: 56/664 MS: 2 ChangeBit-EraseBytes-
#379670	REDUCE cov: 455 ft: 1379 corp: 532/39Kb lim: 666 exec/s: 189835 rss: 247Mb L: 351/664 MS: 3 ShuffleBytes-ChangeBinInt-EraseBytes-
#379736	REDUCE cov: 455 ft: 1379 corp: 532/39Kb lim: 666 exec/s: 189868 rss: 247Mb L: 35/664 MS: 1 EraseBytes-
#379822	REDUCE cov: 455 ft: 1379 corp: 532/39Kb lim: 666 exec/s: 189911 rss: 247Mb L: 19/664 MS: 1 EraseBytes-
#380085	REDUCE cov: 455 ft: 1379 corp: 532/39Kb lim: 666 exec/s: 190042 rss: 247Mb L: 22/664 MS: 3 ShuffleBytes-ChangeByte-EraseBytes-
#380571	REDUCE cov: 455 ft: 1379 corp: 532/39Kb lim: 666 exec/s: 190285 rss: 248Mb L: 4/664 MS: 1 EraseBytes-
#380844	REDUCE cov: 455 ft: 1379 corp: 532/39Kb lim: 666 exec/s: 190422 rss: 248Mb L: 166/664 MS: 3 CopyPart-ChangeByte-EraseBytes-
#381045	REDUCE cov: 455 ft: 1379 corp: 532/39Kb lim: 666 exec/s: 190522 rss: 248Mb L: 34/664 MS: 1 EraseBytes-
#381187	REDUCE cov: 455 ft: 1379 corp: 532/39Kb lim: 666 exec/s: 190593 rss: 248Mb L: 15/664 MS: 2 ShuffleBytes-EraseBytes-
#381379	REDUCE cov: 455 ft: 1379 corp: 532/39Kb lim: 666 exec/s: 190689 rss: 248Mb L: 67/664 MS: 2 InsertByte-EraseBytes-
#381429	REDUCE cov: 455 ft: 1379 corp: 532/39Kb lim: 666 exec/s: 190714 rss: 248Mb L: 85/664 MS: 5 ChangeBit-InsertByte-CopyPart-ShuffleBytes-EraseBytes-
#381717	REDUCE cov: 455 ft: 1379 corp: 532/39Kb lim: 666 exec/s: 190858 rss: 249Mb L: 606/606 MS: 3 ChangeASCIIInt-PersAutoDict-EraseBytes- DE: "\001\000\000\001"-
#382680	REDUCE cov: 455 ft: 1379 corp: 532/39Kb lim: 675 exec/s: 191340 rss: 249Mb L: 54/606 MS: 3 ChangeBit-ChangeByte-EraseBytes-
#383441	REDUCE cov: 455 ft: 1379 corp: 532/39Kb lim: 675 exec/s: 191720 rss: 249Mb L: 15/606 MS: 1 EraseBytes-
#383485	REDUCE cov: 455 ft: 1379 corp: 532/39Kb lim: 675 exec/s: 191742 rss: 250Mb L: 16/606 MS: 4 CopyPart-InsertByte-ChangeASCIIInt-EraseBytes-
#383591	REDUCE cov: 455 ft: 1379 corp: 532/39Kb lim: 675 exec/s: 191795 rss: 250Mb L: 280/606 MS: 1 EraseBytes-
#383857	REDUCE cov: 455 ft: 1380 corp: 533/39Kb lim: 675 exec/s: 191928 rss: 250Mb L: 442/606 MS: 1 InsertRepeatedBytes-
#386333	REDUCE cov: 455 ft: 1380 corp: 533/39Kb lim: 693 exec/s: 193166 rss: 251Mb L: 125/606 MS: 1 EraseBytes-
#386599	NEW    cov: 455 ft: 1381 corp: 534/40Kb lim: 693 exec/s: 193299 rss: 251Mb L: 662/662 MS: 1 CopyPart-
#386695	REDUCE cov: 455 ft: 1392 corp: 535/40Kb lim: 693 exec/s: 193347 rss: 251Mb L: 51/662 MS: 1 InsertByte-
#386762	REDUCE cov: 455 ft: 1392 corp: 535/40Kb lim: 693 exec/s: 193381 rss: 251Mb L: 169/662 MS: 2 InsertByte-EraseBytes-
#387203	REDUCE cov: 455 ft: 1392 corp: 535/40Kb lim: 693 exec/s: 193601 rss: 252Mb L: 102/662 MS: 1 EraseBytes-
#387229	REDUCE cov: 455 ft: 1392 corp: 535/40Kb lim: 693 exec/s: 193614 rss: 252Mb L: 34/662 MS: 1 EraseBytes-
#387570	REDUCE cov: 455 ft: 1392 corp: 535/40Kb lim: 693 exec/s: 193785 rss: 252Mb L: 61/662 MS: 1 EraseBytes-
#387662	REDUCE cov: 455 ft: 1392 corp: 535/40Kb lim: 693 exec/s: 193831 rss: 252Mb L: 136/662 MS: 2 CopyPart-EraseBytes-
#388009	REDUCE cov: 455 ft: 1392 corp: 535/40Kb lim: 693 exec/s: 194004 rss: 252Mb L: 259/662 MS: 2 ChangeBit-EraseBytes-
#388175	REDUCE cov: 455 ft: 1392 corp: 535/40Kb lim: 693 exec/s: 194087 rss: 252Mb L: 13/662 MS: 1 EraseBytes-
#389536	REDUCE cov: 455 ft: 1392 corp: 535/40Kb lim: 702 exec/s: 194768 rss: 253Mb L: 18/662 MS: 1 EraseBytes-
#389616	REDUCE cov: 455 ft: 1392 corp: 535/40Kb lim: 702 exec/s: 194808 rss: 253Mb L: 39/662 MS: 5 InsertByte-ChangeBit-ShuffleBytes-CrossOver-EraseBytes-
#390258	REDUCE cov: 455 ft: 1392 corp: 535/40Kb lim: 702 exec/s: 195129 rss: 253Mb L: 37/662 MS: 2 ChangeByte-EraseBytes-
#390355	REDUCE cov: 455 ft: 1393 corp: 536/40Kb lim: 702 exec/s: 195177 rss: 253Mb L: 133/662 MS: 2 InsertByte-CrossOver-
#390706	REDUCE cov: 455 ft: 1393 corp: 536/40Kb lim: 702 exec/s: 195353 rss: 254Mb L: 45/662 MS: 1 EraseBytes-
#390722	REDUCE cov: 455 ft: 1393 corp: 536/40Kb lim: 702 exec/s: 195361 rss: 254Mb L: 36/662 MS: 1 EraseBytes-
#390894	REDUCE cov: 455 ft: 1393 corp: 536/40Kb lim: 702 exec/s: 195447 rss: 254Mb L: 71/662 MS: 2 ChangeASCIIInt-EraseBytes-
#391362	REDUCE cov: 455 ft: 1393 corp: 536/40Kb lim: 702 exec/s: 195681 rss: 254Mb L: 146/662 MS: 3 ShuffleBytes-PersAutoDict-EraseBytes- DE: "\377\002"-
#391553	REDUCE cov: 455 ft: 1393 corp: 536/40Kb lim: 702 exec/s: 195776 rss: 254Mb L: 182/662 MS: 1 EraseBytes-
#391594	REDUCE cov: 455 ft: 1393 corp: 536/40Kb lim: 702 exec/s: 195797 rss: 254Mb L: 33/662 MS: 1 EraseBytes-
#392290	REDUCE cov: 455 ft: 1393 corp: 536/40Kb lim: 702 exec/s: 196145 rss: 255Mb L: 24/662 MS: 1 EraseBytes-
#392432	REDUCE cov: 455 ft: 1393 corp: 536/40Kb lim: 702 exec/s: 196216 rss: 255Mb L: 140/662 MS: 2 CopyPart-EraseBytes-
#393058	REDUCE cov: 455 ft: 1393 corp: 536/40Kb lim: 702 exec/s: 196529 rss: 255Mb L: 125/662 MS: 1 EraseBytes-
#393154	REDUCE cov: 455 ft: 1393 corp: 536/40Kb lim: 702 exec/s: 196577 rss: 255Mb L: 20/662 MS: 1 EraseBytes-
#394077	REDUCE cov: 455 ft: 1393 corp: 536/40Kb lim: 711 exec/s: 197038 rss: 256Mb L: 328/662 MS: 3 ChangeASCIIInt-CopyPart-EraseBytes-
#394158	REDUCE cov: 455 ft: 1393 corp: 536/40Kb lim: 711 exec/s: 197079 rss: 256Mb L: 48/662 MS: 1 EraseBytes-
#394815	REDUCE cov: 455 ft: 1393 corp: 536/40Kb lim: 711 exec/s: 197407 rss: 256Mb L: 279/662 MS: 2 InsertByte-EraseBytes-
#395132	REDUCE cov: 455 ft: 1393 corp: 536/40Kb lim: 711 exec/s: 197566 rss: 256Mb L: 25/662 MS: 2 ShuffleBytes-EraseBytes-
#395243	REDUCE cov: 455 ft: 1393 corp: 536/40Kb lim: 711 exec/s: 197621 rss: 256Mb L: 53/662 MS: 1 EraseBytes-
#395424	REDUCE cov: 455 ft: 1393 corp: 536/40Kb lim: 711 exec/s: 197712 rss: 257Mb L: 323/662 MS: 1 EraseBytes-
#395728	REDUCE cov: 455 ft: 1393 corp: 536/40Kb lim: 711 exec/s: 197864 rss: 257Mb L: 264/662 MS: 4 PersAutoDict-ChangeBit-CMP-EraseBytes- DE: "\001\000\000\000\000\000\177\357"-"\377\377"-
#396891	REDUCE cov: 455 ft: 1393 corp: 536/40Kb lim: 720 exec/s: 198445 rss: 257Mb L: 30/662 MS: 3 InsertByte-CrossOver-EraseBytes-
#396954	REDUCE cov: 455 ft: 1393 corp: 536/40Kb lim: 720 exec/s: 198477 rss: 258Mb L: 244/662 MS: 3 InsertByte-InsertByte-EraseBytes-
#397615	REDUCE cov: 455 ft: 1393 corp: 536/40Kb lim: 720 exec/s: 198807 rss: 258Mb L: 13/662 MS: 1 EraseBytes-
#397884	REDUCE cov: 455 ft: 1393 corp: 536/40Kb lim: 720 exec/s: 198942 rss: 258Mb L: 22/662 MS: 4 ChangeBinInt-ChangeBit-PersAutoDict-EraseBytes- DE: "\377\002"-
#397905	REDUCE cov: 455 ft: 1393 corp: 536/40Kb lim: 720 exec/s: 198952 rss: 258Mb L: 68/662 MS: 1 EraseBytes-
#398001	REDUCE cov: 455 ft: 1393 corp: 536/40Kb lim: 720 exec/s: 199000 rss: 258Mb L: 21/662 MS: 1 EraseBytes-
#398357	REDUCE cov: 455 ft: 1393 corp: 536/40Kb lim: 720 exec/s: 199178 rss: 258Mb L: 284/662 MS: 1 EraseBytes-
#398721	REDUCE cov: 455 ft: 1393 corp: 536/40Kb lim: 720 exec/s: 199360 rss: 259Mb L: 336/662 MS: 4 ChangeBinInt-ChangeByte-EraseBytes-CopyPart-
#399413	REDUCE cov: 455 ft: 1393 corp: 536/40Kb lim: 720 exec/s: 199706 rss: 259Mb L: 35/662 MS: 2 ChangeBit-EraseBytes-
#399575	REDUCE cov: 455 ft: 1393 corp: 536/40Kb lim: 720 exec/s: 199787 rss: 259Mb L: 41/662 MS: 2 ShuffleBytes-EraseBytes-
#399701	REDUCE cov: 455 ft: 1393 corp: 536/40Kb lim: 720 exec/s: 199850 rss: 259Mb L: 81/662 MS: 1 EraseBytes-
#399984	REDUCE cov: 455 ft: 1393 corp: 536/40Kb lim: 720 exec/s: 199992 rss: 259Mb L: 72/662 MS: 3 ChangeBit-ChangeByte-EraseBytes-
#400140	REDUCE cov: 455 ft: 1393 corp: 536/40Kb lim: 720 exec/s: 200070 rss: 259Mb L: 67/662 MS: 1 EraseBytes-
#400487	REDUCE cov: 455 ft: 1393 corp: 536/40Kb lim: 720 exec/s: 200243 rss: 260Mb L: 34/662 MS: 2 ChangeByte-EraseBytes-
#400863	REDUCE cov: 455 ft: 1393 corp: 536/40Kb lim: 720 exec/s: 200431 rss: 260Mb L: 81/662 MS: 1 EraseBytes-
#401094	REDUCE cov: 455 ft: 1393 corp: 536/40Kb lim: 720 exec/s: 200547 rss: 260Mb L: 62/662 MS: 1 EraseBytes-
#401145	REDUCE cov: 455 ft: 1393 corp: 536/40Kb lim: 720 exec/s: 200572 rss: 260Mb L: 85/662 MS: 1 EraseBytes-
#401643	REDUCE cov: 455 ft: 1393 corp: 536/40Kb lim: 720 exec/s: 200821 rss: 260Mb L: 315/662 MS: 3 ChangeBinInt-ChangeASCIIInt-EraseBytes-
#402064	REDUCE cov: 455 ft: 1393 corp: 536/40Kb lim: 720 exec/s: 201032 rss: 261Mb L: 267/662 MS: 1 EraseBytes-
#402540	REDUCE cov: 455 ft: 1393 corp: 536/40Kb lim: 720 exec/s: 201270 rss: 261Mb L: 110/662 MS: 1 EraseBytes-
#402971	REDUCE cov: 455 ft: 1393 corp: 536/40Kb lim: 720 exec/s: 201485 rss: 261Mb L: 31/662 MS: 1 EraseBytes-
#403267	REDUCE cov: 455 ft: 1393 corp: 536/40Kb lim: 720 exec/s: 201633 rss: 261Mb L: 62/662 MS: 1 EraseBytes-
#403798	REDUCE cov: 455 ft: 1393 corp: 536/40Kb lim: 720 exec/s: 201899 rss: 262Mb L: 19/662 MS: 1 EraseBytes-
#403934	REDUCE cov: 455 ft: 1393 corp: 536/40Kb lim: 720 exec/s: 201967 rss: 262Mb L: 30/662 MS: 1 EraseBytes-
#405190	REDUCE cov: 455 ft: 1393 corp: 536/40Kb lim: 729 exec/s: 202595 rss: 263Mb L: 495/662 MS: 1 EraseBytes-
#405341	REDUCE cov: 455 ft: 1393 corp: 536/40Kb lim: 729 exec/s: 202670 rss: 263Mb L: 46/662 MS: 1 EraseBytes-
#405349	REDUCE cov: 455 ft: 1393 corp: 536/40Kb lim: 729 exec/s: 202674 rss: 263Mb L: 384/662 MS: 3 ShuffleBytes-ChangeBinInt-EraseBytes-
#405532	REDUCE cov: 455 ft: 1394 corp: 537/40Kb lim: 729 exec/s: 202766 rss: 263Mb L: 458/662 MS: 3 ChangeBit-ChangeASCIIInt-CopyPart-
#406023	REDUCE cov: 455 ft: 1394 corp: 537/40Kb lim: 729 exec/s: 203011 rss: 263Mb L: 242/662 MS: 1 EraseBytes-
#406124	REDUCE cov: 455 ft: 1394 corp: 537/40Kb lim: 729 exec/s: 203062 rss: 263Mb L: 38/662 MS: 1 EraseBytes-
#406506	REDUCE cov: 455 ft: 1394 corp: 537/40Kb lim: 729 exec/s: 203253 rss: 264Mb L: 5/662 MS: 2 InsertByte-EraseBytes-
#406552	REDUCE cov: 455 ft: 1394 corp: 537/40Kb lim: 729 exec/s: 203276 rss: 264Mb L: 43/662 MS: 1 EraseBytes-
#406633	REDUCE cov: 455 ft: 1394 corp: 537/40Kb lim: 729 exec/s: 203316 rss: 264Mb L: 69/662 MS: 1 EraseBytes-
#406714	REDUCE cov: 455 ft: 1394 corp: 537/40Kb lim: 729 exec/s: 203357 rss: 264Mb L: 29/662 MS: 1 EraseBytes-
#409345	REDUCE cov: 455 ft: 1394 corp: 537/40Kb lim: 747 exec/s: 204672 rss: 265Mb L: 79/662 MS: 1 EraseBytes-
#410196	REDUCE cov: 455 ft: 1394 corp: 537/40Kb lim: 747 exec/s: 205098 rss: 266Mb L: 51/662 MS: 1 EraseBytes-
#413087	REDUCE cov: 455 ft: 1394 corp: 537/40Kb lim: 774 exec/s: 206543 rss: 267Mb L: 58/662 MS: 1 EraseBytes-
#416598	REDUCE cov: 455 ft: 1394 corp: 537/40Kb lim: 801 exec/s: 208299 rss: 269Mb L: 47/662 MS: 1 EraseBytes-
#416765	REDUCE cov: 455 ft: 1394 corp: 537/40Kb lim: 801 exec/s: 208382 rss: 269Mb L: 41/662 MS: 2 CopyPart-EraseBytes-
#417276	REDUCE cov: 455 ft: 1394 corp: 537/40Kb lim: 801 exec/s: 208638 rss: 269Mb L: 243/662 MS: 1 EraseBytes-
#417347	REDUCE cov: 455 ft: 1394 corp: 537/40Kb lim: 801 exec/s: 208673 rss: 269Mb L: 40/662 MS: 1 EraseBytes-
#417383	REDUCE cov: 455 ft: 1394 corp: 537/40Kb lim: 801 exec/s: 208691 rss: 269Mb L: 90/662 MS: 1 EraseBytes-
#418789	REDUCE cov: 455 ft: 1394 corp: 537/40Kb lim: 810 exec/s: 209394 rss: 270Mb L: 83/662 MS: 1 EraseBytes-
#419660	REDUCE cov: 455 ft: 1402 corp: 538/41Kb lim: 810 exec/s: 209830 rss: 270Mb L: 761/761 MS: 1 CopyPart-
#420001	REDUCE cov: 455 ft: 1402 corp: 538/41Kb lim: 810 exec/s: 210000 rss: 270Mb L: 56/761 MS: 1 EraseBytes-
#420082	REDUCE cov: 455 ft: 1402 corp: 538/41Kb lim: 810 exec/s: 210041 rss: 270Mb L: 63/761 MS: 1 EraseBytes-
#420803	REDUCE cov: 455 ft: 1402 corp: 538/41Kb lim: 810 exec/s: 210401 rss: 271Mb L: 48/761 MS: 1 EraseBytes-
#420964	REDUCE cov: 455 ft: 1402 corp: 538/41Kb lim: 810 exec/s: 210482 rss: 271Mb L: 129/761 MS: 1 EraseBytes-
#421114	REDUCE cov: 455 ft: 1402 corp: 538/41Kb lim: 810 exec/s: 210557 rss: 271Mb L: 21/761 MS: 5 CMP-CopyPart-PersAutoDict-ChangeBinInt-EraseBytes- DE: "\377\377\377\377\377\377\377\004"-"\001 \000\000\000\000\000\000"-
#421201	NEW    cov: 455 ft: 1408 corp: 539/41Kb lim: 810 exec/s: 210600 rss: 271Mb L: 551/761 MS: 2 InsertByte-CrossOver-
#421618	REDUCE cov: 455 ft: 1408 corp: 539/41Kb lim: 810 exec/s: 210809 rss: 271Mb L: 241/761 MS: 2 ChangeASCIIInt-EraseBytes-
#422294	REDUCE cov: 455 ft: 1408 corp: 539/41Kb lim: 810 exec/s: 211147 rss: 272Mb L: 327/761 MS: 1 EraseBytes-
#423665	REDUCE cov: 455 ft: 1408 corp: 539/41Kb lim: 819 exec/s: 211832 rss: 272Mb L: 51/761 MS: 1 EraseBytes-
#424402	REDUCE cov: 455 ft: 1408 corp: 539/41Kb lim: 819 exec/s: 212201 rss: 273Mb L: 274/761 MS: 2 ChangeBit-EraseBytes-
#424750	REDUCE cov: 455 ft: 1408 corp: 539/41Kb lim: 819 exec/s: 212375 rss: 273Mb L: 129/761 MS: 3 InsertByte-ChangeBit-EraseBytes-
#425317	REDUCE cov: 455 ft: 1408 corp: 539/41Kb lim: 819 exec/s: 212658 rss: 273Mb L: 21/761 MS: 2 InsertByte-EraseBytes-
#425443	REDUCE cov: 455 ft: 1408 corp: 539/41Kb lim: 819 exec/s: 212721 rss: 273Mb L: 255/761 MS: 1 EraseBytes-
#425695	REDUCE cov: 455 ft: 1408 corp: 539/41Kb lim: 819 exec/s: 212847 rss: 274Mb L: 151/761 MS: 2 ChangeByte-EraseBytes-
#425951	REDUCE cov: 455 ft: 1408 corp: 539/41Kb lim: 819 exec/s: 212975 rss: 274Mb L: 18/761 MS: 1 EraseBytes-
#426408	REDUCE cov: 455 ft: 1408 corp: 539/41Kb lim: 819 exec/s: 213204 rss: 274Mb L: 31/761 MS: 2 ChangeBinInt-EraseBytes-
#427509	REDUCE cov: 455 ft: 1408 corp: 539/41Kb lim: 828 exec/s: 213754 rss: 274Mb L: 38/761 MS: 1 EraseBytes-
#427780	REDUCE cov: 455 ft: 1408 corp: 539/41Kb lim: 828 exec/s: 213890 rss: 275Mb L: 54/761 MS: 1 EraseBytes-
#428188	REDUCE cov: 455 ft: 1408 corp: 539/41Kb lim: 828 exec/s: 214094 rss: 275Mb L: 14/761 MS: 3 ChangeBinInt-CMP-EraseBytes- DE: "\001\000"-
#428379	REDUCE cov: 455 ft: 1408 corp: 539/41Kb lim: 828 exec/s: 214189 rss: 275Mb L: 50/761 MS: 1 EraseBytes-
#428545	REDUCE cov: 455 ft: 1408 corp: 539/41Kb lim: 828 exec/s: 214272 rss: 275Mb L: 97/761 MS: 1 EraseBytes-
#428546	REDUCE cov: 455 ft: 1408 corp: 539/41Kb lim: 828 exec/s: 214273 rss: 275Mb L: 69/761 MS: 1 EraseBytes-
#428747	REDUCE cov: 455 ft: 1408 corp: 539/41Kb lim: 828 exec/s: 214373 rss: 276Mb L: 123/761 MS: 1 EraseBytes-
#430027	REDUCE cov: 455 ft: 1409 corp: 540/41Kb lim: 837 exec/s: 215013 rss: 276Mb L: 429/761 MS: 5 ChangeByte-ShuffleBytes-EraseBytes-ChangeASCIIInt-InsertRepeatedBytes-
#430168	REDUCE cov: 455 ft: 1409 corp: 540/41Kb lim: 837 exec/s: 215084 rss: 277Mb L: 31/761 MS: 1 EraseBytes-
#430644	REDUCE cov: 455 ft: 1409 corp: 540/41Kb lim: 837 exec/s: 215322 rss: 277Mb L: 53/761 MS: 1 EraseBytes-
#431880	REDUCE cov: 455 ft: 1409 corp: 540/41Kb lim: 846 exec/s: 215940 rss: 278Mb L: 8/761 MS: 1 EraseBytes-
#431916	REDUCE cov: 455 ft: 1409 corp: 540/41Kb lim: 846 exec/s: 215958 rss: 278Mb L: 40/761 MS: 1 EraseBytes-
#431918	REDUCE cov: 455 ft: 1409 corp: 540/41Kb lim: 846 exec/s: 215959 rss: 278Mb L: 134/761 MS: 2 CrossOver-EraseBytes-
#432740	REDUCE cov: 455 ft: 1409 corp: 540/41Kb lim: 846 exec/s: 216370 rss: 278Mb L: 78/761 MS: 2 InsertByte-EraseBytes-
#433176	REDUCE cov: 455 ft: 1409 corp: 540/41Kb lim: 846 exec/s: 216588 rss: 278Mb L: 44/761 MS: 1 EraseBytes-
#433822	REDUCE cov: 455 ft: 1410 corp: 541/41Kb lim: 846 exec/s: 144607 rss: 279Mb L: 112/761 MS: 1 CopyPart-
#434548	REDUCE cov: 455 ft: 1410 corp: 541/41Kb lim: 846 exec/s: 144849 rss: 279Mb L: 326/761 MS: 1 EraseBytes-
#434766	REDUCE cov: 455 ft: 1410 corp: 541/41Kb lim: 846 exec/s: 144922 rss: 279Mb L: 59/761 MS: 3 ChangeBinInt-ChangeASCIIInt-EraseBytes-
#435082	REDUCE cov: 455 ft: 1410 corp: 541/41Kb lim: 846 exec/s: 145027 rss: 280Mb L: 41/761 MS: 1 EraseBytes-
#435493	REDUCE cov: 455 ft: 1410 corp: 541/41Kb lim: 846 exec/s: 145164 rss: 283Mb L: 69/761 MS: 1 EraseBytes-
#435506	REDUCE cov: 455 ft: 1410 corp: 541/41Kb lim: 846 exec/s: 145168 rss: 283Mb L: 36/761 MS: 3 PersAutoDict-InsertByte-EraseBytes- DE: "\001\000\000\000\000\000\000/"-
#436443	REDUCE cov: 455 ft: 1410 corp: 541/41Kb lim: 855 exec/s: 145481 rss: 284Mb L: 66/761 MS: 2 ChangeBit-EraseBytes-
#436887	NEW    cov: 455 ft: 1411 corp: 542/42Kb lim: 855 exec/s: 145629 rss: 284Mb L: 508/761 MS: 4 InsertByte-InsertRepeatedBytes-ShuffleBytes-EraseBytes-
#437363	REDUCE cov: 455 ft: 1411 corp: 542/42Kb lim: 855 exec/s: 145787 rss: 284Mb L: 7/761 MS: 1 EraseBytes-
#437364	REDUCE cov: 455 ft: 1411 corp: 542/42Kb lim: 855 exec/s: 145788 rss: 285Mb L: 37/761 MS: 1 EraseBytes-
#437649	REDUCE cov: 455 ft: 1411 corp: 542/42Kb lim: 855 exec/s: 145883 rss: 285Mb L: 44/761 MS: 5 PersAutoDict-ShuffleBytes-ChangeBit-ChangeByte-EraseBytes- DE: "\000\000\000\000\000\000\000\021"-
#437855	REDUCE cov: 455 ft: 1411 corp: 542/42Kb lim: 855 exec/s: 145951 rss: 285Mb L: 13/761 MS: 1 EraseBytes-
#437906	REDUCE cov: 455 ft: 1411 corp: 542/42Kb lim: 855 exec/s: 145968 rss: 285Mb L: 681/681 MS: 1 EraseBytes-
#438777	REDUCE cov: 455 ft: 1411 corp: 542/42Kb lim: 855 exec/s: 146259 rss: 285Mb L: 15/681 MS: 1 EraseBytes-
#439303	REDUCE cov: 455 ft: 1411 corp: 542/42Kb lim: 855 exec/s: 146434 rss: 286Mb L: 115/681 MS: 1 EraseBytes-
#439349	REDUCE cov: 458 ft: 1414 corp: 543/42Kb lim: 855 exec/s: 146449 rss: 286Mb L: 57/681 MS: 1 InsertByte-
#440499	REDUCE cov: 458 ft: 1414 corp: 543/42Kb lim: 864 exec/s: 146833 rss: 286Mb L: 51/681 MS: 5 ChangeBinInt-InsertByte-ChangeBit-InsertByte-EraseBytes-
#440840	REDUCE cov: 458 ft: 1414 corp: 543/42Kb lim: 864 exec/s: 146946 rss: 287Mb L: 68/681 MS: 1 EraseBytes-
#441225	REDUCE cov: 458 ft: 1415 corp: 544/42Kb lim: 864 exec/s: 147075 rss: 287Mb L: 793/793 MS: 5 InsertRepeatedBytes-CrossOver-InsertByte-ShuffleBytes-CopyPart-
#442132	REDUCE cov: 458 ft: 1415 corp: 544/42Kb lim: 873 exec/s: 147377 rss: 287Mb L: 162/793 MS: 2 InsertByte-EraseBytes-
#442223	REDUCE cov: 458 ft: 1415 corp: 544/42Kb lim: 873 exec/s: 147407 rss: 287Mb L: 258/793 MS: 1 EraseBytes-
#442649	REDUCE cov: 458 ft: 1415 corp: 544/42Kb lim: 873 exec/s: 147549 rss: 288Mb L: 22/793 MS: 1 EraseBytes-
#442755	REDUCE cov: 458 ft: 1415 corp: 544/42Kb lim: 873 exec/s: 147585 rss: 288Mb L: 28/793 MS: 1 EraseBytes-
#443143	REDUCE cov: 458 ft: 1415 corp: 544/42Kb lim: 873 exec/s: 147714 rss: 288Mb L: 40/793 MS: 3 ChangeBinInt-ChangeASCIIInt-EraseBytes-
#443275	REDUCE cov: 459 ft: 1416 corp: 545/43Kb lim: 873 exec/s: 147758 rss: 288Mb L: 154/793 MS: 2 CrossOver-InsertRepeatedBytes-
#443407	REDUCE cov: 459 ft: 1416 corp: 545/43Kb lim: 873 exec/s: 147802 rss: 288Mb L: 70/793 MS: 2 ChangeByte-EraseBytes-
#443750	REDUCE cov: 459 ft: 1416 corp: 545/43Kb lim: 873 exec/s: 147916 rss: 288Mb L: 33/793 MS: 3 PersAutoDict-ShuffleBytes-EraseBytes- DE: "\377\002"-
#443866	REDUCE cov: 459 ft: 1416 corp: 545/43Kb lim: 873 exec/s: 147955 rss: 289Mb L: 56/793 MS: 1 EraseBytes-
#444128	REDUCE cov: 459 ft: 1416 corp: 545/43Kb lim: 873 exec/s: 148042 rss: 289Mb L: 16/793 MS: 2 ChangeBit-EraseBytes-
#444221	REDUCE cov: 459 ft: 1416 corp: 545/43Kb lim: 873 exec/s: 148073 rss: 289Mb L: 47/793 MS: 3 ChangeByte-EraseBytes-CopyPart-
#444522	REDUCE cov: 459 ft: 1416 corp: 545/43Kb lim: 873 exec/s: 148174 rss: 289Mb L: 20/793 MS: 1 EraseBytes-
#444943	NEW    cov: 460 ft: 1417 corp: 546/43Kb lim: 873 exec/s: 148314 rss: 289Mb L: 57/793 MS: 1 CrossOver-
#445079	REDUCE cov: 460 ft: 1417 corp: 546/43Kb lim: 873 exec/s: 148359 rss: 290Mb L: 35/793 MS: 1 EraseBytes-
#445305	REDUCE cov: 460 ft: 1417 corp: 546/43Kb lim: 873 exec/s: 148435 rss: 290Mb L: 58/793 MS: 1 EraseBytes-
#445408	REDUCE cov: 460 ft: 1417 corp: 546/43Kb lim: 873 exec/s: 148469 rss: 290Mb L: 331/793 MS: 3 ShuffleBytes-ChangeBinInt-EraseBytes-
#446644	REDUCE cov: 460 ft: 1417 corp: 546/43Kb lim: 882 exec/s: 148881 rss: 290Mb L: 561/793 MS: 1 EraseBytes-
#446680	REDUCE cov: 460 ft: 1417 corp: 546/43Kb lim: 882 exec/s: 148893 rss: 291Mb L: 29/793 MS: 1 EraseBytes-
#446746	REDUCE cov: 460 ft: 1417 corp: 546/43Kb lim: 882 exec/s: 148915 rss: 291Mb L: 92/793 MS: 1 EraseBytes-
#447407	REDUCE cov: 460 ft: 1417 corp: 546/43Kb lim: 882 exec/s: 149135 rss: 291Mb L: 41/793 MS: 1 EraseBytes-
#447673	REDUCE cov: 460 ft: 1417 corp: 546/43Kb lim: 882 exec/s: 149224 rss: 291Mb L: 596/793 MS: 1 EraseBytes-
#447774	REDUCE cov: 460 ft: 1417 corp: 546/42Kb lim: 882 exec/s: 149258 rss: 291Mb L: 13/793 MS: 1 EraseBytes-
#447986	REDUCE cov: 460 ft: 1417 corp: 546/42Kb lim: 882 exec/s: 149328 rss: 291Mb L: 104/793 MS: 2 CMP-EraseBytes- DE: "\036\000\000\000\000\000\000\000"-
#448497	REDUCE cov: 460 ft: 1417 corp: 546/42Kb lim: 882 exec/s: 149499 rss: 292Mb L: 461/793 MS: 1 EraseBytes-
#449078	REDUCE cov: 460 ft: 1417 corp: 546/42Kb lim: 882 exec/s: 149692 rss: 292Mb L: 73/793 MS: 1 EraseBytes-
#449319	REDUCE cov: 460 ft: 1417 corp: 546/42Kb lim: 882 exec/s: 149773 rss: 292Mb L: 18/793 MS: 1 EraseBytes-
#449605	REDUCE cov: 460 ft: 1417 corp: 546/42Kb lim: 882 exec/s: 149868 rss: 292Mb L: 139/793 MS: 1 EraseBytes-
#450131	REDUCE cov: 460 ft: 1417 corp: 546/42Kb lim: 882 exec/s: 150043 rss: 293Mb L: 84/793 MS: 1 EraseBytes-
#450453	REDUCE cov: 460 ft: 1417 corp: 546/42Kb lim: 882 exec/s: 150151 rss: 293Mb L: 313/793 MS: 2 ChangeASCIIInt-EraseBytes-
#451714	REDUCE cov: 460 ft: 1417 corp: 546/42Kb lim: 891 exec/s: 150571 rss: 294Mb L: 587/793 MS: 1 EraseBytes-
#452230	REDUCE cov: 460 ft: 1417 corp: 546/42Kb lim: 891 exec/s: 150743 rss: 294Mb L: 58/793 MS: 1 EraseBytes-
#452556	NEW    cov: 460 ft: 1418 corp: 547/43Kb lim: 891 exec/s: 150852 rss: 294Mb L: 811/811 MS: 1 CopyPart-
#452577	REDUCE cov: 460 ft: 1418 corp: 547/43Kb lim: 891 exec/s: 150859 rss: 294Mb L: 16/811 MS: 1 EraseBytes-
#452865	REDUCE cov: 460 ft: 1418 corp: 547/43Kb lim: 891 exec/s: 150955 rss: 294Mb L: 304/811 MS: 3 PersAutoDict-InsertRepeatedBytes-EraseBytes- DE: "\001\000\000\000\000\000\177\342"-
#453952	REDUCE cov: 460 ft: 1423 corp: 548/44Kb lim: 900 exec/s: 151317 rss: 295Mb L: 649/811 MS: 2 InsertRepeatedBytes-CopyPart-
#454083	REDUCE cov: 460 ft: 1423 corp: 548/44Kb lim: 900 exec/s: 151361 rss: 295Mb L: 266/811 MS: 1 EraseBytes-
#454149	REDUCE cov: 460 ft: 1423 corp: 548/44Kb lim: 900 exec/s: 151383 rss: 295Mb L: 15/811 MS: 1 EraseBytes-
#455362	REDUCE cov: 460 ft: 1423 corp: 548/44Kb lim: 909 exec/s: 151787 rss: 296Mb L: 262/811 MS: 3 InsertByte-CopyPart-EraseBytes-
#455448	REDUCE cov: 460 ft: 1423 corp: 548/44Kb lim: 909 exec/s: 151816 rss: 296Mb L: 27/811 MS: 1 EraseBytes-
#457020	REDUCE cov: 460 ft: 1423 corp: 548/43Kb lim: 918 exec/s: 152340 rss: 297Mb L: 254/811 MS: 2 ChangeByte-EraseBytes-
#457626	REDUCE cov: 460 ft: 1423 corp: 548/43Kb lim: 918 exec/s: 152542 rss: 297Mb L: 13/811 MS: 1 EraseBytes-
#458558	REDUCE cov: 460 ft: 1423 corp: 548/43Kb lim: 927 exec/s: 152852 rss: 298Mb L: 69/811 MS: 2 ShuffleBytes-EraseBytes-
#458749	REDUCE cov: 460 ft: 1423 corp: 548/43Kb lim: 927 exec/s: 152916 rss: 298Mb L: 247/811 MS: 1 EraseBytes-
#458920	REDUCE cov: 460 ft: 1423 corp: 548/43Kb lim: 927 exec/s: 152973 rss: 298Mb L: 62/811 MS: 1 EraseBytes-
#459412	REDUCE cov: 460 ft: 1423 corp: 548/43Kb lim: 927 exec/s: 153137 rss: 299Mb L: 30/811 MS: 2 ChangeBit-EraseBytes-
#459433	REDUCE cov: 460 ft: 1423 corp: 548/43Kb lim: 927 exec/s: 153144 rss: 299Mb L: 379/811 MS: 1 EraseBytes-
#459534	REDUCE cov: 460 ft: 1423 corp: 548/43Kb lim: 927 exec/s: 153178 rss: 299Mb L: 79/811 MS: 1 EraseBytes-
#460040	REDUCE cov: 460 ft: 1423 corp: 548/43Kb lim: 927 exec/s: 153346 rss: 299Mb L: 28/811 MS: 1 EraseBytes-
#460307	REDUCE cov: 460 ft: 1423 corp: 548/43Kb lim: 927 exec/s: 153435 rss: 299Mb L: 175/811 MS: 2 ChangeASCIIInt-EraseBytes-
#460517	REDUCE cov: 460 ft: 1423 corp: 548/43Kb lim: 927 exec/s: 153505 rss: 300Mb L: 41/811 MS: 5 CMP-ChangeBit-PersAutoDict-ChangeByte-EraseBytes- DE: "\377\377\377\377\377\377\037\000"-"\377\377"-
#460518	REDUCE cov: 460 ft: 1423 corp: 548/43Kb lim: 927 exec/s: 153506 rss: 300Mb L: 50/811 MS: 1 EraseBytes-
#460846	NEW    cov: 460 ft: 1424 corp: 549/44Kb lim: 927 exec/s: 153615 rss: 300Mb L: 740/811 MS: 3 InsertRepeatedBytes-ShuffleBytes-CopyPart-
#461393	NEW    cov: 460 ft: 1427 corp: 550/45Kb lim: 927 exec/s: 153797 rss: 300Mb L: 918/918 MS: 2 InsertByte-CopyPart-
#463149	REDUCE cov: 460 ft: 1427 corp: 550/45Kb lim: 936 exec/s: 154383 rss: 301Mb L: 89/918 MS: 1 EraseBytes-
#463480	REDUCE cov: 460 ft: 1427 corp: 550/45Kb lim: 936 exec/s: 154493 rss: 301Mb L: 614/918 MS: 1 EraseBytes-
#463553	REDUCE cov: 460 ft: 1427 corp: 550/45Kb lim: 936 exec/s: 154517 rss: 301Mb L: 600/918 MS: 3 InsertByte-CopyPart-EraseBytes-
#464624	REDUCE cov: 460 ft: 1427 corp: 550/45Kb lim: 945 exec/s: 154874 rss: 302Mb L: 100/918 MS: 1 EraseBytes-
#464745	REDUCE cov: 460 ft: 1429 corp: 551/45Kb lim: 945 exec/s: 154915 rss: 302Mb L: 104/918 MS: 1 ChangeASCIIInt-
#465171	REDUCE cov: 460 ft: 1429 corp: 551/45Kb lim: 945 exec/s: 155057 rss: 302Mb L: 21/918 MS: 1 EraseBytes-
#465339	REDUCE cov: 460 ft: 1429 corp: 551/45Kb lim: 945 exec/s: 155113 rss: 302Mb L: 176/918 MS: 3 ChangeBinInt-ChangeByte-EraseBytes-
#465615	REDUCE cov: 460 ft: 1429 corp: 551/45Kb lim: 945 exec/s: 155205 rss: 303Mb L: 322/918 MS: 1 EraseBytes-
#465771	REDUCE cov: 460 ft: 1429 corp: 551/45Kb lim: 945 exec/s: 155257 rss: 303Mb L: 34/918 MS: 1 EraseBytes-
#465955	REDUCE cov: 460 ft: 1431 corp: 552/45Kb lim: 945 exec/s: 155318 rss: 303Mb L: 130/918 MS: 4 CopyPart-ChangeBinInt-ShuffleBytes-CrossOver-
#466567	REDUCE cov: 460 ft: 1431 corp: 552/45Kb lim: 945 exec/s: 155522 rss: 303Mb L: 81/918 MS: 2 CopyPart-EraseBytes-
#466593	REDUCE cov: 461 ft: 1432 corp: 553/45Kb lim: 945 exec/s: 155531 rss: 303Mb L: 55/918 MS: 1 EraseBytes-
#467113	REDUCE cov: 461 ft: 1436 corp: 554/45Kb lim: 945 exec/s: 155704 rss: 304Mb L: 52/918 MS: 5 ChangeBinInt-EraseBytes-InsertByte-ChangeASCIIInt-CrossOver-
#467525	NEW    cov: 461 ft: 1443 corp: 555/46Kb lim: 945 exec/s: 155841 rss: 304Mb L: 747/918 MS: 2 ChangeBit-CopyPart-
#467836	REDUCE cov: 461 ft: 1443 corp: 555/46Kb lim: 945 exec/s: 155945 rss: 304Mb L: 225/918 MS: 1 EraseBytes-
#467982	REDUCE cov: 461 ft: 1443 corp: 555/46Kb lim: 945 exec/s: 155994 rss: 304Mb L: 132/918 MS: 1 EraseBytes-
#467988	REDUCE cov: 461 ft: 1443 corp: 555/46Kb lim: 945 exec/s: 155996 rss: 304Mb L: 421/918 MS: 1 EraseBytes-
#468110	REDUCE cov: 461 ft: 1443 corp: 555/46Kb lim: 945 exec/s: 156036 rss: 304Mb L: 65/918 MS: 2 ShuffleBytes-EraseBytes-
#468672	REDUCE cov: 461 ft: 1448 corp: 556/46Kb lim: 945 exec/s: 156224 rss: 305Mb L: 247/918 MS: 2 ShuffleBytes-CopyPart-
#468728	REDUCE cov: 461 ft: 1448 corp: 556/46Kb lim: 945 exec/s: 156242 rss: 305Mb L: 657/918 MS: 1 EraseBytes-
#468972	REDUCE cov: 461 ft: 1448 corp: 556/46Kb lim: 945 exec/s: 156324 rss: 305Mb L: 46/918 MS: 4 ChangeBit-ChangeBit-ChangeByte-EraseBytes-
#468994	REDUCE cov: 461 ft: 1448 corp: 556/46Kb lim: 945 exec/s: 156331 rss: 305Mb L: 25/918 MS: 2 ShuffleBytes-EraseBytes-
#469445	REDUCE cov: 461 ft: 1448 corp: 556/46Kb lim: 945 exec/s: 156481 rss: 305Mb L: 117/918 MS: 1 EraseBytes-
#470148	REDUCE cov: 461 ft: 1448 corp: 556/46Kb lim: 945 exec/s: 156716 rss: 306Mb L: 32/918 MS: 3 PersAutoDict-EraseBytes-ChangeBinInt- DE: "\000\000\000\000\000\000\000\000"-
#470881	REDUCE cov: 461 ft: 1448 corp: 556/46Kb lim: 945 exec/s: 156960 rss: 306Mb L: 70/918 MS: 3 CrossOver-CrossOver-EraseBytes-
#471257	REDUCE cov: 461 ft: 1448 corp: 556/46Kb lim: 945 exec/s: 157085 rss: 306Mb L: 52/918 MS: 1 EraseBytes-
#471733	REDUCE cov: 461 ft: 1449 corp: 557/47Kb lim: 945 exec/s: 157244 rss: 306Mb L: 893/918 MS: 1 CopyPart-
#472659	REDUCE cov: 461 ft: 1449 corp: 557/47Kb lim: 954 exec/s: 157553 rss: 307Mb L: 310/918 MS: 1 EraseBytes-
#472860	REDUCE cov: 461 ft: 1449 corp: 557/47Kb lim: 954 exec/s: 157620 rss: 307Mb L: 52/918 MS: 1 EraseBytes-
#473061	REDUCE cov: 461 ft: 1449 corp: 557/47Kb lim: 954 exec/s: 157687 rss: 307Mb L: 123/918 MS: 1 EraseBytes-
#473598	REDUCE cov: 461 ft: 1449 corp: 557/47Kb lim: 954 exec/s: 157866 rss: 308Mb L: 64/918 MS: 2 PersAutoDict-EraseBytes- DE: "\027\000\000\000\000\000\000\000"-
#473774	REDUCE cov: 461 ft: 1449 corp: 557/47Kb lim: 954 exec/s: 157924 rss: 308Mb L: 124/918 MS: 1 EraseBytes-
#474680	REDUCE cov: 461 ft: 1449 corp: 557/47Kb lim: 963 exec/s: 158226 rss: 308Mb L: 49/918 MS: 1 EraseBytes-
#475083	REDUCE cov: 461 ft: 1449 corp: 557/47Kb lim: 963 exec/s: 158361 rss: 308Mb L: 262/918 MS: 3 ChangeBinInt-CopyPart-EraseBytes-
#475134	REDUCE cov: 461 ft: 1449 corp: 557/47Kb lim: 963 exec/s: 158378 rss: 309Mb L: 29/918 MS: 1 EraseBytes-
#476721	REDUCE cov: 461 ft: 1449 corp: 557/47Kb lim: 972 exec/s: 158907 rss: 309Mb L: 137/918 MS: 2 ChangeASCIIInt-EraseBytes-
#476795	REDUCE cov: 461 ft: 1449 corp: 557/47Kb lim: 972 exec/s: 158931 rss: 309Mb L: 719/918 MS: 4 ChangeBinInt-ChangeBit-InsertRepeatedBytes-EraseBytes-
#476972	REDUCE cov: 461 ft: 1449 corp: 557/47Kb lim: 972 exec/s: 158990 rss: 310Mb L: 49/918 MS: 2 ChangeBit-EraseBytes-
#477884	REDUCE cov: 461 ft: 1449 corp: 557/47Kb lim: 981 exec/s: 159294 rss: 310Mb L: 897/897 MS: 2 ChangeASCIIInt-EraseBytes-
#478015	REDUCE cov: 461 ft: 1449 corp: 557/47Kb lim: 981 exec/s: 159338 rss: 310Mb L: 37/897 MS: 1 EraseBytes-
#478086	REDUCE cov: 461 ft: 1449 corp: 557/47Kb lim: 981 exec/s: 159362 rss: 310Mb L: 8/897 MS: 1 EraseBytes-
#479328	REDUCE cov: 461 ft: 1449 corp: 557/47Kb lim: 990 exec/s: 159776 rss: 311Mb L: 15/897 MS: 2 ShuffleBytes-EraseBytes-
#480285	REDUCE cov: 461 ft: 1449 corp: 557/47Kb lim: 999 exec/s: 160095 rss: 311Mb L: 100/897 MS: 2 CMP-EraseBytes- DE: "\377\377"-
#481222	REDUCE cov: 461 ft: 1449 corp: 557/47Kb lim: 1008 exec/s: 160407 rss: 312Mb L: 50/897 MS: 2 ShuffleBytes-EraseBytes-
#481533	REDUCE cov: 461 ft: 1449 corp: 557/47Kb lim: 1008 exec/s: 160511 rss: 312Mb L: 305/897 MS: 1 EraseBytes-
#481809	REDUCE cov: 461 ft: 1449 corp: 557/47Kb lim: 1008 exec/s: 160603 rss: 312Mb L: 109/897 MS: 1 EraseBytes-
#482176	REDUCE cov: 461 ft: 1449 corp: 557/47Kb lim: 1008 exec/s: 160725 rss: 312Mb L: 542/897 MS: 2 ShuffleBytes-EraseBytes-
#482803	REDUCE cov: 461 ft: 1449 corp: 557/47Kb lim: 1008 exec/s: 160934 rss: 313Mb L: 10/897 MS: 2 CopyPart-EraseBytes-
#484724	REDUCE cov: 461 ft: 1449 corp: 557/47Kb lim: 1026 exec/s: 161574 rss: 314Mb L: 19/897 MS: 1 EraseBytes-
#485676	REDUCE cov: 461 ft: 1449 corp: 557/47Kb lim: 1026 exec/s: 161892 rss: 314Mb L: 72/897 MS: 2 ChangeASCIIInt-CrossOver-
#486087	REDUCE cov: 461 ft: 1449 corp: 557/47Kb lim: 1026 exec/s: 162029 rss: 315Mb L: 254/897 MS: 1 EraseBytes-
#486123	REDUCE cov: 461 ft: 1449 corp: 557/47Kb lim: 1026 exec/s: 162041 rss: 315Mb L: 90/897 MS: 1 EraseBytes-
#486150	REDUCE cov: 461 ft: 1449 corp: 557/47Kb lim: 1026 exec/s: 162050 rss: 315Mb L: 30/897 MS: 2 ChangeBit-EraseBytes-
#486536	REDUCE cov: 461 ft: 1449 corp: 557/47Kb lim: 1026 exec/s: 162178 rss: 315Mb L: 86/897 MS: 1 EraseBytes-
#486792	REDUCE cov: 461 ft: 1449 corp: 557/47Kb lim: 1026 exec/s: 162264 rss: 315Mb L: 78/897 MS: 1 EraseBytes-
#486816	REDUCE cov: 461 ft: 1449 corp: 557/47Kb lim: 1026 exec/s: 162272 rss: 315Mb L: 64/897 MS: 4 ChangeBit-PersAutoDict-EraseBytes-EraseBytes- DE: "\023\000\000\000\000\000\000\000"-
#486837	REDUCE cov: 461 ft: 1449 corp: 557/47Kb lim: 1026 exec/s: 162279 rss: 315Mb L: 220/897 MS: 1 EraseBytes-
#486893	REDUCE cov: 461 ft: 1449 corp: 557/47Kb lim: 1026 exec/s: 162297 rss: 315Mb L: 16/897 MS: 1 EraseBytes-
#487639	REDUCE cov: 461 ft: 1449 corp: 557/47Kb lim: 1026 exec/s: 162546 rss: 316Mb L: 69/897 MS: 1 EraseBytes-
#487885	REDUCE cov: 461 ft: 1449 corp: 557/47Kb lim: 1026 exec/s: 162628 rss: 316Mb L: 372/897 MS: 1 EraseBytes-
#488592	REDUCE cov: 461 ft: 1449 corp: 557/46Kb lim: 1026 exec/s: 162864 rss: 317Mb L: 61/897 MS: 2 ShuffleBytes-EraseBytes-
#489008	REDUCE cov: 461 ft: 1449 corp: 557/46Kb lim: 1026 exec/s: 163002 rss: 317Mb L: 135/897 MS: 1 EraseBytes-
#489294	REDUCE cov: 461 ft: 1449 corp: 557/46Kb lim: 1026 exec/s: 163098 rss: 317Mb L: 17/897 MS: 1 EraseBytes-
#489445	REDUCE cov: 461 ft: 1449 corp: 557/46Kb lim: 1026 exec/s: 163148 rss: 317Mb L: 320/897 MS: 1 EraseBytes-
#489716	REDUCE cov: 461 ft: 1449 corp: 557/46Kb lim: 1026 exec/s: 163238 rss: 317Mb L: 48/897 MS: 1 EraseBytes-
#490242	REDUCE cov: 461 ft: 1449 corp: 557/46Kb lim: 1026 exec/s: 163414 rss: 318Mb L: 112/897 MS: 1 EraseBytes-
#490245	REDUCE cov: 461 ft: 1449 corp: 557/46Kb lim: 1026 exec/s: 163415 rss: 318Mb L: 280/897 MS: 3 EraseBytes-ChangeByte-CopyPart-
#490591	REDUCE cov: 461 ft: 1449 corp: 557/46Kb lim: 1026 exec/s: 163530 rss: 318Mb L: 470/897 MS: 1 EraseBytes-
#490822	REDUCE cov: 461 ft: 1449 corp: 557/46Kb lim: 1026 exec/s: 163607 rss: 319Mb L: 40/897 MS: 1 EraseBytes-
#491063	REDUCE cov: 461 ft: 1449 corp: 557/46Kb lim: 1026 exec/s: 163687 rss: 319Mb L: 49/897 MS: 1 EraseBytes-
#491149	REDUCE cov: 461 ft: 1449 corp: 557/46Kb lim: 1026 exec/s: 163716 rss: 319Mb L: 310/897 MS: 1 EraseBytes-
#491210	REDUCE cov: 461 ft: 1449 corp: 557/46Kb lim: 1026 exec/s: 163736 rss: 319Mb L: 51/897 MS: 1 EraseBytes-
#491846	REDUCE cov: 461 ft: 1450 corp: 558/47Kb lim: 1026 exec/s: 163948 rss: 319Mb L: 683/897 MS: 1 InsertRepeatedBytes-
#492637	REDUCE cov: 461 ft: 1450 corp: 558/47Kb lim: 1026 exec/s: 164212 rss: 320Mb L: 394/897 MS: 1 EraseBytes-
#492798	REDUCE cov: 461 ft: 1450 corp: 558/47Kb lim: 1026 exec/s: 164266 rss: 320Mb L: 40/897 MS: 1 EraseBytes-
#492961	REDUCE cov: 461 ft: 1450 corp: 558/47Kb lim: 1026 exec/s: 164320 rss: 320Mb L: 214/897 MS: 3 ShuffleBytes-ChangeBit-EraseBytes-
#493372	REDUCE cov: 461 ft: 1450 corp: 558/47Kb lim: 1026 exec/s: 164457 rss: 320Mb L: 49/897 MS: 1 EraseBytes-
#493543	REDUCE cov: 461 ft: 1450 corp: 558/47Kb lim: 1026 exec/s: 164514 rss: 321Mb L: 76/897 MS: 1 EraseBytes-
#494134	REDUCE cov: 461 ft: 1450 corp: 558/47Kb lim: 1026 exec/s: 164711 rss: 321Mb L: 9/897 MS: 1 EraseBytes-
#494265	REDUCE cov: 461 ft: 1450 corp: 558/46Kb lim: 1026 exec/s: 164755 rss: 321Mb L: 675/897 MS: 1 EraseBytes-
#494356	REDUCE cov: 461 ft: 1450 corp: 558/46Kb lim: 1026 exec/s: 164785 rss: 321Mb L: 58/897 MS: 1 EraseBytes-
#494582	REDUCE cov: 461 ft: 1450 corp: 558/46Kb lim: 1026 exec/s: 164860 rss: 321Mb L: 6/897 MS: 1 EraseBytes-
#495558	REDUCE cov: 461 ft: 1450 corp: 558/46Kb lim: 1026 exec/s: 165186 rss: 322Mb L: 146/897 MS: 1 EraseBytes-
#495725	REDUCE cov: 461 ft: 1451 corp: 559/47Kb lim: 1026 exec/s: 165241 rss: 322Mb L: 207/897 MS: 2 EraseBytes-InsertRepeatedBytes-
#495782	REDUCE cov: 461 ft: 1451 corp: 559/47Kb lim: 1026 exec/s: 165260 rss: 322Mb L: 61/897 MS: 2 CopyPart-EraseBytes-
#495884	REDUCE cov: 461 ft: 1451 corp: 559/47Kb lim: 1026 exec/s: 165294 rss: 322Mb L: 135/897 MS: 2 EraseBytes-CopyPart-
#495970	REDUCE cov: 461 ft: 1454 corp: 560/47Kb lim: 1026 exec/s: 165323 rss: 322Mb L: 922/922 MS: 1 CopyPart-
#495971	REDUCE cov: 461 ft: 1454 corp: 560/47Kb lim: 1026 exec/s: 165323 rss: 322Mb L: 65/922 MS: 1 EraseBytes-
#496547	REDUCE cov: 461 ft: 1454 corp: 560/47Kb lim: 1026 exec/s: 165515 rss: 323Mb L: 136/922 MS: 1 EraseBytes-
#496583	REDUCE cov: 461 ft: 1454 corp: 560/47Kb lim: 1026 exec/s: 165527 rss: 323Mb L: 61/922 MS: 1 EraseBytes-
#496875	REDUCE cov: 461 ft: 1454 corp: 560/47Kb lim: 1026 exec/s: 165625 rss: 323Mb L: 44/922 MS: 2 ShuffleBytes-EraseBytes-
#497143	NEW    cov: 461 ft: 1456 corp: 561/48Kb lim: 1026 exec/s: 165714 rss: 323Mb L: 973/973 MS: 3 ChangeBit-EraseBytes-CopyPart-
#497149	REDUCE cov: 461 ft: 1456 corp: 561/48Kb lim: 1026 exec/s: 165716 rss: 324Mb L: 59/973 MS: 1 EraseBytes-
#497685	REDUCE cov: 461 ft: 1457 corp: 562/49Kb lim: 1026 exec/s: 165895 rss: 324Mb L: 458/973 MS: 1 CopyPart-
#498041	REDUCE cov: 461 ft: 1457 corp: 562/49Kb lim: 1026 exec/s: 166013 rss: 324Mb L: 81/973 MS: 1 EraseBytes-
#498331	REDUCE cov: 461 ft: 1457 corp: 562/49Kb lim: 1026 exec/s: 166110 rss: 324Mb L: 651/973 MS: 5 InsertRepeatedBytes-ChangeByte-EraseBytes-ChangeASCIIInt-CopyPart-
#498333	REDUCE cov: 461 ft: 1457 corp: 562/49Kb lim: 1026 exec/s: 166111 rss: 324Mb L: 183/973 MS: 2 ChangeASCIIInt-EraseBytes-
#498434	REDUCE cov: 461 ft: 1457 corp: 562/49Kb lim: 1026 exec/s: 166144 rss: 324Mb L: 51/973 MS: 1 EraseBytes-
#499180	REDUCE cov: 461 ft: 1457 corp: 562/49Kb lim: 1026 exec/s: 166393 rss: 325Mb L: 13/973 MS: 1 EraseBytes-
#499219	REDUCE cov: 461 ft: 1457 corp: 562/49Kb lim: 1026 exec/s: 166406 rss: 325Mb L: 29/973 MS: 4 CopyPart-ChangeBinInt-ShuffleBytes-EraseBytes-
#499401	REDUCE cov: 461 ft: 1457 corp: 562/49Kb lim: 1026 exec/s: 166467 rss: 325Mb L: 166/973 MS: 2 CrossOver-EraseBytes-
#499467	REDUCE cov: 461 ft: 1457 corp: 562/49Kb lim: 1026 exec/s: 166489 rss: 325Mb L: 73/973 MS: 1 EraseBytes-
#499533	REDUCE cov: 461 ft: 1457 corp: 562/49Kb lim: 1026 exec/s: 166511 rss: 325Mb L: 77/973 MS: 1 EraseBytes-
#499619	REDUCE cov: 461 ft: 1457 corp: 562/49Kb lim: 1026 exec/s: 166539 rss: 325Mb L: 38/973 MS: 1 EraseBytes-
#500196	REDUCE cov: 461 ft: 1457 corp: 562/48Kb lim: 1026 exec/s: 166732 rss: 326Mb L: 550/973 MS: 2 EraseBytes-CopyPart-
#500503	REDUCE cov: 461 ft: 1457 corp: 562/48Kb lim: 1026 exec/s: 166834 rss: 326Mb L: 645/973 MS: 2 InsertRepeatedBytes-EraseBytes-
#500740	REDUCE cov: 461 ft: 1457 corp: 562/48Kb lim: 1026 exec/s: 166913 rss: 326Mb L: 37/973 MS: 2 CMP-EraseBytes- DE: "\001\000"-
#501216	REDUCE cov: 461 ft: 1457 corp: 562/48Kb lim: 1026 exec/s: 167072 rss: 326Mb L: 51/973 MS: 1 EraseBytes-
#501262	REDUCE cov: 461 ft: 1457 corp: 562/48Kb lim: 1026 exec/s: 167087 rss: 326Mb L: 70/973 MS: 1 EraseBytes-
#501338	REDUCE cov: 461 ft: 1457 corp: 562/48Kb lim: 1026 exec/s: 167112 rss: 327Mb L: 235/973 MS: 1 EraseBytes-
#501439	REDUCE cov: 461 ft: 1457 corp: 562/48Kb lim: 1026 exec/s: 167146 rss: 327Mb L: 90/973 MS: 1 EraseBytes-
#501740	REDUCE cov: 461 ft: 1457 corp: 562/48Kb lim: 1026 exec/s: 167246 rss: 327Mb L: 35/973 MS: 1 EraseBytes-
#503156	REDUCE cov: 461 ft: 1457 corp: 562/48Kb lim: 1036 exec/s: 167718 rss: 328Mb L: 20/973 MS: 1 EraseBytes-
#503517	REDUCE cov: 461 ft: 1457 corp: 562/48Kb lim: 1036 exec/s: 167839 rss: 328Mb L: 229/973 MS: 1 EraseBytes-
#503608	REDUCE cov: 461 ft: 1457 corp: 562/48Kb lim: 1036 exec/s: 167869 rss: 328Mb L: 55/973 MS: 1 EraseBytes-
#503880	REDUCE cov: 461 ft: 1458 corp: 563/49Kb lim: 1036 exec/s: 167960 rss: 328Mb L: 986/986 MS: 2 InsertRepeatedBytes-CopyPart-
#504126	REDUCE cov: 461 ft: 1458 corp: 563/49Kb lim: 1036 exec/s: 168042 rss: 328Mb L: 18/986 MS: 1 EraseBytes-
#504704	REDUCE cov: 461 ft: 1458 corp: 563/49Kb lim: 1036 exec/s: 168234 rss: 329Mb L: 64/986 MS: 3 ShuffleBytes-CopyPart-EraseBytes-
#504756	REDUCE cov: 461 ft: 1458 corp: 563/49Kb lim: 1036 exec/s: 168252 rss: 329Mb L: 66/986 MS: 2 ChangeByte-EraseBytes-
#504963	REDUCE cov: 461 ft: 1458 corp: 563/49Kb lim: 1036 exec/s: 168321 rss: 329Mb L: 17/986 MS: 2 ChangeBit-EraseBytes-
#505629	REDUCE cov: 461 ft: 1458 corp: 563/49Kb lim: 1036 exec/s: 168543 rss: 330Mb L: 32/986 MS: 1 EraseBytes-
#507176	REDUCE cov: 461 ft: 1458 corp: 563/49Kb lim: 1046 exec/s: 169058 rss: 331Mb L: 704/986 MS: 2 ChangeASCIIInt-EraseBytes-
#507548	REDUCE cov: 461 ft: 1458 corp: 563/49Kb lim: 1046 exec/s: 169182 rss: 331Mb L: 115/986 MS: 2 ChangeBinInt-EraseBytes-
#508134	REDUCE cov: 461 ft: 1458 corp: 563/49Kb lim: 1046 exec/s: 169378 rss: 331Mb L: 30/986 MS: 1 EraseBytes-
#508189	REDUCE cov: 461 ft: 1458 corp: 563/49Kb lim: 1046 exec/s: 169396 rss: 331Mb L: 470/986 MS: 5 InsertRepeatedBytes-ShuffleBytes-ChangeBit-InsertByte-EraseBytes-
#508235	REDUCE cov: 461 ft: 1458 corp: 563/49Kb lim: 1046 exec/s: 169411 rss: 331Mb L: 47/986 MS: 1 EraseBytes-
#508306	REDUCE cov: 461 ft: 1458 corp: 563/49Kb lim: 1046 exec/s: 169435 rss: 331Mb L: 22/986 MS: 1 EraseBytes-
#508622	REDUCE cov: 461 ft: 1458 corp: 563/49Kb lim: 1046 exec/s: 169540 rss: 332Mb L: 282/986 MS: 1 CrossOver-
#508663	REDUCE cov: 461 ft: 1458 corp: 563/49Kb lim: 1046 exec/s: 169554 rss: 332Mb L: 50/986 MS: 1 EraseBytes-
#510104	REDUCE cov: 461 ft: 1458 corp: 563/49Kb lim: 1056 exec/s: 170034 rss: 332Mb L: 187/986 MS: 1 EraseBytes-
#510350	REDUCE cov: 461 ft: 1458 corp: 563/49Kb lim: 1056 exec/s: 170116 rss: 333Mb L: 53/986 MS: 1 EraseBytes-
#510761	REDUCE cov: 461 ft: 1458 corp: 563/49Kb lim: 1056 exec/s: 170253 rss: 333Mb L: 56/986 MS: 1 EraseBytes-
#511032	REDUCE cov: 461 ft: 1458 corp: 563/49Kb lim: 1056 exec/s: 170344 rss: 333Mb L: 57/986 MS: 1 EraseBytes-
#511358	REDUCE cov: 461 ft: 1458 corp: 563/49Kb lim: 1056 exec/s: 170452 rss: 333Mb L: 75/986 MS: 1 EraseBytes-
#511525	REDUCE cov: 461 ft: 1458 corp: 563/49Kb lim: 1056 exec/s: 170508 rss: 333Mb L: 12/986 MS: 2 ChangeBit-EraseBytes-
#511659	REDUCE cov: 461 ft: 1458 corp: 563/49Kb lim: 1056 exec/s: 170553 rss: 334Mb L: 8/986 MS: 4 ChangeByte-CopyPart-EraseBytes-CopyPart-
#512055	REDUCE cov: 461 ft: 1458 corp: 563/49Kb lim: 1056 exec/s: 170685 rss: 334Mb L: 240/986 MS: 1 EraseBytes-
#512427	REDUCE cov: 461 ft: 1459 corp: 564/49Kb lim: 1056 exec/s: 170809 rss: 334Mb L: 100/986 MS: 2 ChangeBit-CopyPart-
#512588	REDUCE cov: 461 ft: 1459 corp: 564/49Kb lim: 1056 exec/s: 170862 rss: 334Mb L: 62/986 MS: 1 EraseBytes-
#512669	REDUCE cov: 461 ft: 1459 corp: 564/49Kb lim: 1056 exec/s: 170889 rss: 334Mb L: 50/986 MS: 1 EraseBytes-
#513943	REDUCE cov: 461 ft: 1459 corp: 564/49Kb lim: 1066 exec/s: 171314 rss: 335Mb L: 115/986 MS: 4 ChangeBinInt-PersAutoDict-InsertRepeatedBytes-EraseBytes- DE: "\374\377\377\377\377\377\377\377"-
#514034	REDUCE cov: 461 ft: 1459 corp: 564/49Kb lim: 1066 exec/s: 171344 rss: 335Mb L: 108/986 MS: 1 EraseBytes-
#514060	REDUCE cov: 461 ft: 1459 corp: 564/49Kb lim: 1066 exec/s: 171353 rss: 335Mb L: 158/986 MS: 1 EraseBytes-
#514901	REDUCE cov: 461 ft: 1459 corp: 564/49Kb lim: 1066 exec/s: 171633 rss: 336Mb L: 37/986 MS: 1 EraseBytes-
#515107	REDUCE cov: 461 ft: 1459 corp: 564/49Kb lim: 1066 exec/s: 171702 rss: 336Mb L: 34/986 MS: 1 EraseBytes-
#515153	REDUCE cov: 461 ft: 1459 corp: 564/49Kb lim: 1066 exec/s: 171717 rss: 336Mb L: 34/986 MS: 1 EraseBytes-
#515755	REDUCE cov: 461 ft: 1459 corp: 564/49Kb lim: 1066 exec/s: 171918 rss: 336Mb L: 451/986 MS: 2 CrossOver-EraseBytes-
#516069	REDUCE cov: 461 ft: 1459 corp: 564/49Kb lim: 1066 exec/s: 172023 rss: 336Mb L: 4/986 MS: 4 ChangeBit-ShuffleBytes-CopyPart-EraseBytes-
#516725	REDUCE cov: 461 ft: 1459 corp: 564/49Kb lim: 1066 exec/s: 172241 rss: 337Mb L: 31/986 MS: 1 EraseBytes-
#517066	REDUCE cov: 461 ft: 1459 corp: 564/49Kb lim: 1066 exec/s: 172355 rss: 337Mb L: 63/986 MS: 1 EraseBytes-
#517622	REDUCE cov: 461 ft: 1459 corp: 564/49Kb lim: 1066 exec/s: 172540 rss: 337Mb L: 31/986 MS: 1 EraseBytes-
#518453	REDUCE cov: 461 ft: 1459 corp: 564/49Kb lim: 1066 exec/s: 172817 rss: 338Mb L: 442/986 MS: 1 EraseBytes-
#519295	REDUCE cov: 461 ft: 1459 corp: 564/49Kb lim: 1066 exec/s: 173098 rss: 339Mb L: 63/986 MS: 2 InsertByte-EraseBytes-
#520061	REDUCE cov: 461 ft: 1459 corp: 564/49Kb lim: 1066 exec/s: 173353 rss: 339Mb L: 36/986 MS: 1 EraseBytes-
#521457	REDUCE cov: 461 ft: 1461 corp: 565/50Kb lim: 1076 exec/s: 173819 rss: 340Mb L: 876/986 MS: 1 CopyPart-
#521498	REDUCE cov: 461 ft: 1461 corp: 565/50Kb lim: 1076 exec/s: 173832 rss: 340Mb L: 47/986 MS: 1 EraseBytes-
#523824	REDUCE cov: 461 ft: 1461 corp: 565/50Kb lim: 1096 exec/s: 174608 rss: 341Mb L: 130/986 MS: 1 EraseBytes-
#524200	REDUCE cov: 461 ft: 1461 corp: 565/50Kb lim: 1096 exec/s: 174733 rss: 342Mb L: 27/986 MS: 1 EraseBytes-
#524288	pulse  cov: 461 ft: 1461 corp: 565/50Kb lim: 1096 exec/s: 174762 rss: 342Mb
#524333	REDUCE cov: 461 ft: 1461 corp: 565/50Kb lim: 1096 exec/s: 174777 rss: 342Mb L: 581/986 MS: 3 ShuffleBytes-ChangeByte-EraseBytes-
#524764	REDUCE cov: 461 ft: 1461 corp: 565/50Kb lim: 1096 exec/s: 174921 rss: 342Mb L: 253/986 MS: 1 EraseBytes-
#525041	REDUCE cov: 461 ft: 1461 corp: 565/50Kb lim: 1096 exec/s: 175013 rss: 342Mb L: 41/986 MS: 2 CMP-EraseBytes- DE: "\001\000\000\000\000\000\000\000"-
#525492	REDUCE cov: 461 ft: 1461 corp: 565/50Kb lim: 1096 exec/s: 175164 rss: 343Mb L: 255/986 MS: 1 EraseBytes-
#525623	REDUCE cov: 461 ft: 1461 corp: 565/50Kb lim: 1096 exec/s: 175207 rss: 343Mb L: 140/986 MS: 1 EraseBytes-
#525625	REDUCE cov: 461 ft: 1461 corp: 565/50Kb lim: 1096 exec/s: 175208 rss: 343Mb L: 274/986 MS: 2 ChangeASCIIInt-EraseBytes-
#525927	REDUCE cov: 461 ft: 1461 corp: 565/50Kb lim: 1096 exec/s: 175309 rss: 343Mb L: 504/986 MS: 2 ChangeBit-EraseBytes-
#526254	REDUCE cov: 461 ft: 1461 corp: 565/50Kb lim: 1096 exec/s: 175418 rss: 343Mb L: 50/986 MS: 2 CrossOver-EraseBytes-
#526306	REDUCE cov: 461 ft: 1461 corp: 565/50Kb lim: 1096 exec/s: 175435 rss: 343Mb L: 17/986 MS: 2 ChangeByte-EraseBytes-
#528392	REDUCE cov: 461 ft: 1461 corp: 565/50Kb lim: 1116 exec/s: 176130 rss: 344Mb L: 34/986 MS: 1 EraseBytes-
#530608	REDUCE cov: 461 ft: 1461 corp: 565/50Kb lim: 1136 exec/s: 176869 rss: 345Mb L: 87/986 MS: 1 EraseBytes-
#530614	REDUCE cov: 461 ft: 1461 corp: 565/50Kb lim: 1136 exec/s: 176871 rss: 345Mb L: 540/986 MS: 1 EraseBytes-
#531289	REDUCE cov: 461 ft: 1461 corp: 565/49Kb lim: 1136 exec/s: 177096 rss: 346Mb L: 304/986 MS: 5 ChangeByte-ChangeASCIIInt-InsertByte-ShuffleBytes-EraseBytes-
#531331	REDUCE cov: 461 ft: 1461 corp: 565/49Kb lim: 1136 exec/s: 177110 rss: 346Mb L: 86/986 MS: 2 ChangeBit-EraseBytes-
#533247	REDUCE cov: 461 ft: 1461 corp: 565/49Kb lim: 1146 exec/s: 177749 rss: 347Mb L: 33/986 MS: 1 EraseBytes-
#533248	REDUCE cov: 461 ft: 1461 corp: 565/49Kb lim: 1146 exec/s: 177749 rss: 347Mb L: 815/986 MS: 1 EraseBytes-
#533524	REDUCE cov: 461 ft: 1461 corp: 565/49Kb lim: 1146 exec/s: 177841 rss: 347Mb L: 28/986 MS: 1 EraseBytes-
#533740	REDUCE cov: 461 ft: 1461 corp: 565/49Kb lim: 1146 exec/s: 177913 rss: 347Mb L: 32/986 MS: 1 EraseBytes-
#533963	REDUCE cov: 461 ft: 1461 corp: 565/49Kb lim: 1146 exec/s: 177987 rss: 347Mb L: 145/986 MS: 3 ChangeBit-ChangeASCIIInt-EraseBytes-
#534411	REDUCE cov: 461 ft: 1461 corp: 565/49Kb lim: 1146 exec/s: 178137 rss: 348Mb L: 432/986 MS: 3 EraseBytes-ChangeBit-CopyPart-
#534439	REDUCE cov: 461 ft: 1461 corp: 565/49Kb lim: 1146 exec/s: 178146 rss: 348Mb L: 29/986 MS: 3 ChangeByte-ChangeByte-EraseBytes-
#534811	REDUCE cov: 461 ft: 1461 corp: 565/49Kb lim: 1146 exec/s: 178270 rss: 348Mb L: 129/986 MS: 2 ChangeBit-EraseBytes-
#535213	REDUCE cov: 461 ft: 1461 corp: 565/49Kb lim: 1146 exec/s: 178404 rss: 348Mb L: 23/986 MS: 2 CopyPart-EraseBytes-
#535640	REDUCE cov: 461 ft: 1461 corp: 565/49Kb lim: 1146 exec/s: 178546 rss: 348Mb L: 105/986 MS: 2 InsertByte-EraseBytes-
#536026	REDUCE cov: 461 ft: 1461 corp: 565/49Kb lim: 1146 exec/s: 178675 rss: 349Mb L: 268/986 MS: 1 EraseBytes-
#537243	REDUCE cov: 461 ft: 1461 corp: 565/49Kb lim: 1156 exec/s: 179081 rss: 350Mb L: 31/986 MS: 2 PersAutoDict-EraseBytes- DE: "\004\000"-
#537415	REDUCE cov: 461 ft: 1462 corp: 566/50Kb lim: 1156 exec/s: 179138 rss: 350Mb L: 373/986 MS: 2 CrossOver-CopyPart-
#538071	REDUCE cov: 461 ft: 1462 corp: 566/50Kb lim: 1156 exec/s: 179357 rss: 350Mb L: 422/986 MS: 1 EraseBytes-
#538092	REDUCE cov: 461 ft: 1462 corp: 566/49Kb lim: 1156 exec/s: 179364 rss: 350Mb L: 134/986 MS: 1 EraseBytes-
#539608	REDUCE cov: 461 ft: 1462 corp: 566/49Kb lim: 1166 exec/s: 179869 rss: 351Mb L: 133/986 MS: 1 EraseBytes-
#541040	REDUCE cov: 461 ft: 1462 corp: 566/49Kb lim: 1176 exec/s: 180346 rss: 352Mb L: 265/986 MS: 2 CopyPart-EraseBytes-
#541631	REDUCE cov: 461 ft: 1462 corp: 566/49Kb lim: 1176 exec/s: 180543 rss: 352Mb L: 241/986 MS: 1 EraseBytes-
#541742	REDUCE cov: 461 ft: 1462 corp: 566/49Kb lim: 1176 exec/s: 180580 rss: 352Mb L: 136/986 MS: 1 EraseBytes-
#542133	REDUCE cov: 461 ft: 1462 corp: 566/49Kb lim: 1176 exec/s: 180711 rss: 353Mb L: 27/986 MS: 1 EraseBytes-
#542544	REDUCE cov: 461 ft: 1462 corp: 566/49Kb lim: 1176 exec/s: 180848 rss: 353Mb L: 56/986 MS: 1 EraseBytes-
#542581	REDUCE cov: 461 ft: 1462 corp: 566/49Kb lim: 1176 exec/s: 180860 rss: 353Mb L: 54/986 MS: 2 ShuffleBytes-EraseBytes-
#543545	REDUCE cov: 461 ft: 1462 corp: 566/49Kb lim: 1176 exec/s: 181181 rss: 354Mb L: 701/986 MS: 4 EraseBytes-ChangeByte-InsertByte-CopyPart-
#544006	REDUCE cov: 461 ft: 1462 corp: 566/49Kb lim: 1176 exec/s: 181335 rss: 354Mb L: 93/986 MS: 1 EraseBytes-
#544683	REDUCE cov: 461 ft: 1462 corp: 566/49Kb lim: 1176 exec/s: 181561 rss: 354Mb L: 366/986 MS: 2 ChangeASCIIInt-EraseBytes-
#545224	REDUCE cov: 461 ft: 1462 corp: 566/49Kb lim: 1176 exec/s: 181741 rss: 354Mb L: 42/986 MS: 1 EraseBytes-
#546250	REDUCE cov: 461 ft: 1462 corp: 566/49Kb lim: 1186 exec/s: 182083 rss: 355Mb L: 56/986 MS: 1 EraseBytes-
#546282	REDUCE cov: 461 ft: 1467 corp: 567/50Kb lim: 1186 exec/s: 182094 rss: 355Mb L: 369/986 MS: 2 CopyPart-ShuffleBytes-
#546338	REDUCE cov: 461 ft: 1467 corp: 567/50Kb lim: 1186 exec/s: 182112 rss: 355Mb L: 53/986 MS: 1 EraseBytes-
#547115	REDUCE cov: 461 ft: 1467 corp: 567/50Kb lim: 1186 exec/s: 182371 rss: 356Mb L: 108/986 MS: 2 ChangeByte-EraseBytes-
#547161	REDUCE cov: 461 ft: 1467 corp: 567/50Kb lim: 1186 exec/s: 182387 rss: 356Mb L: 34/986 MS: 1 EraseBytes-
#547303	NEW    cov: 461 ft: 1468 corp: 568/50Kb lim: 1186 exec/s: 182434 rss: 356Mb L: 340/986 MS: 2 ChangeBit-EraseBytes-
#547570	NEW    cov: 464 ft: 1473 corp: 569/50Kb lim: 1186 exec/s: 182523 rss: 356Mb L: 180/986 MS: 2 ChangeASCIIInt-InsertRepeatedBytes-
#547696	REDUCE cov: 464 ft: 1473 corp: 569/50Kb lim: 1186 exec/s: 182565 rss: 356Mb L: 313/986 MS: 1 EraseBytes-
#548482	NEW    cov: 464 ft: 1475 corp: 570/50Kb lim: 1186 exec/s: 182827 rss: 357Mb L: 103/986 MS: 1 EraseBytes-
#549074	REDUCE cov: 464 ft: 1475 corp: 570/50Kb lim: 1186 exec/s: 183024 rss: 357Mb L: 602/986 MS: 2 EraseBytes-CopyPart-
#549401	REDUCE cov: 464 ft: 1475 corp: 570/50Kb lim: 1186 exec/s: 183133 rss: 357Mb L: 102/986 MS: 2 ShuffleBytes-EraseBytes-
#550133	REDUCE cov: 464 ft: 1477 corp: 571/50Kb lim: 1186 exec/s: 183377 rss: 358Mb L: 102/986 MS: 2 ChangeByte-CopyPart-
#550226	REDUCE cov: 464 ft: 1477 corp: 571/50Kb lim: 1186 exec/s: 183408 rss: 358Mb L: 48/986 MS: 3 ChangeBit-InsertRepeatedBytes-EraseBytes-
#550457	REDUCE cov: 464 ft: 1477 corp: 571/50Kb lim: 1186 exec/s: 183485 rss: 358Mb L: 12/986 MS: 1 EraseBytes-
#550973	REDUCE cov: 464 ft: 1477 corp: 571/50Kb lim: 1186 exec/s: 183657 rss: 358Mb L: 828/986 MS: 1 EraseBytes-
#551299	REDUCE cov: 464 ft: 1477 corp: 571/50Kb lim: 1186 exec/s: 183766 rss: 359Mb L: 102/986 MS: 1 EraseBytes-
#551555	REDUCE cov: 464 ft: 1477 corp: 571/50Kb lim: 1186 exec/s: 183851 rss: 359Mb L: 971/971 MS: 1 EraseBytes-
#551611	REDUCE cov: 464 ft: 1477 corp: 571/50Kb lim: 1186 exec/s: 183870 rss: 359Mb L: 316/971 MS: 1 EraseBytes-
#551633	REDUCE cov: 464 ft: 1479 corp: 572/50Kb lim: 1186 exec/s: 183877 rss: 359Mb L: 62/971 MS: 2 InsertByte-EraseBytes-
#552024	REDUCE cov: 464 ft: 1483 corp: 573/50Kb lim: 1186 exec/s: 184008 rss: 359Mb L: 153/971 MS: 1 CopyPart-
#552255	REDUCE cov: 464 ft: 1483 corp: 573/50Kb lim: 1186 exec/s: 184085 rss: 359Mb L: 80/971 MS: 1 EraseBytes-
#552291	REDUCE cov: 464 ft: 1483 corp: 573/50Kb lim: 1186 exec/s: 184097 rss: 360Mb L: 434/971 MS: 1 EraseBytes-
#552318	REDUCE cov: 464 ft: 1483 corp: 573/50Kb lim: 1186 exec/s: 184106 rss: 360Mb L: 14/971 MS: 2 CopyPart-EraseBytes-
#552414	REDUCE cov: 464 ft: 1483 corp: 573/50Kb lim: 1186 exec/s: 184138 rss: 360Mb L: 227/971 MS: 1 EraseBytes-
#552846	REDUCE cov: 464 ft: 1483 corp: 573/50Kb lim: 1186 exec/s: 138211 rss: 360Mb L: 37/971 MS: 2 CMP-EraseBytes- DE: "\000\000\000\000\000\000\000y"-
#553242	REDUCE cov: 464 ft: 1483 corp: 573/50Kb lim: 1186 exec/s: 138310 rss: 361Mb L: 467/971 MS: 1 EraseBytes-
#553378	REDUCE cov: 464 ft: 1483 corp: 573/50Kb lim: 1186 exec/s: 138344 rss: 361Mb L: 122/971 MS: 1 EraseBytes-
#553390	REDUCE cov: 464 ft: 1483 corp: 573/50Kb lim: 1186 exec/s: 138347 rss: 361Mb L: 70/971 MS: 2 InsertByte-EraseBytes-
#553841	REDUCE cov: 464 ft: 1483 corp: 573/50Kb lim: 1186 exec/s: 138460 rss: 361Mb L: 805/971 MS: 1 EraseBytes-
#555023	REDUCE cov: 464 ft: 1483 corp: 573/50Kb lim: 1196 exec/s: 138755 rss: 362Mb L: 98/971 MS: 2 ChangeASCIIInt-EraseBytes-
#555494	REDUCE cov: 464 ft: 1483 corp: 573/50Kb lim: 1196 exec/s: 138873 rss: 362Mb L: 59/971 MS: 1 EraseBytes-
#556120	REDUCE cov: 464 ft: 1483 corp: 573/50Kb lim: 1196 exec/s: 139030 rss: 362Mb L: 209/971 MS: 1 EraseBytes-
#556391	REDUCE cov: 464 ft: 1484 corp: 574/50Kb lim: 1196 exec/s: 139097 rss: 362Mb L: 123/971 MS: 1 CrossOver-
#557107	REDUCE cov: 464 ft: 1484 corp: 574/50Kb lim: 1196 exec/s: 139276 rss: 363Mb L: 50/971 MS: 1 EraseBytes-
#557878	REDUCE cov: 464 ft: 1484 corp: 574/50Kb lim: 1196 exec/s: 139469 rss: 366Mb L: 93/971 MS: 1 EraseBytes-
#557985	REDUCE cov: 464 ft: 1484 corp: 574/50Kb lim: 1196 exec/s: 139496 rss: 366Mb L: 433/971 MS: 2 ChangeASCIIInt-EraseBytes-
#558111	REDUCE cov: 464 ft: 1484 corp: 574/50Kb lim: 1196 exec/s: 139527 rss: 366Mb L: 278/971 MS: 1 EraseBytes-
#558897	REDUCE cov: 464 ft: 1484 corp: 574/50Kb lim: 1196 exec/s: 139724 rss: 367Mb L: 40/971 MS: 1 EraseBytes-
#559293	REDUCE cov: 464 ft: 1484 corp: 574/50Kb lim: 1196 exec/s: 139823 rss: 367Mb L: 653/971 MS: 1 EraseBytes-
#559699	NEW    cov: 464 ft: 1485 corp: 575/50Kb lim: 1196 exec/s: 139924 rss: 367Mb L: 103/971 MS: 1 InsertByte-
#560421	REDUCE cov: 464 ft: 1485 corp: 575/50Kb lim: 1196 exec/s: 140105 rss: 368Mb L: 61/971 MS: 2 EraseBytes-ChangeByte-
#560752	REDUCE cov: 464 ft: 1485 corp: 575/50Kb lim: 1196 exec/s: 140188 rss: 368Mb L: 135/971 MS: 1 EraseBytes-
#560998	REDUCE cov: 464 ft: 1485 corp: 575/50Kb lim: 1196 exec/s: 140249 rss: 368Mb L: 68/971 MS: 1 EraseBytes-
#561149	REDUCE cov: 464 ft: 1485 corp: 575/50Kb lim: 1196 exec/s: 140287 rss: 368Mb L: 39/971 MS: 1 EraseBytes-
#561460	REDUCE cov: 464 ft: 1485 corp: 575/50Kb lim: 1196 exec/s: 140365 rss: 369Mb L: 58/971 MS: 1 EraseBytes-
#561501	REDUCE cov: 464 ft: 1485 corp: 575/50Kb lim: 1196 exec/s: 140375 rss: 369Mb L: 73/971 MS: 1 EraseBytes-
#561537	REDUCE cov: 464 ft: 1485 corp: 575/50Kb lim: 1196 exec/s: 140384 rss: 369Mb L: 71/971 MS: 1 EraseBytes-
#565370	REDUCE cov: 464 ft: 1485 corp: 575/50Kb lim: 1226 exec/s: 141342 rss: 371Mb L: 51/971 MS: 3 ShuffleBytes-ChangeBit-EraseBytes-
#567224	REDUCE cov: 464 ft: 1485 corp: 575/50Kb lim: 1236 exec/s: 141806 rss: 372Mb L: 90/971 MS: 4 ChangeBit-ChangeBinInt-ChangeASCIIInt-EraseBytes-
#567840	REDUCE cov: 464 ft: 1485 corp: 575/50Kb lim: 1236 exec/s: 141960 rss: 372Mb L: 50/971 MS: 1 EraseBytes-
#567891	REDUCE cov: 464 ft: 1485 corp: 575/50Kb lim: 1236 exec/s: 141972 rss: 372Mb L: 183/971 MS: 1 EraseBytes-
#568313	REDUCE cov: 464 ft: 1485 corp: 575/50Kb lim: 1236 exec/s: 142078 rss: 373Mb L: 60/971 MS: 2 ShuffleBytes-EraseBytes-
#568630	REDUCE cov: 464 ft: 1485 corp: 575/50Kb lim: 1236 exec/s: 142157 rss: 373Mb L: 88/971 MS: 2 ChangeBinInt-EraseBytes-
#568701	REDUCE cov: 464 ft: 1485 corp: 575/50Kb lim: 1236 exec/s: 142175 rss: 373Mb L: 11/971 MS: 1 EraseBytes-
#568752	REDUCE cov: 464 ft: 1485 corp: 575/50Kb lim: 1236 exec/s: 142188 rss: 373Mb L: 22/971 MS: 1 EraseBytes-
#569213	REDUCE cov: 464 ft: 1485 corp: 575/50Kb lim: 1236 exec/s: 142303 rss: 373Mb L: 37/971 MS: 1 EraseBytes-
#569489	REDUCE cov: 464 ft: 1485 corp: 575/50Kb lim: 1236 exec/s: 142372 rss: 373Mb L: 49/971 MS: 1 EraseBytes-
#570953	REDUCE cov: 464 ft: 1485 corp: 575/50Kb lim: 1246 exec/s: 142738 rss: 374Mb L: 26/971 MS: 4 EraseBytes-ShuffleBytes-CMP-CrossOver- DE: "\006\000\000\000\000\000\000\000"-
#571962	NEW    cov: 464 ft: 1486 corp: 576/51Kb lim: 1256 exec/s: 142990 rss: 375Mb L: 787/971 MS: 4 CopyPart-EraseBytes-ChangeBinInt-CopyPart-
#572159	REDUCE cov: 464 ft: 1486 corp: 576/51Kb lim: 1256 exec/s: 143039 rss: 375Mb L: 61/971 MS: 2 InsertByte-EraseBytes-
#572435	REDUCE cov: 464 ft: 1486 corp: 576/51Kb lim: 1256 exec/s: 143108 rss: 375Mb L: 52/971 MS: 1 EraseBytes-
#572996	REDUCE cov: 464 ft: 1486 corp: 576/51Kb lim: 1256 exec/s: 143249 rss: 375Mb L: 252/971 MS: 1 EraseBytes-
#573250	REDUCE cov: 464 ft: 1486 corp: 576/51Kb lim: 1256 exec/s: 143312 rss: 375Mb L: 25/971 MS: 4 ShuffleBytes-ChangeBinInt-ChangeBit-EraseBytes-
#573746	REDUCE cov: 464 ft: 1486 corp: 576/51Kb lim: 1256 exec/s: 143436 rss: 376Mb L: 31/971 MS: 1 EraseBytes-
#573787	REDUCE cov: 464 ft: 1486 corp: 576/51Kb lim: 1256 exec/s: 143446 rss: 376Mb L: 87/971 MS: 1 EraseBytes-
#574506	REDUCE cov: 464 ft: 1488 corp: 577/51Kb lim: 1256 exec/s: 143626 rss: 376Mb L: 792/971 MS: 4 CopyPart-ShuffleBytes-ChangeASCIIInt-CopyPart-
#574578	REDUCE cov: 464 ft: 1488 corp: 577/51Kb lim: 1256 exec/s: 143644 rss: 376Mb L: 70/971 MS: 2 ShuffleBytes-EraseBytes-
#577079	REDUCE cov: 464 ft: 1488 corp: 577/51Kb lim: 1276 exec/s: 144269 rss: 378Mb L: 117/971 MS: 1 EraseBytes-
#577550	REDUCE cov: 464 ft: 1488 corp: 577/51Kb lim: 1276 exec/s: 144387 rss: 378Mb L: 28/971 MS: 1 EraseBytes-
#578106	REDUCE cov: 464 ft: 1488 corp: 577/51Kb lim: 1276 exec/s: 144526 rss: 378Mb L: 101/971 MS: 1 EraseBytes-
#578222	REDUCE cov: 464 ft: 1488 corp: 577/51Kb lim: 1276 exec/s: 144555 rss: 379Mb L: 56/971 MS: 1 EraseBytes-
#579393	REDUCE cov: 464 ft: 1488 corp: 577/51Kb lim: 1286 exec/s: 144848 rss: 379Mb L: 23/971 MS: 1 EraseBytes-
#579741	REDUCE cov: 464 ft: 1493 corp: 578/53Kb lim: 1286 exec/s: 144935 rss: 380Mb L: 1285/1285 MS: 3 InsertByte-ChangeASCIIInt-CopyPart-
#581059	REDUCE cov: 464 ft: 1496 corp: 579/53Kb lim: 1296 exec/s: 145264 rss: 380Mb L: 123/1285 MS: 3 ChangeBit-ChangeBinInt-CopyPart-
#581385	NEW    cov: 464 ft: 1497 corp: 580/54Kb lim: 1296 exec/s: 145346 rss: 381Mb L: 1176/1285 MS: 1 CopyPart-
#581468	REDUCE cov: 464 ft: 1497 corp: 580/54Kb lim: 1296 exec/s: 145367 rss: 381Mb L: 653/1285 MS: 3 ShuffleBytes-ChangeASCIIInt-EraseBytes-
#582714	REDUCE cov: 464 ft: 1499 corp: 581/54Kb lim: 1306 exec/s: 145678 rss: 382Mb L: 762/1285 MS: 1 InsertRepeatedBytes-
#582720	NEW    cov: 464 ft: 1503 corp: 582/55Kb lim: 1306 exec/s: 145680 rss: 382Mb L: 969/1285 MS: 1 CopyPart-
#582886	REDUCE cov: 464 ft: 1503 corp: 582/55Kb lim: 1306 exec/s: 145721 rss: 382Mb L: 24/1285 MS: 1 EraseBytes-
#583552	REDUCE cov: 464 ft: 1503 corp: 582/55Kb lim: 1306 exec/s: 145888 rss: 382Mb L: 48/1285 MS: 1 EraseBytes-
#584213	REDUCE cov: 464 ft: 1503 corp: 582/55Kb lim: 1306 exec/s: 146053 rss: 383Mb L: 643/1285 MS: 1 EraseBytes-
#584559	REDUCE cov: 464 ft: 1503 corp: 582/55Kb lim: 1306 exec/s: 146139 rss: 383Mb L: 35/1285 MS: 1 EraseBytes-
#584887	REDUCE cov: 464 ft: 1503 corp: 582/55Kb lim: 1306 exec/s: 146221 rss: 384Mb L: 19/1285 MS: 3 InsertRepeatedBytes-CopyPart-EraseBytes-
#585949	REDUCE cov: 464 ft: 1503 corp: 582/55Kb lim: 1316 exec/s: 146487 rss: 384Mb L: 70/1285 MS: 2 ChangeBit-EraseBytes-
#586016	REDUCE cov: 464 ft: 1503 corp: 582/55Kb lim: 1316 exec/s: 146504 rss: 384Mb L: 14/1285 MS: 2 ChangeBinInt-EraseBytes-
#586212	REDUCE cov: 464 ft: 1503 corp: 582/55Kb lim: 1316 exec/s: 146553 rss: 384Mb L: 65/1285 MS: 1 EraseBytes-
#586753	REDUCE cov: 464 ft: 1503 corp: 582/55Kb lim: 1316 exec/s: 146688 rss: 385Mb L: 59/1285 MS: 1 EraseBytes-
#588203	REDUCE cov: 464 ft: 1503 corp: 582/55Kb lim: 1326 exec/s: 147050 rss: 386Mb L: 94/1285 MS: 5 ChangeASCIIInt-ChangeASCIIInt-CopyPart-ChangeBit-EraseBytes-
#588537	REDUCE cov: 464 ft: 1503 corp: 582/55Kb lim: 1326 exec/s: 147134 rss: 386Mb L: 14/1285 MS: 4 CopyPart-InsertByte-ChangeASCIIInt-EraseBytes-
#588938	REDUCE cov: 464 ft: 1503 corp: 582/55Kb lim: 1326 exec/s: 147234 rss: 386Mb L: 74/1285 MS: 1 EraseBytes-
#589004	REDUCE cov: 464 ft: 1503 corp: 582/55Kb lim: 1326 exec/s: 147251 rss: 386Mb L: 635/1285 MS: 1 EraseBytes-
#589050	REDUCE cov: 464 ft: 1503 corp: 582/55Kb lim: 1326 exec/s: 147262 rss: 386Mb L: 8/1285 MS: 1 EraseBytes-
#589407	REDUCE cov: 464 ft: 1503 corp: 582/55Kb lim: 1326 exec/s: 147351 rss: 386Mb L: 691/1285 MS: 2 InsertRepeatedBytes-EraseBytes-
#589418	REDUCE cov: 464 ft: 1503 corp: 582/55Kb lim: 1326 exec/s: 147354 rss: 386Mb L: 183/1285 MS: 1 EraseBytes-
#590079	REDUCE cov: 464 ft: 1505 corp: 583/55Kb lim: 1326 exec/s: 147519 rss: 387Mb L: 88/1285 MS: 1 ChangeASCIIInt-
#590085	REDUCE cov: 464 ft: 1505 corp: 583/55Kb lim: 1326 exec/s: 147521 rss: 387Mb L: 227/1285 MS: 1 EraseBytes-
#590102	NEW    cov: 464 ft: 1507 corp: 584/55Kb lim: 1326 exec/s: 147525 rss: 387Mb L: 88/1285 MS: 2 ShuffleBytes-ChangeASCIIInt-
#590288	REDUCE cov: 464 ft: 1507 corp: 584/55Kb lim: 1326 exec/s: 147572 rss: 387Mb L: 109/1285 MS: 1 EraseBytes-
#590574	REDUCE cov: 464 ft: 1507 corp: 584/55Kb lim: 1326 exec/s: 147643 rss: 387Mb L: 129/1285 MS: 1 EraseBytes-
#590720	REDUCE cov: 464 ft: 1507 corp: 584/55Kb lim: 1326 exec/s: 147680 rss: 387Mb L: 429/1285 MS: 1 EraseBytes-
#590966	REDUCE cov: 464 ft: 1507 corp: 584/55Kb lim: 1326 exec/s: 147741 rss: 388Mb L: 1012/1285 MS: 1 EraseBytes-
#591587	REDUCE cov: 464 ft: 1507 corp: 584/55Kb lim: 1326 exec/s: 147896 rss: 388Mb L: 65/1285 MS: 1 EraseBytes-
#591883	REDUCE cov: 464 ft: 1507 corp: 584/55Kb lim: 1326 exec/s: 147970 rss: 388Mb L: 68/1285 MS: 1 EraseBytes-
#592340	REDUCE cov: 464 ft: 1507 corp: 584/55Kb lim: 1326 exec/s: 148085 rss: 389Mb L: 49/1285 MS: 2 EraseBytes-CrossOver-
#592528	REDUCE cov: 464 ft: 1507 corp: 584/55Kb lim: 1326 exec/s: 148132 rss: 389Mb L: 914/1012 MS: 3 InsertByte-ChangeBinInt-EraseBytes-
#592729	REDUCE cov: 464 ft: 1507 corp: 584/55Kb lim: 1326 exec/s: 148182 rss: 389Mb L: 357/1012 MS: 1 EraseBytes-
#594030	REDUCE cov: 464 ft: 1507 corp: 584/55Kb lim: 1336 exec/s: 148507 rss: 390Mb L: 6/1012 MS: 1 EraseBytes-
#594466	REDUCE cov: 464 ft: 1507 corp: 584/55Kb lim: 1336 exec/s: 148616 rss: 390Mb L: 920/971 MS: 1 EraseBytes-
#596301	NEW    cov: 465 ft: 1508 corp: 585/55Kb lim: 1346 exec/s: 149075 rss: 391Mb L: 71/971 MS: 5 ChangeASCIIInt-ChangeASCIIInt-ChangeBit-ShuffleBytes-EraseBytes-
#597547	REDUCE cov: 465 ft: 1508 corp: 585/55Kb lim: 1356 exec/s: 149386 rss: 392Mb L: 69/971 MS: 1 EraseBytes-
#597759	REDUCE cov: 465 ft: 1509 corp: 586/55Kb lim: 1356 exec/s: 149439 rss: 392Mb L: 106/971 MS: 2 CrossOver-ShuffleBytes-
#597836	REDUCE cov: 465 ft: 1509 corp: 586/55Kb lim: 1356 exec/s: 149459 rss: 392Mb L: 20/971 MS: 2 ChangeByte-EraseBytes-
#597944	REDUCE cov: 465 ft: 1509 corp: 586/55Kb lim: 1356 exec/s: 149486 rss: 392Mb L: 12/971 MS: 3 ChangeByte-ChangeBit-EraseBytes-
#598922	NEW    cov: 465 ft: 1511 corp: 587/55Kb lim: 1356 exec/s: 149730 rss: 393Mb L: 126/971 MS: 3 CrossOver-PersAutoDict-ChangeBinInt- DE: "\377\377\377\377\377\377\377\006"-
#599128	REDUCE cov: 465 ft: 1512 corp: 588/56Kb lim: 1356 exec/s: 149782 rss: 393Mb L: 1248/1248 MS: 1 CopyPart-
#599578	REDUCE cov: 465 ft: 1512 corp: 588/56Kb lim: 1356 exec/s: 149894 rss: 393Mb L: 7/1248 MS: 5 ChangeBinInt-CopyPart-ShuffleBytes-EraseBytes-EraseBytes-
#599925	REDUCE cov: 465 ft: 1512 corp: 588/56Kb lim: 1356 exec/s: 149981 rss: 394Mb L: 58/1248 MS: 2 PersAutoDict-EraseBytes- DE: "\036\000\000\000\000\000\000\000"-
#600901	REDUCE cov: 465 ft: 1512 corp: 588/56Kb lim: 1356 exec/s: 150225 rss: 394Mb L: 535/1248 MS: 1 EraseBytes-
#601507	REDUCE cov: 465 ft: 1512 corp: 588/56Kb lim: 1356 exec/s: 150376 rss: 395Mb L: 44/1248 MS: 1 EraseBytes-
#601623	REDUCE cov: 465 ft: 1512 corp: 588/56Kb lim: 1356 exec/s: 150405 rss: 395Mb L: 50/1248 MS: 1 EraseBytes-
#601655	NEW    cov: 465 ft: 1513 corp: 589/56Kb lim: 1356 exec/s: 150413 rss: 395Mb L: 68/1248 MS: 2 ChangeByte-EraseBytes-
#601791	REDUCE cov: 465 ft: 1513 corp: 589/56Kb lim: 1356 exec/s: 150447 rss: 395Mb L: 55/1248 MS: 1 EraseBytes-
#602517	REDUCE cov: 465 ft: 1513 corp: 589/56Kb lim: 1356 exec/s: 150629 rss: 396Mb L: 64/1248 MS: 1 EraseBytes-
#602733	REDUCE cov: 465 ft: 1514 corp: 590/56Kb lim: 1356 exec/s: 150683 rss: 396Mb L: 134/1248 MS: 1 CopyPart-
#602777	REDUCE cov: 465 ft: 1514 corp: 590/56Kb lim: 1356 exec/s: 150694 rss: 396Mb L: 314/1248 MS: 4 ChangeByte-InsertByte-ChangeByte-EraseBytes-
#603148	NEW    cov: 465 ft: 1515 corp: 591/56Kb lim: 1356 exec/s: 150787 rss: 396Mb L: 145/1248 MS: 1 CrossOver-
#603205	REDUCE cov: 465 ft: 1516 corp: 592/58Kb lim: 1356 exec/s: 150801 rss: 397Mb L: 1339/1339 MS: 2 ChangeBit-CopyPart-
#603352	REDUCE cov: 465 ft: 1516 corp: 592/58Kb lim: 1356 exec/s: 150838 rss: 397Mb L: 368/1339 MS: 2 InsertByte-EraseBytes-
#604883	REDUCE cov: 465 ft: 1516 corp: 592/58Kb lim: 1366 exec/s: 151220 rss: 398Mb L: 33/1339 MS: 1 EraseBytes-
#605528	REDUCE cov: 465 ft: 1516 corp: 592/57Kb lim: 1366 exec/s: 151382 rss: 398Mb L: 247/1339 MS: 5 ChangeByte-ShuffleBytes-InsertRepeatedBytes-ChangeBit-EraseBytes-
#605619	REDUCE cov: 465 ft: 1516 corp: 592/57Kb lim: 1366 exec/s: 151404 rss: 398Mb L: 64/1339 MS: 1 EraseBytes-
#606041	REDUCE cov: 465 ft: 1516 corp: 592/57Kb lim: 1366 exec/s: 151510 rss: 398Mb L: 217/1339 MS: 2 InsertByte-EraseBytes-
#606298	REDUCE cov: 465 ft: 1516 corp: 592/57Kb lim: 1366 exec/s: 151574 rss: 399Mb L: 77/1339 MS: 2 ChangeBit-EraseBytes-
#606685	REDUCE cov: 465 ft: 1516 corp: 592/57Kb lim: 1366 exec/s: 151671 rss: 399Mb L: 18/1339 MS: 2 PersAutoDict-EraseBytes- DE: "\377\377\377\377"-
#607191	REDUCE cov: 465 ft: 1516 corp: 592/57Kb lim: 1366 exec/s: 151797 rss: 399Mb L: 813/1339 MS: 1 EraseBytes-
#607242	REDUCE cov: 465 ft: 1516 corp: 592/57Kb lim: 1366 exec/s: 151810 rss: 399Mb L: 79/1339 MS: 1 EraseBytes-
#607243	REDUCE cov: 465 ft: 1516 corp: 592/57Kb lim: 1366 exec/s: 151810 rss: 399Mb L: 73/1339 MS: 1 EraseBytes-
#607696	NEW    cov: 465 ft: 1517 corp: 593/59Kb lim: 1366 exec/s: 151924 rss: 400Mb L: 1345/1345 MS: 3 CrossOver-ChangeBit-CopyPart-
#608493	REDUCE cov: 465 ft: 1517 corp: 593/59Kb lim: 1366 exec/s: 152123 rss: 400Mb L: 27/1345 MS: 2 CMP-EraseBytes- DE: "\030\000\000\000\000\000\000\000"-
#608850	REDUCE cov: 465 ft: 1517 corp: 593/59Kb lim: 1366 exec/s: 152212 rss: 401Mb L: 35/1345 MS: 2 ChangeByte-EraseBytes-
#609001	REDUCE cov: 465 ft: 1517 corp: 593/59Kb lim: 1366 exec/s: 152250 rss: 401Mb L: 37/1345 MS: 1 EraseBytes-
#609966	REDUCE cov: 465 ft: 1517 corp: 593/59Kb lim: 1366 exec/s: 152491 rss: 401Mb L: 80/1345 MS: 5 CMP-ShuffleBytes-ShuffleBytes-ChangeASCIIInt-EraseBytes- DE: "\001\000\000\000\000\000\000*"-
#610163	REDUCE cov: 465 ft: 1517 corp: 593/59Kb lim: 1366 exec/s: 152540 rss: 401Mb L: 69/1345 MS: 2 CopyPart-EraseBytes-
#610251	REDUCE cov: 465 ft: 1517 corp: 593/59Kb lim: 1366 exec/s: 152562 rss: 402Mb L: 618/1345 MS: 3 CopyPart-ChangeASCIIInt-EraseBytes-
#610257	REDUCE cov: 465 ft: 1517 corp: 593/59Kb lim: 1366 exec/s: 152564 rss: 402Mb L: 784/1345 MS: 1 EraseBytes-
#610281	REDUCE cov: 465 ft: 1517 corp: 593/59Kb lim: 1366 exec/s: 152570 rss: 402Mb L: 66/1345 MS: 4 ChangeBinInt-ChangeASCIIInt-ChangeByte-EraseBytes-
#610392	REDUCE cov: 465 ft: 1517 corp: 593/59Kb lim: 1366 exec/s: 152598 rss: 402Mb L: 33/1345 MS: 1 EraseBytes-
#610898	REDUCE cov: 465 ft: 1517 corp: 593/59Kb lim: 1366 exec/s: 152724 rss: 402Mb L: 61/1345 MS: 1 EraseBytes-
#611079	REDUCE cov: 465 ft: 1518 corp: 594/59Kb lim: 1366 exec/s: 152769 rss: 403Mb L: 997/1345 MS: 1 CopyPart-
#611376	REDUCE cov: 465 ft: 1518 corp: 594/59Kb lim: 1366 exec/s: 152844 rss: 403Mb L: 47/1345 MS: 2 ChangeByte-EraseBytes-
#612297	REDUCE cov: 465 ft: 1518 corp: 594/59Kb lim: 1366 exec/s: 153074 rss: 403Mb L: 56/1345 MS: 1 EraseBytes-
#612363	REDUCE cov: 465 ft: 1518 corp: 594/59Kb lim: 1366 exec/s: 153090 rss: 403Mb L: 1326/1339 MS: 1 EraseBytes-
#613059	REDUCE cov: 465 ft: 1518 corp: 594/59Kb lim: 1366 exec/s: 153264 rss: 404Mb L: 78/1339 MS: 1 EraseBytes-
#613325	REDUCE cov: 465 ft: 1518 corp: 594/59Kb lim: 1366 exec/s: 153331 rss: 404Mb L: 32/1339 MS: 1 EraseBytes-
#613356	REDUCE cov: 465 ft: 1518 corp: 594/59Kb lim: 1366 exec/s: 153339 rss: 404Mb L: 38/1339 MS: 1 EraseBytes-
#613927	REDUCE cov: 465 ft: 1526 corp: 595/60Kb lim: 1366 exec/s: 153481 rss: 404Mb L: 812/1339 MS: 1 EraseBytes-
#613998	REDUCE cov: 465 ft: 1526 corp: 595/60Kb lim: 1366 exec/s: 153499 rss: 405Mb L: 92/1339 MS: 1 EraseBytes-
#614044	REDUCE cov: 465 ft: 1526 corp: 595/60Kb lim: 1366 exec/s: 153511 rss: 405Mb L: 12/1339 MS: 1 EraseBytes-
#614840	REDUCE cov: 465 ft: 1542 corp: 596/61Kb lim: 1366 exec/s: 153710 rss: 405Mb L: 1115/1339 MS: 1 CopyPart-
#614871	REDUCE cov: 465 ft: 1542 corp: 596/61Kb lim: 1366 exec/s: 153717 rss: 405Mb L: 17/1339 MS: 1 EraseBytes-
#616478	REDUCE cov: 465 ft: 1542 corp: 596/61Kb lim: 1376 exec/s: 154119 rss: 406Mb L: 15/1339 MS: 2 ShuffleBytes-EraseBytes-
#616619	REDUCE cov: 465 ft: 1542 corp: 596/61Kb lim: 1376 exec/s: 154154 rss: 407Mb L: 48/1339 MS: 1 EraseBytes-
#617130	REDUCE cov: 465 ft: 1542 corp: 596/61Kb lim: 1376 exec/s: 154282 rss: 407Mb L: 156/1339 MS: 1 EraseBytes-
#617626	REDUCE cov: 465 ft: 1542 corp: 596/61Kb lim: 1376 exec/s: 154406 rss: 407Mb L: 40/1339 MS: 1 EraseBytes-
#617977	REDUCE cov: 465 ft: 1542 corp: 596/61Kb lim: 1376 exec/s: 154494 rss: 408Mb L: 568/1339 MS: 1 EraseBytes-
#618418	REDUCE cov: 465 ft: 1542 corp: 596/61Kb lim: 1376 exec/s: 154604 rss: 408Mb L: 23/1339 MS: 1 EraseBytes-
#618531	REDUCE cov: 465 ft: 1542 corp: 596/61Kb lim: 1376 exec/s: 154632 rss: 408Mb L: 1045/1326 MS: 3 InsertRepeatedBytes-ChangeASCIIInt-EraseBytes-
#619462	REDUCE cov: 465 ft: 1542 corp: 596/61Kb lim: 1376 exec/s: 154865 rss: 409Mb L: 13/1326 MS: 1 EraseBytes-
#619853	REDUCE cov: 465 ft: 1542 corp: 596/61Kb lim: 1376 exec/s: 154963 rss: 409Mb L: 98/1326 MS: 1 EraseBytes-
#620019	REDUCE cov: 465 ft: 1542 corp: 596/61Kb lim: 1376 exec/s: 155004 rss: 409Mb L: 29/1326 MS: 1 EraseBytes-
#620110	NEW    cov: 465 ft: 1545 corp: 597/62Kb lim: 1376 exec/s: 155027 rss: 409Mb L: 1274/1326 MS: 1 CopyPart-
#620136	REDUCE cov: 465 ft: 1545 corp: 597/62Kb lim: 1376 exec/s: 155034 rss: 409Mb L: 96/1326 MS: 1 EraseBytes-
#620267	REDUCE cov: 465 ft: 1545 corp: 597/62Kb lim: 1376 exec/s: 155066 rss: 409Mb L: 71/1326 MS: 1 EraseBytes-
#620280	REDUCE cov: 465 ft: 1545 corp: 597/62Kb lim: 1376 exec/s: 155070 rss: 409Mb L: 16/1326 MS: 3 ChangeASCIIInt-InsertByte-EraseBytes-
#620746	REDUCE cov: 465 ft: 1545 corp: 597/62Kb lim: 1376 exec/s: 155186 rss: 410Mb L: 589/1326 MS: 1 EraseBytes-
#621697	REDUCE cov: 465 ft: 1545 corp: 597/62Kb lim: 1376 exec/s: 155424 rss: 411Mb L: 13/1326 MS: 1 EraseBytes-
#621723	REDUCE cov: 465 ft: 1545 corp: 597/62Kb lim: 1376 exec/s: 155430 rss: 411Mb L: 107/1326 MS: 1 EraseBytes-
#621864	REDUCE cov: 465 ft: 1545 corp: 597/62Kb lim: 1376 exec/s: 155466 rss: 411Mb L: 24/1326 MS: 1 EraseBytes-
#622943	REDUCE cov: 465 ft: 1545 corp: 597/62Kb lim: 1386 exec/s: 155735 rss: 411Mb L: 13/1326 MS: 4 PersAutoDict-CMP-InsertByte-EraseBytes- DE: "\002\000\000\000"-"\001\000\000\000"-
#623220	REDUCE cov: 465 ft: 1545 corp: 597/62Kb lim: 1386 exec/s: 155805 rss: 412Mb L: 97/1326 MS: 2 ChangeBit-EraseBytes-
#623646	REDUCE cov: 465 ft: 1545 corp: 597/62Kb lim: 1386 exec/s: 155911 rss: 412Mb L: 43/1326 MS: 1 EraseBytes-
#624329	REDUCE cov: 465 ft: 1545 corp: 597/62Kb lim: 1386 exec/s: 156082 rss: 412Mb L: 383/1326 MS: 3 CopyPart-PersAutoDict-CrossOver- DE: "\000\000\000\000\000\000\000\000"-
#624355	REDUCE cov: 465 ft: 1545 corp: 597/62Kb lim: 1386 exec/s: 156088 rss: 413Mb L: 53/1326 MS: 1 EraseBytes-
#624546	REDUCE cov: 465 ft: 1545 corp: 597/62Kb lim: 1386 exec/s: 156136 rss: 413Mb L: 51/1326 MS: 1 EraseBytes-
#624717	REDUCE cov: 465 ft: 1545 corp: 597/62Kb lim: 1386 exec/s: 156179 rss: 413Mb L: 11/1326 MS: 1 EraseBytes-
#625048	REDUCE cov: 465 ft: 1545 corp: 597/62Kb lim: 1386 exec/s: 156262 rss: 413Mb L: 12/1326 MS: 1 EraseBytes-
#625124	REDUCE cov: 465 ft: 1545 corp: 597/62Kb lim: 1386 exec/s: 156281 rss: 413Mb L: 212/1326 MS: 1 EraseBytes-
#625180	REDUCE cov: 465 ft: 1545 corp: 597/62Kb lim: 1386 exec/s: 156295 rss: 414Mb L: 38/1326 MS: 1 EraseBytes-
#625426	REDUCE cov: 465 ft: 1545 corp: 597/62Kb lim: 1386 exec/s: 156356 rss: 414Mb L: 783/1326 MS: 1 EraseBytes-
#625483	REDUCE cov: 465 ft: 1545 corp: 597/62Kb lim: 1386 exec/s: 156370 rss: 414Mb L: 52/1326 MS: 2 ChangeByte-EraseBytes-
#625600	REDUCE cov: 465 ft: 1545 corp: 597/62Kb lim: 1386 exec/s: 156400 rss: 414Mb L: 96/1326 MS: 2 ChangeBit-EraseBytes-
#625941	REDUCE cov: 465 ft: 1545 corp: 597/62Kb lim: 1386 exec/s: 156485 rss: 414Mb L: 67/1326 MS: 1 EraseBytes-
#626655	REDUCE cov: 465 ft: 1545 corp: 597/62Kb lim: 1386 exec/s: 156663 rss: 414Mb L: 212/1326 MS: 4 ShuffleBytes-ChangeASCIIInt-CrossOver-EraseBytes-
#626906	REDUCE cov: 465 ft: 1545 corp: 597/62Kb lim: 1386 exec/s: 156726 rss: 414Mb L: 86/1326 MS: 1 EraseBytes-
#626942	REDUCE cov: 465 ft: 1545 corp: 597/61Kb lim: 1386 exec/s: 156735 rss: 414Mb L: 251/1326 MS: 1 EraseBytes-
#626989	REDUCE cov: 465 ft: 1548 corp: 598/63Kb lim: 1386 exec/s: 156747 rss: 414Mb L: 1344/1344 MS: 2 EraseBytes-CopyPart-
#627190	REDUCE cov: 465 ft: 1548 corp: 598/63Kb lim: 1386 exec/s: 156797 rss: 414Mb L: 61/1344 MS: 1 EraseBytes-
#627906	REDUCE cov: 465 ft: 1548 corp: 598/63Kb lim: 1386 exec/s: 156976 rss: 415Mb L: 62/1344 MS: 1 EraseBytes-
#627944	REDUCE cov: 465 ft: 1548 corp: 598/63Kb lim: 1386 exec/s: 156986 rss: 415Mb L: 1153/1344 MS: 3 InsertRepeatedBytes-ChangeASCIIInt-EraseBytes-
#628150	REDUCE cov: 465 ft: 1548 corp: 598/63Kb lim: 1386 exec/s: 157037 rss: 415Mb L: 49/1344 MS: 1 EraseBytes-
#628421	REDUCE cov: 465 ft: 1548 corp: 598/63Kb lim: 1386 exec/s: 157105 rss: 415Mb L: 8/1344 MS: 1 EraseBytes-
#628807	REDUCE cov: 465 ft: 1548 corp: 598/63Kb lim: 1386 exec/s: 157201 rss: 415Mb L: 19/1344 MS: 1 EraseBytes-
#628973	REDUCE cov: 465 ft: 1548 corp: 598/63Kb lim: 1386 exec/s: 157243 rss: 415Mb L: 18/1344 MS: 1 EraseBytes-
#629584	REDUCE cov: 465 ft: 1548 corp: 598/63Kb lim: 1386 exec/s: 157396 rss: 415Mb L: 482/1344 MS: 1 EraseBytes-
#629710	REDUCE cov: 465 ft: 1549 corp: 599/63Kb lim: 1386 exec/s: 157427 rss: 415Mb L: 94/1344 MS: 1 EraseBytes-
#630036	REDUCE cov: 465 ft: 1549 corp: 599/63Kb lim: 1386 exec/s: 157509 rss: 415Mb L: 51/1344 MS: 1 EraseBytes-
#630532	REDUCE cov: 465 ft: 1549 corp: 599/63Kb lim: 1386 exec/s: 157633 rss: 415Mb L: 570/1344 MS: 1 EraseBytes-
#633348	REDUCE cov: 465 ft: 1549 corp: 599/63Kb lim: 1406 exec/s: 158337 rss: 416Mb L: 33/1344 MS: 1 EraseBytes-
#633734	REDUCE cov: 465 ft: 1549 corp: 599/63Kb lim: 1406 exec/s: 158433 rss: 416Mb L: 72/1344 MS: 1 EraseBytes-
#633736	REDUCE cov: 465 ft: 1549 corp: 599/63Kb lim: 1406 exec/s: 158434 rss: 416Mb L: 124/1344 MS: 2 CopyPart-EraseBytes-
#634073	REDUCE cov: 465 ft: 1549 corp: 599/63Kb lim: 1406 exec/s: 158518 rss: 416Mb L: 117/1344 MS: 2 ChangeASCIIInt-EraseBytes-
#634124	REDUCE cov: 465 ft: 1549 corp: 599/63Kb lim: 1406 exec/s: 158531 rss: 416Mb L: 249/1344 MS: 1 EraseBytes-
#634185	REDUCE cov: 465 ft: 1549 corp: 599/63Kb lim: 1406 exec/s: 158546 rss: 416Mb L: 47/1344 MS: 1 EraseBytes-
#635246	NEW    cov: 465 ft: 1550 corp: 600/63Kb lim: 1416 exec/s: 158811 rss: 416Mb L: 53/1344 MS: 1 EraseBytes-
#636477	REDUCE cov: 465 ft: 1550 corp: 600/63Kb lim: 1426 exec/s: 159119 rss: 416Mb L: 40/1344 MS: 1 EraseBytes-
#636988	REDUCE cov: 465 ft: 1550 corp: 600/63Kb lim: 1426 exec/s: 159247 rss: 417Mb L: 11/1344 MS: 1 EraseBytes-
#637059	REDUCE cov: 465 ft: 1550 corp: 600/63Kb lim: 1426 exec/s: 159264 rss: 417Mb L: 78/1344 MS: 1 EraseBytes-
#637125	REDUCE cov: 465 ft: 1550 corp: 600/63Kb lim: 1426 exec/s: 159281 rss: 417Mb L: 213/1344 MS: 1 EraseBytes-
#637846	REDUCE cov: 465 ft: 1550 corp: 600/63Kb lim: 1426 exec/s: 159461 rss: 417Mb L: 247/1344 MS: 1 EraseBytes-
#637933	REDUCE cov: 465 ft: 1550 corp: 600/63Kb lim: 1426 exec/s: 159483 rss: 417Mb L: 67/1344 MS: 2 InsertByte-EraseBytes-
#638464	REDUCE cov: 465 ft: 1550 corp: 600/63Kb lim: 1426 exec/s: 159616 rss: 417Mb L: 16/1344 MS: 1 EraseBytes-
#640297	REDUCE cov: 465 ft: 1550 corp: 600/63Kb lim: 1436 exec/s: 160074 rss: 417Mb L: 134/1344 MS: 3 CopyPart-CopyPart-EraseBytes-
#640380	REDUCE cov: 465 ft: 1550 corp: 600/63Kb lim: 1436 exec/s: 160095 rss: 417Mb L: 64/1344 MS: 3 ChangeByte-ShuffleBytes-EraseBytes-
#640621	REDUCE cov: 465 ft: 1550 corp: 600/63Kb lim: 1436 exec/s: 160155 rss: 417Mb L: 44/1344 MS: 1 EraseBytes-
#641427	REDUCE cov: 465 ft: 1550 corp: 600/63Kb lim: 1436 exec/s: 160356 rss: 418Mb L: 40/1344 MS: 1 EraseBytes-
#641798	REDUCE cov: 465 ft: 1550 corp: 600/63Kb lim: 1436 exec/s: 160449 rss: 418Mb L: 40/1344 MS: 1 EraseBytes-
#642272	REDUCE cov: 465 ft: 1550 corp: 600/63Kb lim: 1436 exec/s: 160568 rss: 418Mb L: 77/1344 MS: 4 PersAutoDict-ChangeByte-InsertByte-EraseBytes- DE: "\023\000\000\000\000\000\000\000"-
#642461	REDUCE cov: 465 ft: 1550 corp: 600/63Kb lim: 1436 exec/s: 160615 rss: 418Mb L: 5/1344 MS: 4 InsertByte-ShuffleBytes-EraseBytes-EraseBytes-
#642756	NEW    cov: 465 ft: 1551 corp: 601/64Kb lim: 1436 exec/s: 160689 rss: 418Mb L: 1319/1344 MS: 5 InsertRepeatedBytes-CrossOver-ChangeASCIIInt-EraseBytes-CrossOver-
#643177	REDUCE cov: 465 ft: 1551 corp: 601/64Kb lim: 1436 exec/s: 160794 rss: 418Mb L: 55/1344 MS: 1 EraseBytes-
#643644	REDUCE cov: 465 ft: 1551 corp: 601/64Kb lim: 1436 exec/s: 160911 rss: 418Mb L: 104/1344 MS: 2 EraseBytes-InsertByte-
#643870	REDUCE cov: 465 ft: 1551 corp: 601/64Kb lim: 1436 exec/s: 160967 rss: 418Mb L: 62/1344 MS: 1 EraseBytes-
#644242	REDUCE cov: 465 ft: 1551 corp: 601/64Kb lim: 1436 exec/s: 161060 rss: 418Mb L: 777/1344 MS: 2 CopyPart-EraseBytes-
#644258	REDUCE cov: 465 ft: 1551 corp: 601/64Kb lim: 1436 exec/s: 161064 rss: 418Mb L: 32/1344 MS: 1 EraseBytes-
#644559	REDUCE cov: 465 ft: 1551 corp: 601/64Kb lim: 1436 exec/s: 161139 rss: 418Mb L: 171/1344 MS: 1 EraseBytes-
#644693	REDUCE cov: 465 ft: 1551 corp: 601/64Kb lim: 1436 exec/s: 161173 rss: 418Mb L: 191/1344 MS: 4 InsertByte-ShuffleBytes-ChangeBit-EraseBytes-
#644900	REDUCE cov: 465 ft: 1551 corp: 601/64Kb lim: 1436 exec/s: 161225 rss: 419Mb L: 122/1344 MS: 2 ChangeByte-EraseBytes-
#645456	REDUCE cov: 465 ft: 1551 corp: 601/64Kb lim: 1436 exec/s: 161364 rss: 419Mb L: 190/1344 MS: 1 EraseBytes-
#645547	REDUCE cov: 465 ft: 1551 corp: 601/64Kb lim: 1436 exec/s: 161386 rss: 419Mb L: 14/1344 MS: 1 EraseBytes-
#645884	NEW    cov: 465 ft: 1552 corp: 602/65Kb lim: 1436 exec/s: 161471 rss: 419Mb L: 866/1344 MS: 2 ChangeByte-CopyPart-
#645981	REDUCE cov: 465 ft: 1552 corp: 602/65Kb lim: 1436 exec/s: 161495 rss: 419Mb L: 32/1344 MS: 2 ChangeASCIIInt-EraseBytes-
#646182	REDUCE cov: 465 ft: 1552 corp: 602/65Kb lim: 1436 exec/s: 161545 rss: 419Mb L: 77/1344 MS: 1 EraseBytes-
#646265	REDUCE cov: 465 ft: 1552 corp: 602/65Kb lim: 1436 exec/s: 161566 rss: 419Mb L: 46/1344 MS: 3 ChangeASCIIInt-ChangeBit-EraseBytes-
#646551	REDUCE cov: 465 ft: 1552 corp: 602/65Kb lim: 1436 exec/s: 161637 rss: 419Mb L: 33/1344 MS: 1 EraseBytes-
#646942	REDUCE cov: 465 ft: 1552 corp: 602/65Kb lim: 1436 exec/s: 161735 rss: 419Mb L: 90/1344 MS: 1 EraseBytes-
#647678	REDUCE cov: 465 ft: 1552 corp: 602/65Kb lim: 1436 exec/s: 161919 rss: 420Mb L: 215/1344 MS: 1 EraseBytes-
#647859	REDUCE cov: 465 ft: 1552 corp: 602/65Kb lim: 1436 exec/s: 161964 rss: 420Mb L: 205/1344 MS: 1 EraseBytes-
#648265	REDUCE cov: 465 ft: 1552 corp: 602/65Kb lim: 1436 exec/s: 162066 rss: 420Mb L: 49/1344 MS: 1 EraseBytes-
#648472	REDUCE cov: 465 ft: 1552 corp: 602/65Kb lim: 1436 exec/s: 162118 rss: 420Mb L: 116/1344 MS: 2 ChangeASCIIInt-EraseBytes-
#648658	REDUCE cov: 465 ft: 1552 corp: 602/65Kb lim: 1436 exec/s: 162164 rss: 420Mb L: 83/1344 MS: 1 EraseBytes-
#648664	REDUCE cov: 465 ft: 1552 corp: 602/65Kb lim: 1436 exec/s: 162166 rss: 420Mb L: 91/1344 MS: 1 EraseBytes-
#649060	REDUCE cov: 465 ft: 1552 corp: 602/65Kb lim: 1436 exec/s: 162265 rss: 420Mb L: 29/1344 MS: 1 EraseBytes-
#650127	REDUCE cov: 465 ft: 1552 corp: 602/65Kb lim: 1446 exec/s: 162531 rss: 420Mb L: 144/1344 MS: 2 ChangeBit-EraseBytes-
#650294	REDUCE cov: 465 ft: 1552 corp: 602/65Kb lim: 1446 exec/s: 162573 rss: 420Mb L: 35/1344 MS: 2 CrossOver-EraseBytes-
#650730	REDUCE cov: 465 ft: 1552 corp: 602/65Kb lim: 1446 exec/s: 162682 rss: 420Mb L: 53/1344 MS: 1 EraseBytes-
#651401	REDUCE cov: 465 ft: 1552 corp: 602/65Kb lim: 1446 exec/s: 162850 rss: 421Mb L: 45/1344 MS: 1 EraseBytes-
#651692	REDUCE cov: 465 ft: 1552 corp: 602/65Kb lim: 1446 exec/s: 162923 rss: 421Mb L: 14/1344 MS: 1 EraseBytes-
#653593	REDUCE cov: 465 ft: 1552 corp: 602/65Kb lim: 1456 exec/s: 163398 rss: 421Mb L: 66/1344 MS: 1 EraseBytes-
#653644	REDUCE cov: 465 ft: 1552 corp: 602/65Kb lim: 1456 exec/s: 163411 rss: 421Mb L: 170/1344 MS: 1 EraseBytes-
#654435	REDUCE cov: 465 ft: 1552 corp: 602/64Kb lim: 1456 exec/s: 163608 rss: 422Mb L: 386/1344 MS: 1 EraseBytes-
#655196	REDUCE cov: 465 ft: 1552 corp: 602/64Kb lim: 1456 exec/s: 163799 rss: 422Mb L: 31/1344 MS: 1 EraseBytes-
#655258	REDUCE cov: 465 ft: 1552 corp: 602/64Kb lim: 1456 exec/s: 163814 rss: 422Mb L: 35/1344 MS: 2 ChangeASCIIInt-EraseBytes-
#655414	NEW    cov: 465 ft: 1559 corp: 603/66Kb lim: 1456 exec/s: 163853 rss: 422Mb L: 1319/1344 MS: 1 CopyPart-
#655430	REDUCE cov: 465 ft: 1560 corp: 604/66Kb lim: 1456 exec/s: 163857 rss: 422Mb L: 35/1344 MS: 1 ShuffleBytes-
#656493	REDUCE cov: 465 ft: 1560 corp: 604/66Kb lim: 1466 exec/s: 164123 rss: 422Mb L: 753/1344 MS: 3 ShuffleBytes-CrossOver-EraseBytes-
#656787	REDUCE cov: 465 ft: 1560 corp: 604/65Kb lim: 1466 exec/s: 164196 rss: 422Mb L: 830/1344 MS: 4 ChangeByte-CrossOver-EraseBytes-ChangeBinInt-
#657073	REDUCE cov: 465 ft: 1560 corp: 604/65Kb lim: 1466 exec/s: 164268 rss: 422Mb L: 45/1344 MS: 1 EraseBytes-
#657124	REDUCE cov: 465 ft: 1560 corp: 604/65Kb lim: 1466 exec/s: 164281 rss: 423Mb L: 70/1344 MS: 1 EraseBytes-
#658315	REDUCE cov: 465 ft: 1560 corp: 604/65Kb lim: 1476 exec/s: 164578 rss: 423Mb L: 159/1344 MS: 1 EraseBytes-
#660083	REDUCE cov: 465 ft: 1560 corp: 604/65Kb lim: 1486 exec/s: 165020 rss: 423Mb L: 6/1344 MS: 3 CopyPart-ChangeByte-EraseBytes-
#661087	REDUCE cov: 465 ft: 1560 corp: 604/65Kb lim: 1486 exec/s: 165271 rss: 424Mb L: 229/1344 MS: 4 CopyPart-ChangeBit-PersAutoDict-EraseBytes- DE: "\001\000\000\000\000\000\177\342"-
#661269	REDUCE cov: 465 ft: 1560 corp: 604/65Kb lim: 1486 exec/s: 165317 rss: 424Mb L: 29/1344 MS: 2 ChangeASCIIInt-EraseBytes-
#661553	REDUCE cov: 465 ft: 1560 corp: 604/65Kb lim: 1486 exec/s: 165388 rss: 424Mb L: 773/1344 MS: 4 EraseBytes-CopyPart-CopyPart-CopyPart-
#662424	NEW    cov: 465 ft: 1561 corp: 605/67Kb lim: 1486 exec/s: 165606 rss: 424Mb L: 1441/1441 MS: 1 CopyPart-
#662805	REDUCE cov: 465 ft: 1561 corp: 605/67Kb lim: 1486 exec/s: 165701 rss: 424Mb L: 26/1441 MS: 1 EraseBytes-
#662916	REDUCE cov: 465 ft: 1561 corp: 605/67Kb lim: 1486 exec/s: 165729 rss: 424Mb L: 114/1441 MS: 1 EraseBytes-
#663718	REDUCE cov: 465 ft: 1561 corp: 605/67Kb lim: 1486 exec/s: 165929 rss: 424Mb L: 52/1441 MS: 2 CopyPart-EraseBytes-
#663799	REDUCE cov: 465 ft: 1561 corp: 605/67Kb lim: 1486 exec/s: 165949 rss: 425Mb L: 15/1441 MS: 1 EraseBytes-
#664181	NEW    cov: 465 ft: 1562 corp: 606/67Kb lim: 1486 exec/s: 166045 rss: 425Mb L: 69/1441 MS: 2 ChangeASCIIInt-InsertByte-
#664807	REDUCE cov: 465 ft: 1562 corp: 606/67Kb lim: 1486 exec/s: 166201 rss: 425Mb L: 37/1441 MS: 1 EraseBytes-
#666078	REDUCE cov: 465 ft: 1562 corp: 606/67Kb lim: 1496 exec/s: 166519 rss: 425Mb L: 262/1441 MS: 1 EraseBytes-
#666784	REDUCE cov: 465 ft: 1562 corp: 606/67Kb lim: 1496 exec/s: 166696 rss: 425Mb L: 751/1441 MS: 1 EraseBytes-
#667035	REDUCE cov: 465 ft: 1562 corp: 606/67Kb lim: 1496 exec/s: 166758 rss: 426Mb L: 98/1441 MS: 1 EraseBytes-
#667851	REDUCE cov: 465 ft: 1562 corp: 606/67Kb lim: 1496 exec/s: 166962 rss: 426Mb L: 993/1441 MS: 1 EraseBytes-
#668907	REDUCE cov: 465 ft: 1562 corp: 606/67Kb lim: 1506 exec/s: 133781 rss: 426Mb L: 50/1441 MS: 1 EraseBytes-
#669293	REDUCE cov: 465 ft: 1562 corp: 606/67Kb lim: 1506 exec/s: 133858 rss: 426Mb L: 17/1441 MS: 1 EraseBytes-
#669645	REDUCE cov: 465 ft: 1563 corp: 607/68Kb lim: 1506 exec/s: 133929 rss: 426Mb L: 1450/1450 MS: 2 ChangeASCIIInt-CopyPart-
#669689	REDUCE cov: 465 ft: 1563 corp: 607/68Kb lim: 1506 exec/s: 133937 rss: 426Mb L: 230/1450 MS: 4 ChangeASCIIInt-ChangeBinInt-ChangeBit-EraseBytes-
#670907	REDUCE cov: 465 ft: 1563 corp: 607/68Kb lim: 1516 exec/s: 134181 rss: 427Mb L: 74/1450 MS: 3 CopyPart-ChangeASCIIInt-EraseBytes-
#671173	REDUCE cov: 465 ft: 1563 corp: 607/68Kb lim: 1516 exec/s: 134234 rss: 427Mb L: 40/1450 MS: 1 EraseBytes-
#671861	REDUCE cov: 465 ft: 1564 corp: 608/68Kb lim: 1516 exec/s: 134372 rss: 427Mb L: 91/1450 MS: 3 ShuffleBytes-CopyPart-EraseBytes-
#671927	REDUCE cov: 465 ft: 1564 corp: 608/68Kb lim: 1516 exec/s: 134385 rss: 427Mb L: 62/1450 MS: 1 EraseBytes-
#675230	REDUCE cov: 465 ft: 1564 corp: 608/68Kb lim: 1546 exec/s: 135046 rss: 429Mb L: 40/1450 MS: 3 ChangeByte-ShuffleBytes-EraseBytes-
#675888	REDUCE cov: 465 ft: 1564 corp: 608/68Kb lim: 1546 exec/s: 135177 rss: 429Mb L: 767/1450 MS: 3 ShuffleBytes-ChangeASCIIInt-EraseBytes-
#675914	REDUCE cov: 465 ft: 1570 corp: 609/68Kb lim: 1546 exec/s: 135182 rss: 429Mb L: 132/1450 MS: 1 CopyPart-
#675990	REDUCE cov: 465 ft: 1570 corp: 609/68Kb lim: 1546 exec/s: 135198 rss: 429Mb L: 517/1450 MS: 1 EraseBytes-
#676181	REDUCE cov: 465 ft: 1570 corp: 609/68Kb lim: 1546 exec/s: 135236 rss: 429Mb L: 1178/1450 MS: 1 EraseBytes-
#676387	REDUCE cov: 465 ft: 1570 corp: 609/68Kb lim: 1546 exec/s: 135277 rss: 429Mb L: 60/1450 MS: 1 EraseBytes-
#676464	REDUCE cov: 465 ft: 1570 corp: 609/68Kb lim: 1546 exec/s: 135292 rss: 429Mb L: 83/1450 MS: 2 ShuffleBytes-EraseBytes-
#676487	REDUCE cov: 465 ft: 1570 corp: 609/68Kb lim: 1546 exec/s: 135297 rss: 429Mb L: 227/1450 MS: 3 ChangeASCIIInt-ShuffleBytes-EraseBytes-
#676618	REDUCE cov: 465 ft: 1570 corp: 609/68Kb lim: 1546 exec/s: 135323 rss: 429Mb L: 28/1450 MS: 1 EraseBytes-
#676774	REDUCE cov: 465 ft: 1570 corp: 609/68Kb lim: 1546 exec/s: 135354 rss: 429Mb L: 73/1450 MS: 1 EraseBytes-
#677135	REDUCE cov: 465 ft: 1570 corp: 609/68Kb lim: 1546 exec/s: 135427 rss: 429Mb L: 56/1450 MS: 1 EraseBytes-
#677371	REDUCE cov: 465 ft: 1570 corp: 609/68Kb lim: 1546 exec/s: 135474 rss: 429Mb L: 46/1450 MS: 1 EraseBytes-
#679737	REDUCE cov: 465 ft: 1570 corp: 609/68Kb lim: 1566 exec/s: 135947 rss: 429Mb L: 37/1450 MS: 1 EraseBytes-
#679773	NEW    cov: 465 ft: 1572 corp: 610/69Kb lim: 1566 exec/s: 135954 rss: 429Mb L: 987/1450 MS: 1 EraseBytes-
#680015	REDUCE cov: 465 ft: 1572 corp: 610/69Kb lim: 1566 exec/s: 136003 rss: 429Mb L: 713/1450 MS: 2 ChangeASCIIInt-EraseBytes-
#680051	NEW    cov: 465 ft: 1573 corp: 611/70Kb lim: 1566 exec/s: 136010 rss: 429Mb L: 1450/1450 MS: 1 ChangeBit-
#681191	REDUCE cov: 465 ft: 1573 corp: 611/70Kb lim: 1576 exec/s: 136238 rss: 429Mb L: 76/1450 MS: 5 ChangeByte-ChangeByte-ShuffleBytes-ShuffleBytes-EraseBytes-
#682067	REDUCE cov: 465 ft: 1573 corp: 611/70Kb lim: 1576 exec/s: 136413 rss: 429Mb L: 151/1450 MS: 1 EraseBytes-
#682644	REDUCE cov: 465 ft: 1573 corp: 611/70Kb lim: 1576 exec/s: 136528 rss: 429Mb L: 266/1450 MS: 2 ChangeASCIIInt-EraseBytes-
#682690	REDUCE cov: 465 ft: 1573 corp: 611/70Kb lim: 1576 exec/s: 136538 rss: 429Mb L: 155/1450 MS: 1 EraseBytes-
#682796	REDUCE cov: 465 ft: 1573 corp: 611/70Kb lim: 1576 exec/s: 136559 rss: 429Mb L: 31/1450 MS: 1 EraseBytes-
#683445	REDUCE cov: 465 ft: 1573 corp: 611/70Kb lim: 1576 exec/s: 136689 rss: 429Mb L: 10/1450 MS: 4 ShuffleBytes-PersAutoDict-EraseBytes-EraseBytes- DE: "\003\000"-
#683731	REDUCE cov: 465 ft: 1573 corp: 611/70Kb lim: 1576 exec/s: 136746 rss: 429Mb L: 81/1450 MS: 1 EraseBytes-
#684892	REDUCE cov: 465 ft: 1573 corp: 611/70Kb lim: 1586 exec/s: 136978 rss: 429Mb L: 67/1450 MS: 1 EraseBytes-
#685846	REDUCE cov: 465 ft: 1573 corp: 611/70Kb lim: 1586 exec/s: 137169 rss: 429Mb L: 217/1450 MS: 4 ChangeByte-InsertByte-EraseBytes-EraseBytes-
#686059	REDUCE cov: 465 ft: 1573 corp: 611/70Kb lim: 1586 exec/s: 137211 rss: 429Mb L: 50/1450 MS: 3 ShuffleBytes-ShuffleBytes-EraseBytes-
#686200	REDUCE cov: 465 ft: 1573 corp: 611/70Kb lim: 1586 exec/s: 137240 rss: 429Mb L: 32/1450 MS: 1 EraseBytes-
#686956	REDUCE cov: 465 ft: 1573 corp: 611/70Kb lim: 1586 exec/s: 137391 rss: 429Mb L: 518/1450 MS: 1 EraseBytes-
#687927	REDUCE cov: 465 ft: 1573 corp: 611/70Kb lim: 1586 exec/s: 137585 rss: 429Mb L: 727/1450 MS: 1 EraseBytes-
#688174	REDUCE cov: 465 ft: 1581 corp: 612/71Kb lim: 1586 exec/s: 137634 rss: 429Mb L: 1503/1503 MS: 2 InsertRepeatedBytes-CopyPart-
#688520	REDUCE cov: 465 ft: 1581 corp: 612/71Kb lim: 1586 exec/s: 137704 rss: 429Mb L: 49/1503 MS: 1 EraseBytes-
#688666	REDUCE cov: 465 ft: 1581 corp: 612/71Kb lim: 1586 exec/s: 137733 rss: 429Mb L: 115/1503 MS: 1 EraseBytes-
#689192	REDUCE cov: 465 ft: 1581 corp: 612/71Kb lim: 1586 exec/s: 137838 rss: 429Mb L: 24/1503 MS: 1 EraseBytes-
#691608	REDUCE cov: 465 ft: 1581 corp: 612/71Kb lim: 1606 exec/s: 138321 rss: 429Mb L: 20/1503 MS: 1 EraseBytes-
#692234	REDUCE cov: 465 ft: 1581 corp: 612/71Kb lim: 1606 exec/s: 138446 rss: 429Mb L: 14/1503 MS: 1 EraseBytes-
#693985	REDUCE cov: 465 ft: 1581 corp: 612/71Kb lim: 1616 exec/s: 138797 rss: 429Mb L: 130/1503 MS: 1 EraseBytes-
#694147	NEW    cov: 467 ft: 1583 corp: 613/73Kb lim: 1616 exec/s: 138829 rss: 429Mb L: 1589/1589 MS: 2 ChangeASCIIInt-CopyPart-
#694584	REDUCE cov: 467 ft: 1583 corp: 613/73Kb lim: 1616 exec/s: 138916 rss: 429Mb L: 62/1589 MS: 2 ChangeBinInt-EraseBytes-
#694765	REDUCE cov: 467 ft: 1583 corp: 613/73Kb lim: 1616 exec/s: 138953 rss: 429Mb L: 63/1589 MS: 1 EraseBytes-
#695317	REDUCE cov: 467 ft: 1583 corp: 613/73Kb lim: 1616 exec/s: 139063 rss: 429Mb L: 799/1589 MS: 2 ChangeBit-EraseBytes-
#695383	REDUCE cov: 467 ft: 1583 corp: 613/73Kb lim: 1616 exec/s: 139076 rss: 429Mb L: 1234/1589 MS: 1 EraseBytes-
#695554	REDUCE cov: 467 ft: 1583 corp: 613/73Kb lim: 1616 exec/s: 139110 rss: 429Mb L: 148/1589 MS: 1 EraseBytes-
#696415	REDUCE cov: 467 ft: 1583 corp: 613/73Kb lim: 1616 exec/s: 139283 rss: 429Mb L: 149/1589 MS: 1 EraseBytes-
#696649	REDUCE cov: 467 ft: 1583 corp: 613/73Kb lim: 1616 exec/s: 139329 rss: 429Mb L: 57/1589 MS: 4 EraseBytes-ChangeByte-ChangeBit-EraseBytes-
#697006	REDUCE cov: 467 ft: 1583 corp: 613/73Kb lim: 1616 exec/s: 139401 rss: 429Mb L: 27/1589 MS: 2 ChangeBinInt-EraseBytes-
#697342	REDUCE cov: 467 ft: 1583 corp: 613/73Kb lim: 1616 exec/s: 139468 rss: 429Mb L: 1450/1589 MS: 1 EraseBytes-
#697719	REDUCE cov: 467 ft: 1583 corp: 613/73Kb lim: 1616 exec/s: 139543 rss: 429Mb L: 51/1589 MS: 2 InsertByte-EraseBytes-
#699060	REDUCE cov: 467 ft: 1583 corp: 613/73Kb lim: 1626 exec/s: 139812 rss: 429Mb L: 73/1589 MS: 1 EraseBytes-
#699301	REDUCE cov: 467 ft: 1583 corp: 613/73Kb lim: 1626 exec/s: 139860 rss: 429Mb L: 29/1589 MS: 1 EraseBytes-
#699433	REDUCE cov: 467 ft: 1583 corp: 613/72Kb lim: 1626 exec/s: 139886 rss: 429Mb L: 330/1589 MS: 2 ChangeASCIIInt-EraseBytes-
#701019	REDUCE cov: 467 ft: 1583 corp: 613/72Kb lim: 1636 exec/s: 140203 rss: 429Mb L: 158/1589 MS: 1 EraseBytes-
#701545	REDUCE cov: 467 ft: 1583 corp: 613/72Kb lim: 1636 exec/s: 140309 rss: 429Mb L: 96/1589 MS: 1 EraseBytes-
#701719	REDUCE cov: 467 ft: 1583 corp: 613/72Kb lim: 1636 exec/s: 140343 rss: 429Mb L: 175/1589 MS: 4 ChangeASCIIInt-ChangeBit-ChangeBinInt-EraseBytes-
#702155	REDUCE cov: 467 ft: 1583 corp: 613/72Kb lim: 1636 exec/s: 140431 rss: 429Mb L: 710/1589 MS: 1 EraseBytes-
#702511	REDUCE cov: 467 ft: 1583 corp: 613/72Kb lim: 1636 exec/s: 140502 rss: 429Mb L: 35/1589 MS: 1 EraseBytes-
#702762	REDUCE cov: 467 ft: 1583 corp: 613/72Kb lim: 1636 exec/s: 140552 rss: 429Mb L: 40/1589 MS: 1 EraseBytes-
#703580	REDUCE cov: 467 ft: 1583 corp: 613/72Kb lim: 1636 exec/s: 140716 rss: 429Mb L: 4/1589 MS: 3 InsertByte-EraseBytes-CrossOver-
#703832	REDUCE cov: 467 ft: 1583 corp: 613/72Kb lim: 1636 exec/s: 140766 rss: 429Mb L: 1507/1507 MS: 2 EraseBytes-CopyPart-
#704193	REDUCE cov: 467 ft: 1583 corp: 613/72Kb lim: 1636 exec/s: 140838 rss: 429Mb L: 62/1507 MS: 1 EraseBytes-
#704324	REDUCE cov: 467 ft: 1583 corp: 613/72Kb lim: 1636 exec/s: 140864 rss: 429Mb L: 48/1507 MS: 1 EraseBytes-
#704858	REDUCE cov: 467 ft: 1584 corp: 614/73Kb lim: 1636 exec/s: 140971 rss: 430Mb L: 561/1507 MS: 4 ChangeASCIIInt-InsertByte-InsertByte-InsertRepeatedBytes-
#704954	REDUCE cov: 467 ft: 1584 corp: 614/73Kb lim: 1636 exec/s: 140990 rss: 430Mb L: 1446/1507 MS: 1 EraseBytes-
#705332	REDUCE cov: 467 ft: 1584 corp: 614/73Kb lim: 1636 exec/s: 141066 rss: 430Mb L: 427/1507 MS: 3 ChangeASCIIInt-ChangeBit-EraseBytes-
#705520	REDUCE cov: 467 ft: 1584 corp: 614/73Kb lim: 1636 exec/s: 141104 rss: 430Mb L: 22/1507 MS: 3 InsertByte-ChangeBinInt-EraseBytes-
#705571	REDUCE cov: 467 ft: 1584 corp: 614/73Kb lim: 1636 exec/s: 141114 rss: 430Mb L: 31/1507 MS: 1 EraseBytes-
#705747	REDUCE cov: 467 ft: 1584 corp: 614/73Kb lim: 1636 exec/s: 141149 rss: 430Mb L: 81/1507 MS: 1 EraseBytes-
#707169	REDUCE cov: 467 ft: 1584 corp: 614/72Kb lim: 1646 exec/s: 141433 rss: 431Mb L: 851/1507 MS: 2 ChangeASCIIInt-EraseBytes-
#707975	REDUCE cov: 467 ft: 1584 corp: 614/72Kb lim: 1646 exec/s: 141595 rss: 431Mb L: 624/1507 MS: 1 EraseBytes-
#708356	REDUCE cov: 467 ft: 1584 corp: 614/72Kb lim: 1646 exec/s: 141671 rss: 431Mb L: 254/1507 MS: 1 EraseBytes-
#708677	NEW    cov: 467 ft: 1588 corp: 615/74Kb lim: 1646 exec/s: 141735 rss: 431Mb L: 1505/1507 MS: 1 CopyPart-
#709299	REDUCE cov: 467 ft: 1588 corp: 615/74Kb lim: 1646 exec/s: 141859 rss: 431Mb L: 30/1507 MS: 2 ChangeBinInt-CrossOver-
#709692	REDUCE cov: 467 ft: 1588 corp: 615/74Kb lim: 1646 exec/s: 141938 rss: 432Mb L: 71/1507 MS: 3 CopyPart-ChangeBinInt-EraseBytes-
#711043	REDUCE cov: 467 ft: 1588 corp: 615/74Kb lim: 1656 exec/s: 142208 rss: 432Mb L: 5/1507 MS: 1 EraseBytes-
#711934	REDUCE cov: 467 ft: 1588 corp: 615/74Kb lim: 1656 exec/s: 142386 rss: 433Mb L: 14/1507 MS: 1 EraseBytes-
#712940	REDUCE cov: 467 ft: 1588 corp: 615/74Kb lim: 1666 exec/s: 142588 rss: 433Mb L: 101/1507 MS: 1 EraseBytes-
#713998	REDUCE cov: 467 ft: 1588 corp: 615/74Kb lim: 1676 exec/s: 142799 rss: 434Mb L: 462/1507 MS: 3 ChangeByte-ChangeASCIIInt-EraseBytes-
#714309	REDUCE cov: 467 ft: 1588 corp: 615/74Kb lim: 1676 exec/s: 142861 rss: 434Mb L: 30/1507 MS: 1 EraseBytes-
#715395	REDUCE cov: 467 ft: 1588 corp: 615/74Kb lim: 1686 exec/s: 143079 rss: 434Mb L: 389/1507 MS: 1 EraseBytes-
#715627	REDUCE cov: 467 ft: 1588 corp: 615/74Kb lim: 1686 exec/s: 143125 rss: 434Mb L: 11/1507 MS: 2 ChangeByte-EraseBytes-
#717513	REDUCE cov: 467 ft: 1588 corp: 615/74Kb lim: 1696 exec/s: 143502 rss: 435Mb L: 696/1507 MS: 1 EraseBytes-
#718484	REDUCE cov: 467 ft: 1588 corp: 615/74Kb lim: 1696 exec/s: 143696 rss: 435Mb L: 55/1507 MS: 1 EraseBytes-
#718610	REDUCE cov: 467 ft: 1588 corp: 615/74Kb lim: 1696 exec/s: 143722 rss: 435Mb L: 180/1507 MS: 1 EraseBytes-
#719691	REDUCE cov: 467 ft: 1588 corp: 615/74Kb lim: 1706 exec/s: 143938 rss: 435Mb L: 33/1507 MS: 1 EraseBytes-
#721873	REDUCE cov: 467 ft: 1588 corp: 615/74Kb lim: 1726 exec/s: 144374 rss: 436Mb L: 9/1507 MS: 2 ChangeBit-EraseBytes-
#722669	REDUCE cov: 467 ft: 1588 corp: 615/74Kb lim: 1726 exec/s: 144533 rss: 436Mb L: 85/1507 MS: 1 EraseBytes-
#723500	REDUCE cov: 467 ft: 1588 corp: 615/74Kb lim: 1726 exec/s: 144700 rss: 436Mb L: 65/1507 MS: 1 EraseBytes-
#723661	REDUCE cov: 467 ft: 1588 corp: 615/74Kb lim: 1726 exec/s: 144732 rss: 436Mb L: 707/1507 MS: 1 EraseBytes-
#724012	REDUCE cov: 467 ft: 1588 corp: 615/74Kb lim: 1726 exec/s: 144802 rss: 436Mb L: 89/1507 MS: 1 EraseBytes-
#725668	REDUCE cov: 467 ft: 1588 corp: 615/74Kb lim: 1736 exec/s: 145133 rss: 436Mb L: 29/1507 MS: 1 EraseBytes-
#725819	REDUCE cov: 467 ft: 1588 corp: 615/74Kb lim: 1736 exec/s: 145163 rss: 436Mb L: 67/1507 MS: 1 EraseBytes-
#726306	REDUCE cov: 467 ft: 1588 corp: 615/74Kb lim: 1736 exec/s: 145261 rss: 436Mb L: 9/1507 MS: 2 ShuffleBytes-EraseBytes-
#727032	REDUCE cov: 467 ft: 1588 corp: 615/73Kb lim: 1736 exec/s: 145406 rss: 436Mb L: 259/1507 MS: 1 EraseBytes-
#727223	NEW    cov: 467 ft: 1589 corp: 616/75Kb lim: 1736 exec/s: 145444 rss: 436Mb L: 1706/1706 MS: 1 CopyPart-
#727363	REDUCE cov: 467 ft: 1590 corp: 617/75Kb lim: 1736 exec/s: 145472 rss: 436Mb L: 205/1706 MS: 5 ChangeASCIIInt-InsertRepeatedBytes-InsertByte-ChangeBinInt-EraseBytes-
#728575	REDUCE cov: 467 ft: 1590 corp: 617/75Kb lim: 1746 exec/s: 145715 rss: 437Mb L: 81/1706 MS: 2 ShuffleBytes-EraseBytes-
#729201	REDUCE cov: 467 ft: 1590 corp: 617/75Kb lim: 1746 exec/s: 145840 rss: 437Mb L: 34/1706 MS: 1 EraseBytes-
#729677	REDUCE cov: 467 ft: 1590 corp: 617/75Kb lim: 1746 exec/s: 145935 rss: 437Mb L: 14/1706 MS: 1 EraseBytes-
#729743	REDUCE cov: 468 ft: 1591 corp: 618/75Kb lim: 1746 exec/s: 145948 rss: 437Mb L: 39/1706 MS: 1 InsertByte-
#730005	REDUCE cov: 468 ft: 1591 corp: 618/75Kb lim: 1746 exec/s: 146001 rss: 437Mb L: 129/1706 MS: 2 ChangeByte-EraseBytes-
#731146	REDUCE cov: 468 ft: 1591 corp: 618/75Kb lim: 1756 exec/s: 146229 rss: 437Mb L: 20/1706 MS: 1 EraseBytes-
#731367	REDUCE cov: 468 ft: 1591 corp: 618/75Kb lim: 1756 exec/s: 146273 rss: 437Mb L: 35/1706 MS: 1 EraseBytes-
#731763	REDUCE cov: 468 ft: 1591 corp: 618/75Kb lim: 1756 exec/s: 146352 rss: 437Mb L: 25/1706 MS: 1 EraseBytes-
#732669	REDUCE cov: 468 ft: 1591 corp: 618/75Kb lim: 1756 exec/s: 146533 rss: 437Mb L: 26/1706 MS: 1 EraseBytes-
#733002	REDUCE cov: 468 ft: 1591 corp: 618/75Kb lim: 1756 exec/s: 146600 rss: 437Mb L: 400/1706 MS: 3 ChangeByte-CopyPart-EraseBytes-
#734355	REDUCE cov: 468 ft: 1591 corp: 618/75Kb lim: 1766 exec/s: 146871 rss: 438Mb L: 145/1706 MS: 3 CopyPart-InsertRepeatedBytes-EraseBytes-
#736972	REDUCE cov: 468 ft: 1591 corp: 618/75Kb lim: 1786 exec/s: 147394 rss: 438Mb L: 77/1706 MS: 2 InsertByte-EraseBytes-
#737259	REDUCE cov: 468 ft: 1591 corp: 618/75Kb lim: 1786 exec/s: 147451 rss: 438Mb L: 788/1706 MS: 2 CopyPart-EraseBytes-
#737425	REDUCE cov: 468 ft: 1591 corp: 618/75Kb lim: 1786 exec/s: 147485 rss: 438Mb L: 1357/1706 MS: 1 EraseBytes-
#737613	REDUCE cov: 468 ft: 1591 corp: 618/75Kb lim: 1786 exec/s: 147522 rss: 438Mb L: 50/1706 MS: 3 CopyPart-ChangeBit-EraseBytes-
#738085	REDUCE cov: 468 ft: 1591 corp: 618/75Kb lim: 1786 exec/s: 147617 rss: 439Mb L: 51/1706 MS: 2 ShuffleBytes-EraseBytes-
#738782	NEW    cov: 468 ft: 1592 corp: 619/75Kb lim: 1786 exec/s: 147756 rss: 439Mb L: 226/1706 MS: 2 ChangeByte-CopyPart-
#739243	REDUCE cov: 468 ft: 1592 corp: 619/75Kb lim: 1786 exec/s: 147848 rss: 439Mb L: 41/1706 MS: 1 EraseBytes-
#739489	NEW    cov: 468 ft: 1598 corp: 620/76Kb lim: 1786 exec/s: 147897 rss: 439Mb L: 226/1706 MS: 1 ChangeBit-
#739530	REDUCE cov: 468 ft: 1598 corp: 620/76Kb lim: 1786 exec/s: 147906 rss: 439Mb L: 159/1706 MS: 1 EraseBytes-
#740477	REDUCE cov: 468 ft: 1599 corp: 621/77Kb lim: 1786 exec/s: 148095 rss: 439Mb L: 1704/1706 MS: 2 InsertByte-CopyPart-
#740817	REDUCE cov: 468 ft: 1599 corp: 621/77Kb lim: 1786 exec/s: 148163 rss: 439Mb L: 15/1706 MS: 5 ChangeByte-ChangeASCIIInt-ShuffleBytes-ChangeASCIIInt-EraseBytes-
#740989	REDUCE cov: 468 ft: 1599 corp: 621/77Kb lim: 1786 exec/s: 148197 rss: 439Mb L: 63/1706 MS: 2 ChangeASCIIInt-EraseBytes-
#742185	REDUCE cov: 468 ft: 1599 corp: 621/77Kb lim: 1796 exec/s: 148437 rss: 440Mb L: 246/1706 MS: 1 EraseBytes-
#742192	REDUCE cov: 468 ft: 1599 corp: 621/77Kb lim: 1796 exec/s: 148438 rss: 440Mb L: 38/1706 MS: 2 ChangeBinInt-EraseBytes-
#742568	REDUCE cov: 468 ft: 1599 corp: 621/77Kb lim: 1796 exec/s: 148513 rss: 440Mb L: 175/1706 MS: 1 EraseBytes-
#742629	REDUCE cov: 468 ft: 1599 corp: 621/77Kb lim: 1796 exec/s: 148525 rss: 440Mb L: 44/1706 MS: 1 EraseBytes-
#743270	REDUCE cov: 468 ft: 1599 corp: 621/77Kb lim: 1796 exec/s: 148654 rss: 440Mb L: 216/1706 MS: 1 EraseBytes-
#743686	REDUCE cov: 468 ft: 1599 corp: 621/77Kb lim: 1796 exec/s: 148737 rss: 440Mb L: 47/1706 MS: 1 EraseBytes-
#745607	REDUCE cov: 468 ft: 1599 corp: 621/77Kb lim: 1806 exec/s: 149121 rss: 441Mb L: 13/1706 MS: 1 EraseBytes-
#747083	REDUCE cov: 468 ft: 1599 corp: 621/77Kb lim: 1816 exec/s: 149416 rss: 441Mb L: 189/1706 MS: 1 EraseBytes-
#747091	REDUCE cov: 468 ft: 1599 corp: 621/77Kb lim: 1816 exec/s: 149418 rss: 441Mb L: 39/1706 MS: 3 InsertByte-ShuffleBytes-EraseBytes-
#747254	REDUCE cov: 468 ft: 1599 corp: 621/77Kb lim: 1816 exec/s: 149450 rss: 441Mb L: 42/1706 MS: 3 CopyPart-ChangeBit-EraseBytes-
#747961	REDUCE cov: 468 ft: 1599 corp: 621/77Kb lim: 1816 exec/s: 149592 rss: 441Mb L: 179/1706 MS: 2 ShuffleBytes-EraseBytes-
#747987	REDUCE cov: 468 ft: 1599 corp: 621/77Kb lim: 1816 exec/s: 149597 rss: 441Mb L: 69/1706 MS: 1 EraseBytes-
#748116	REDUCE cov: 468 ft: 1599 corp: 621/77Kb lim: 1816 exec/s: 149623 rss: 441Mb L: 51/1706 MS: 4 ChangeASCIIInt-ShuffleBytes-ChangeByte-EraseBytes-
#748389	REDUCE cov: 468 ft: 1599 corp: 621/77Kb lim: 1816 exec/s: 149677 rss: 441Mb L: 13/1706 MS: 3 ChangeASCIIInt-InsertByte-EraseBytes-
#748915	REDUCE cov: 468 ft: 1599 corp: 621/77Kb lim: 1816 exec/s: 149783 rss: 442Mb L: 585/1706 MS: 1 EraseBytes-
#749121	REDUCE cov: 468 ft: 1599 corp: 621/77Kb lim: 1816 exec/s: 149824 rss: 442Mb L: 343/1706 MS: 1 EraseBytes-
#749247	NEW    cov: 468 ft: 1600 corp: 622/78Kb lim: 1816 exec/s: 149849 rss: 442Mb L: 1450/1706 MS: 1 CrossOver-
#749773	REDUCE cov: 468 ft: 1600 corp: 622/78Kb lim: 1816 exec/s: 149954 rss: 442Mb L: 1697/1706 MS: 1 EraseBytes-
#750144	REDUCE cov: 468 ft: 1600 corp: 622/78Kb lim: 1816 exec/s: 150028 rss: 442Mb L: 183/1706 MS: 1 EraseBytes-
#750651	REDUCE cov: 468 ft: 1600 corp: 622/78Kb lim: 1816 exec/s: 150130 rss: 442Mb L: 159/1706 MS: 2 ChangeASCIIInt-EraseBytes-
#751037	REDUCE cov: 468 ft: 1600 corp: 622/78Kb lim: 1816 exec/s: 150207 rss: 442Mb L: 339/1706 MS: 1 EraseBytes-
#751568	REDUCE cov: 468 ft: 1600 corp: 622/78Kb lim: 1816 exec/s: 150313 rss: 442Mb L: 60/1706 MS: 1 EraseBytes-
#751789	REDUCE cov: 468 ft: 1600 corp: 622/78Kb lim: 1816 exec/s: 150357 rss: 442Mb L: 157/1706 MS: 1 EraseBytes-
#755005	REDUCE cov: 468 ft: 1600 corp: 622/78Kb lim: 1846 exec/s: 151001 rss: 443Mb L: 50/1706 MS: 1 EraseBytes-
#755222	REDUCE cov: 468 ft: 1600 corp: 622/78Kb lim: 1846 exec/s: 151044 rss: 443Mb L: 39/1706 MS: 2 ChangeByte-EraseBytes-
#756003	REDUCE cov: 468 ft: 1600 corp: 622/78Kb lim: 1846 exec/s: 151200 rss: 444Mb L: 137/1706 MS: 1 EraseBytes-
#756430	REDUCE cov: 468 ft: 1600 corp: 622/78Kb lim: 1846 exec/s: 151286 rss: 444Mb L: 1075/1706 MS: 2 InsertRepeatedBytes-EraseBytes-
#757352	REDUCE cov: 468 ft: 1600 corp: 622/78Kb lim: 1846 exec/s: 151470 rss: 445Mb L: 48/1706 MS: 2 ChangeByte-EraseBytes-
#757969	REDUCE cov: 468 ft: 1600 corp: 622/78Kb lim: 1846 exec/s: 151593 rss: 445Mb L: 58/1706 MS: 2 CopyPart-EraseBytes-
#758985	REDUCE cov: 468 ft: 1600 corp: 622/78Kb lim: 1856 exec/s: 151797 rss: 445Mb L: 89/1706 MS: 1 EraseBytes-
#759041	REDUCE cov: 468 ft: 1600 corp: 622/78Kb lim: 1856 exec/s: 151808 rss: 445Mb L: 41/1706 MS: 1 EraseBytes-
#759132	REDUCE cov: 468 ft: 1600 corp: 622/78Kb lim: 1856 exec/s: 151826 rss: 445Mb L: 27/1706 MS: 1 EraseBytes-
#759183	REDUCE cov: 468 ft: 1600 corp: 622/78Kb lim: 1856 exec/s: 151836 rss: 445Mb L: 156/1706 MS: 1 EraseBytes-
#759280	REDUCE cov: 468 ft: 1600 corp: 622/78Kb lim: 1856 exec/s: 151856 rss: 445Mb L: 773/1706 MS: 2 ChangeBit-EraseBytes-
#759311	REDUCE cov: 468 ft: 1600 corp: 622/78Kb lim: 1856 exec/s: 151862 rss: 445Mb L: 47/1706 MS: 1 EraseBytes-
#760032	REDUCE cov: 468 ft: 1600 corp: 622/78Kb lim: 1856 exec/s: 152006 rss: 446Mb L: 700/1706 MS: 1 EraseBytes-
#760223	REDUCE cov: 468 ft: 1600 corp: 622/78Kb lim: 1856 exec/s: 152044 rss: 446Mb L: 35/1706 MS: 1 EraseBytes-
#761046	REDUCE cov: 468 ft: 1601 corp: 623/80Kb lim: 1856 exec/s: 152209 rss: 446Mb L: 1773/1773 MS: 3 ShuffleBytes-ShuffleBytes-CrossOver-
#761047	REDUCE cov: 468 ft: 1601 corp: 623/80Kb lim: 1856 exec/s: 152209 rss: 446Mb L: 9/1773 MS: 1 EraseBytes-
#761124	REDUCE cov: 468 ft: 1602 corp: 624/80Kb lim: 1856 exec/s: 152224 rss: 446Mb L: 358/1773 MS: 2 ChangeBit-InsertRepeatedBytes-
#761725	REDUCE cov: 468 ft: 1602 corp: 624/80Kb lim: 1856 exec/s: 126954 rss: 447Mb L: 124/1773 MS: 1 EraseBytes-
#762006	NEW    cov: 468 ft: 1608 corp: 625/80Kb lim: 1856 exec/s: 127001 rss: 447Mb L: 226/1773 MS: 1 ChangeBinInt-
#762096	REDUCE cov: 468 ft: 1608 corp: 625/80Kb lim: 1856 exec/s: 127016 rss: 447Mb L: 528/1773 MS: 5 PersAutoDict-ChangeASCIIInt-ChangeBit-ShuffleBytes-EraseBytes- DE: "\374\377\377\377\377\377\377\377"-
#762358	REDUCE cov: 468 ft: 1608 corp: 625/80Kb lim: 1856 exec/s: 127059 rss: 447Mb L: 242/1773 MS: 2 ShuffleBytes-EraseBytes-
#762850	REDUCE cov: 468 ft: 1608 corp: 625/80Kb lim: 1856 exec/s: 127141 rss: 447Mb L: 195/1773 MS: 2 CMP-EraseBytes- DE: "\000\000\000\000"-
#763146	REDUCE cov: 468 ft: 1608 corp: 625/80Kb lim: 1856 exec/s: 127191 rss: 447Mb L: 82/1773 MS: 1 EraseBytes-
#763613	REDUCE cov: 468 ft: 1608 corp: 625/80Kb lim: 1856 exec/s: 127268 rss: 447Mb L: 889/1773 MS: 2 CopyPart-EraseBytes-
#765399	REDUCE cov: 468 ft: 1608 corp: 625/80Kb lim: 1866 exec/s: 127566 rss: 447Mb L: 19/1773 MS: 1 EraseBytes-
#767680	REDUCE cov: 468 ft: 1608 corp: 625/80Kb lim: 1886 exec/s: 127946 rss: 448Mb L: 342/1773 MS: 1 EraseBytes-
#768381	REDUCE cov: 468 ft: 1608 corp: 625/80Kb lim: 1886 exec/s: 128063 rss: 448Mb L: 17/1773 MS: 1 EraseBytes-
#768567	REDUCE cov: 468 ft: 1608 corp: 625/80Kb lim: 1886 exec/s: 128094 rss: 448Mb L: 47/1773 MS: 1 EraseBytes-
#769128	REDUCE cov: 468 ft: 1608 corp: 625/80Kb lim: 1886 exec/s: 128188 rss: 448Mb L: 66/1773 MS: 1 EraseBytes-
#769152	REDUCE cov: 468 ft: 1608 corp: 625/80Kb lim: 1886 exec/s: 128192 rss: 448Mb L: 161/1773 MS: 4 PersAutoDict-ShuffleBytes-PersAutoDict-EraseBytes- DE: "\374\377\377\377\377\377\377\377"-"\001\000\000\000\000\000 \000"-
#769521	REDUCE cov: 468 ft: 1608 corp: 625/80Kb lim: 1886 exec/s: 128253 rss: 448Mb L: 39/1773 MS: 4 ChangeByte-ChangeBinInt-ShuffleBytes-EraseBytes-
#769733	REDUCE cov: 468 ft: 1608 corp: 625/80Kb lim: 1886 exec/s: 128288 rss: 449Mb L: 198/1773 MS: 2 ChangeASCIIInt-EraseBytes-
#770034	NEW    cov: 468 ft: 1609 corp: 626/80Kb lim: 1886 exec/s: 128339 rss: 449Mb L: 345/1773 MS: 1 CopyPart-
#770902	REDUCE cov: 468 ft: 1609 corp: 626/80Kb lim: 1886 exec/s: 128483 rss: 449Mb L: 1150/1773 MS: 3 CopyPart-ChangeByte-EraseBytes-
#770913	REDUCE cov: 468 ft: 1609 corp: 626/80Kb lim: 1886 exec/s: 128485 rss: 449Mb L: 33/1773 MS: 1 EraseBytes-
#771394	REDUCE cov: 468 ft: 1609 corp: 626/80Kb lim: 1886 exec/s: 128565 rss: 449Mb L: 68/1773 MS: 1 EraseBytes-
#771645	REDUCE cov: 468 ft: 1609 corp: 626/80Kb lim: 1886 exec/s: 128607 rss: 449Mb L: 11/1773 MS: 1 EraseBytes-
#772046	REDUCE cov: 468 ft: 1609 corp: 626/80Kb lim: 1886 exec/s: 128674 rss: 449Mb L: 71/1773 MS: 1 EraseBytes-
