INFO: Running with entropic power schedule (0xFF, 100).
INFO: Seed: 2507204726
INFO: Loaded 1 modules   (448 inline 8-bit counters): 448 [0x5630be2a7530, 0x5630be2a76f0), 
INFO: Loaded 1 PC tables (448 PCs): 448 [0x5630be2a76f0,0x5630be2a92f0), 
INFO:        1 files found in /workspace/scratch/56bc7a3aaff8/aor/fuzz/corpus/tokens
INFO: seed corpus: files: 1 min: 17b max: 17b total: 17b rss: 29Mb
#2	INITED cov: 57 ft: 58 corp: 1/17b exec/s: 0 rss: 29Mb
#3	NEW    cov: 59 ft: 60 corp: 2/34b lim: 17 exec/s: 0 rss: 29Mb L: 17/17 MS: 1 ChangeByte-
#4	NEW    cov: 59 ft: 73 corp: 3/51b lim: 17 exec/s: 0 rss: 30Mb L: 17/17 MS: 1 CopyPart-
#5	NEW    cov: 62 ft: 80 corp: 4/68b lim: 17 exec/s: 0 rss: 30Mb L: 17/17 MS: 1 ShuffleBytes-
#6	NEW    cov: 62 ft: 85 corp: 5/81b lim: 17 exec/s: 0 rss: 30Mb L: 13/17 MS: 1 EraseBytes-
#10	NEW    cov: 64 ft: 94 corp: 6/86b lim: 17 exec/s: 0 rss: 30Mb L: 5/17 MS: 4 ShuffleBytes-ChangeByte-CopyPart-CrossOver-
#15	NEW    cov: 64 ft: 95 corp: 7/96b lim: 17 exec/s: 0 rss: 30Mb L: 10/17 MS: 5 CrossOver-ShuffleBytes-ChangeBit-CopyPart-InsertRepeatedBytes-
#16	NEW    cov: 64 ft: 98 corp: 8/108b lim: 17 exec/s: 0 rss: 30Mb L: 12/17 MS: 1 EraseBytes-
#17	NEW    cov: 64 ft: 99 corp: 9/119b lim: 17 exec/s: 0 rss: 30Mb L: 11/17 MS: 1 EraseBytes-
#23	NEW    cov: 64 ft: 100 corp: 10/135b lim: 17 exec/s: 0 rss: 30Mb L: 16/17 MS: 1 InsertRepeatedBytes-
#24	NEW    cov: 64 ft: 101 corp: 11/147b lim: 17 exec/s: 0 rss: 30Mb L: 12/17 MS: 1 InsertRepeatedBytes-
#31	NEW    cov: 64 ft: 104 corp: 12/160b lim: 17 exec/s: 0 rss: 30Mb L: 13/17 MS: 2 ShuffleBytes-CMP- DE: "\000\000\000\000\000\000\000\007"-
#33	NEW    cov: 64 ft: 107 corp: 13/171b lim: 17 exec/s: 0 rss: 30Mb L: 11/17 MS: 2 ChangeByte-CrossOver-
#48	NEW    cov: 65 ft: 108 corp: 14/181b lim: 17 exec/s: 0 rss: 30Mb L: 10/17 MS: 5 ChangeBit-PersAutoDict-EraseBytes-ChangeBinInt-InsertByte- DE: "\000\000\000\000\000\000\000\007"-
#57	NEW    cov: 65 ft: 111 corp: 15/191b lim: 17 exec/s: 0 rss: 30Mb L: 10/17 MS: 4 ShuffleBytes-ChangeBit-ChangeByte-ChangeBinInt-
#112	NEW    cov: 66 ft: 112 corp: 16/208b lim: 17 exec/s: 0 rss: 30Mb L: 17/17 MS: 5 CrossOver-CopyPart-CrossOver-CrossOver-ChangeByte-
#139	NEW    cov: 68 ft: 114 corp: 17/219b lim: 17 exec/s: 0 rss: 30Mb L: 11/17 MS: 2 ChangeByte-ChangeByte-
#145	NEW    cov: 68 ft: 116 corp: 18/220b lim: 17 exec/s: 0 rss: 30Mb L: 1/17 MS: 1 CrossOver-
#151	NEW    cov: 68 ft: 117 corp: 19/237b lim: 17 exec/s: 0 rss: 30Mb L: 17/17 MS: 1 ChangeByte-
#152	NEW    cov: 72 ft: 123 corp: 20/251b lim: 17 exec/s: 0 rss: 30Mb L: 14/17 MS: 1 InsertRepeatedBytes-
#153	REDUCE cov: 72 ft: 123 corp: 20/248b lim: 17 exec/s: 0 rss: 30Mb L: 14/17 MS: 1 EraseBytes-
#155	NEW    cov: 72 ft: 131 corp: 21/250b lim: 17 exec/s: 0 rss: 30Mb L: 2/17 MS: 2 ChangeBit-CrossOver-
#162	REDUCE cov: 72 ft: 131 corp: 21/246b lim: 17 exec/s: 0 rss: 30Mb L: 9/17 MS: 2 CrossOver-PersAutoDict- DE: "\000\000\000\000\000\000\000\007"-
#175	NEW    cov: 72 ft: 133 corp: 22/263b lim: 17 exec/s: 0 rss: 30Mb L: 17/17 MS: 3 ShuffleBytes-ShuffleBytes-CopyPart-
#201	NEW    cov: 73 ft: 134 corp: 23/276b lim: 17 exec/s: 0 rss: 30Mb L: 13/17 MS: 1 ChangeByte-
#215	NEW    cov: 73 ft: 136 corp: 24/282b lim: 17 exec/s: 0 rss: 30Mb L: 6/17 MS: 4 EraseBytes-ChangeByte-ChangeBit-CrossOver-
#221	REDUCE cov: 73 ft: 136 corp: 24/281b lim: 17 exec/s: 0 rss: 30Mb L: 12/17 MS: 1 EraseBytes-
#222	REDUCE cov: 73 ft: 136 corp: 24/278b lim: 17 exec/s: 0 rss: 30Mb L: 9/17 MS: 1 EraseBytes-
#229	REDUCE cov: 73 ft: 136 corp: 24/275b lim: 17 exec/s: 0 rss: 31Mb L: 14/17 MS: 2 ChangeByte-EraseBytes-
#231	NEW    cov: 73 ft: 138 corp: 25/291b lim: 17 exec/s: 0 rss: 31Mb L: 16/17 MS: 2 ChangeBit-CrossOver-
#233	NEW    cov: 75 ft: 140 corp: 26/301b lim: 17 exec/s: 0 rss: 31Mb L: 10/17 MS: 2 ChangeByte-EraseBytes-
#234	NEW    cov: 75 ft: 144 corp: 27/308b lim: 17 exec/s: 0 rss: 31Mb L: 7/17 MS: 1 CrossOver-
#243	REDUCE cov: 75 ft: 144 corp: 27/306b lim: 17 exec/s: 0 rss: 31Mb L: 15/17 MS: 4 ChangeBit-ChangeByte-ChangeBit-EraseBytes-
#260	REDUCE cov: 75 ft: 144 corp: 27/305b lim: 17 exec/s: 0 rss: 31Mb L: 13/17 MS: 2 ChangeBit-EraseBytes-
#261	REDUCE cov: 75 ft: 144 corp: 27/302b lim: 17 exec/s: 0 rss: 31Mb L: 14/17 MS: 1 EraseBytes-
#263	NEW    cov: 77 ft: 146 corp: 28/317b lim: 17 exec/s: 0 rss: 31Mb L: 15/17 MS: 2 InsertByte-InsertByte-
#278	NEW    cov: 77 ft: 147 corp: 29/320b lim: 17 exec/s: 0 rss: 31Mb L: 3/17 MS: 5 CopyPart-PersAutoDict-ShuffleBytes-EraseBytes-EraseBytes- DE: "\000\000\000\000\000\000\000\007"-
#294	REDUCE cov: 77 ft: 149 corp: 30/329b lim: 17 exec/s: 0 rss: 31Mb L: 9/17 MS: 1 EraseBytes-
#295	REDUCE cov: 77 ft: 149 corp: 30/323b lim: 17 exec/s: 0 rss: 31Mb L: 9/17 MS: 1 EraseBytes-
#316	NEW    cov: 77 ft: 150 corp: 31/329b lim: 17 exec/s: 0 rss: 31Mb L: 6/17 MS: 1 CopyPart-
#325	NEW    cov: 77 ft: 151 corp: 32/333b lim: 17 exec/s: 0 rss: 31Mb L: 4/17 MS: 4 InsertByte-PersAutoDict-EraseBytes-EraseBytes- DE: "\000\000\000\000\000\000\000\007"-
#328	NEW    cov: 77 ft: 157 corp: 33/348b lim: 17 exec/s: 0 rss: 31Mb L: 15/17 MS: 3 CrossOver-ChangeBinInt-CopyPart-
#339	NEW    cov: 77 ft: 159 corp: 34/358b lim: 17 exec/s: 0 rss: 31Mb L: 10/17 MS: 1 InsertByte-
#345	NEW    cov: 79 ft: 161 corp: 35/370b lim: 17 exec/s: 0 rss: 31Mb L: 12/17 MS: 1 ChangeByte-
#352	NEW    cov: 79 ft: 162 corp: 36/385b lim: 17 exec/s: 0 rss: 31Mb L: 15/17 MS: 2 ChangeBinInt-CopyPart-
#380	NEW    cov: 79 ft: 164 corp: 37/395b lim: 17 exec/s: 0 rss: 31Mb L: 10/17 MS: 3 ShuffleBytes-CopyPart-CrossOver-
#381	REDUCE cov: 79 ft: 164 corp: 37/392b lim: 17 exec/s: 0 rss: 31Mb L: 7/17 MS: 1 EraseBytes-
#388	NEW    cov: 80 ft: 166 corp: 38/403b lim: 17 exec/s: 0 rss: 31Mb L: 11/17 MS: 2 EraseBytes-ShuffleBytes-
#435	NEW    cov: 80 ft: 170 corp: 39/406b lim: 17 exec/s: 0 rss: 31Mb L: 3/17 MS: 2 InsertByte-EraseBytes-
#440	REDUCE cov: 80 ft: 170 corp: 39/405b lim: 17 exec/s: 0 rss: 31Mb L: 9/17 MS: 5 CopyPart-CopyPart-ChangeBit-ChangeBinInt-EraseBytes-
#473	NEW    cov: 80 ft: 171 corp: 40/410b lim: 17 exec/s: 0 rss: 31Mb L: 5/17 MS: 3 ChangeByte-ShuffleBytes-EraseBytes-
#484	REDUCE cov: 80 ft: 171 corp: 40/407b lim: 17 exec/s: 0 rss: 31Mb L: 6/17 MS: 1 EraseBytes-
#486	NEW    cov: 80 ft: 172 corp: 41/415b lim: 17 exec/s: 0 rss: 31Mb L: 8/17 MS: 2 ChangeByte-EraseBytes-
#499	REDUCE cov: 80 ft: 175 corp: 42/428b lim: 17 exec/s: 0 rss: 31Mb L: 13/17 MS: 3 ChangeBinInt-CrossOver-ShuffleBytes-
#537	NEW    cov: 81 ft: 176 corp: 43/444b lim: 17 exec/s: 0 rss: 31Mb L: 16/17 MS: 3 CrossOver-InsertByte-ChangeByte-
#549	REDUCE cov: 81 ft: 177 corp: 44/458b lim: 17 exec/s: 0 rss: 31Mb L: 14/17 MS: 2 CrossOver-ChangeByte-
#560	REDUCE cov: 81 ft: 177 corp: 44/457b lim: 17 exec/s: 0 rss: 31Mb L: 5/17 MS: 1 EraseBytes-
#567	REDUCE cov: 81 ft: 177 corp: 44/453b lim: 17 exec/s: 0 rss: 31Mb L: 8/17 MS: 2 EraseBytes-CrossOver-
#568	REDUCE cov: 81 ft: 177 corp: 44/452b lim: 17 exec/s: 0 rss: 31Mb L: 5/17 MS: 1 EraseBytes-
#572	REDUCE cov: 83 ft: 179 corp: 45/467b lim: 17 exec/s: 0 rss: 31Mb L: 15/17 MS: 4 InsertByte-ShuffleBytes-InsertByte-EraseBytes-
#588	NEW    cov: 84 ft: 181 corp: 46/483b lim: 17 exec/s: 0 rss: 32Mb L: 16/17 MS: 1 CopyPart-
#591	REDUCE cov: 84 ft: 181 corp: 46/480b lim: 17 exec/s: 0 rss: 32Mb L: 13/17 MS: 3 ShuffleBytes-InsertByte-EraseBytes-
#712	REDUCE cov: 84 ft: 182 corp: 47/494b lim: 17 exec/s: 0 rss: 32Mb L: 14/17 MS: 1 ChangeByte-
#718	REDUCE cov: 84 ft: 182 corp: 47/493b lim: 17 exec/s: 0 rss: 32Mb L: 12/17 MS: 1 EraseBytes-
#737	REDUCE cov: 85 ft: 183 corp: 48/507b lim: 17 exec/s: 0 rss: 32Mb L: 14/17 MS: 4 InsertByte-ChangeBinInt-InsertRepeatedBytes-ChangeByte-
#830	REDUCE cov: 87 ft: 185 corp: 49/514b lim: 17 exec/s: 0 rss: 32Mb L: 7/17 MS: 3 EraseBytes-ShuffleBytes-ChangeByte-
#832	NEW    cov: 88 ft: 186 corp: 50/528b lim: 17 exec/s: 0 rss: 32Mb L: 14/17 MS: 2 InsertRepeatedBytes-ChangeBit-
#835	NEW    cov: 88 ft: 189 corp: 51/545b lim: 17 exec/s: 0 rss: 32Mb L: 17/17 MS: 3 ChangeBit-CMP-CopyPart- DE: "\377\377\377\377"-
#881	NEW    cov: 88 ft: 191 corp: 52/550b lim: 17 exec/s: 0 rss: 32Mb L: 5/17 MS: 1 CopyPart-
#890	REDUCE cov: 88 ft: 191 corp: 52/548b lim: 17 exec/s: 0 rss: 32Mb L: 9/17 MS: 4 InsertRepeatedBytes-CopyPart-CrossOver-EraseBytes-
#922	NEW    cov: 88 ft: 193 corp: 53/553b lim: 17 exec/s: 0 rss: 32Mb L: 5/17 MS: 2 CrossOver-CopyPart-
#929	REDUCE cov: 88 ft: 193 corp: 53/552b lim: 17 exec/s: 0 rss: 32Mb L: 8/17 MS: 2 InsertRepeatedBytes-EraseBytes-
#960	REDUCE cov: 89 ft: 194 corp: 54/554b lim: 17 exec/s: 0 rss: 32Mb L: 2/17 MS: 1 CrossOver-
#983	REDUCE cov: 89 ft: 194 corp: 54/552b lim: 17 exec/s: 0 rss: 32Mb L: 3/17 MS: 3 PersAutoDict-ChangeBit-EraseBytes- DE: "\377\377\377\377"-
#994	REDUCE cov: 89 ft: 194 corp: 54/551b lim: 17 exec/s: 0 rss: 32Mb L: 2/17 MS: 1 EraseBytes-
#1015	REDUCE cov: 89 ft: 194 corp: 54/545b lim: 17 exec/s: 0 rss: 32Mb L: 9/17 MS: 1 EraseBytes-
#1066	REDUCE cov: 89 ft: 197 corp: 55/557b lim: 17 exec/s: 0 rss: 32Mb L: 12/17 MS: 1 CrossOver-
#1075	REDUCE cov: 89 ft: 197 corp: 55/555b lim: 17 exec/s: 0 rss: 32Mb L: 15/17 MS: 4 ChangeBinInt-ChangeByte-PersAutoDict-EraseBytes- DE: "\377\377\377\377"-
#1077	REDUCE cov: 89 ft: 197 corp: 55/552b lim: 17 exec/s: 0 rss: 32Mb L: 4/17 MS: 2 ChangeByte-CrossOver-
#1086	NEW    cov: 90 ft: 198 corp: 56/557b lim: 17 exec/s: 0 rss: 32Mb L: 5/17 MS: 4 ChangeBit-CopyPart-ChangeBit-CrossOver-
#1202	REDUCE cov: 90 ft: 198 corp: 56/554b lim: 17 exec/s: 0 rss: 33Mb L: 5/17 MS: 1 EraseBytes-
#1226	NEW    cov: 91 ft: 199 corp: 57/566b lim: 17 exec/s: 0 rss: 33Mb L: 12/17 MS: 4 EraseBytes-ChangeBinInt-CrossOver-ChangeByte-
#1245	REDUCE cov: 91 ft: 200 corp: 58/582b lim: 17 exec/s: 0 rss: 33Mb L: 16/17 MS: 4 PersAutoDict-ChangeBit-ChangeBinInt-InsertRepeatedBytes- DE: "\377\377\377\377"-
#1284	REDUCE cov: 91 ft: 200 corp: 58/581b lim: 17 exec/s: 0 rss: 33Mb L: 14/17 MS: 4 ChangeByte-ChangeByte-ShuffleBytes-CrossOver-
#1290	REDUCE cov: 91 ft: 200 corp: 58/577b lim: 17 exec/s: 0 rss: 33Mb L: 10/17 MS: 1 EraseBytes-
#1296	NEW    cov: 92 ft: 201 corp: 59/584b lim: 17 exec/s: 0 rss: 33Mb L: 7/17 MS: 1 ChangeByte-
#1334	REDUCE cov: 92 ft: 201 corp: 59/583b lim: 17 exec/s: 0 rss: 33Mb L: 15/17 MS: 3 ChangeBit-ShuffleBytes-EraseBytes-
#1335	REDUCE cov: 92 ft: 201 corp: 59/580b lim: 17 exec/s: 0 rss: 33Mb L: 10/17 MS: 1 EraseBytes-
#1409	REDUCE cov: 92 ft: 201 corp: 59/576b lim: 17 exec/s: 0 rss: 33Mb L: 6/17 MS: 4 CrossOver-ShuffleBytes-CopyPart-CrossOver-
#1432	REDUCE cov: 93 ft: 202 corp: 60/590b lim: 17 exec/s: 0 rss: 33Mb L: 14/17 MS: 3 CMP-ChangeBinInt-ChangeBinInt- DE: "\000\000\000\000"-
#1443	NEW    cov: 94 ft: 203 corp: 61/595b lim: 17 exec/s: 0 rss: 33Mb L: 5/17 MS: 1 ChangeByte-
#1454	REDUCE cov: 94 ft: 204 corp: 62/602b lim: 17 exec/s: 0 rss: 33Mb L: 7/17 MS: 1 EraseBytes-
#1456	REDUCE cov: 94 ft: 204 corp: 62/599b lim: 17 exec/s: 0 rss: 33Mb L: 11/17 MS: 2 ChangeBinInt-EraseBytes-
#1472	REDUCE cov: 94 ft: 206 corp: 63/609b lim: 17 exec/s: 0 rss: 33Mb L: 10/17 MS: 1 CopyPart-
#1503	REDUCE cov: 94 ft: 206 corp: 63/608b lim: 17 exec/s: 0 rss: 33Mb L: 12/17 MS: 1 EraseBytes-
#1521	REDUCE cov: 94 ft: 206 corp: 63/604b lim: 17 exec/s: 0 rss: 33Mb L: 11/17 MS: 3 CopyPart-ChangeByte-EraseBytes-
#1574	NEW    cov: 94 ft: 208 corp: 64/621b lim: 17 exec/s: 0 rss: 33Mb L: 17/17 MS: 3 CrossOver-CopyPart-CopyPart-
#1595	REDUCE cov: 94 ft: 208 corp: 64/618b lim: 17 exec/s: 0 rss: 33Mb L: 6/17 MS: 1 EraseBytes-
#1623	REDUCE cov: 94 ft: 208 corp: 64/616b lim: 17 exec/s: 0 rss: 33Mb L: 8/17 MS: 3 InsertByte-CopyPart-EraseBytes-
#1654	REDUCE cov: 94 ft: 208 corp: 64/615b lim: 17 exec/s: 0 rss: 33Mb L: 4/17 MS: 1 EraseBytes-
#1715	NEW    cov: 95 ft: 209 corp: 65/620b lim: 17 exec/s: 0 rss: 33Mb L: 5/17 MS: 1 ChangeBit-
#1722	NEW    cov: 96 ft: 211 corp: 66/634b lim: 17 exec/s: 0 rss: 33Mb L: 14/17 MS: 2 ChangeBit-ShuffleBytes-
#1768	REDUCE cov: 96 ft: 211 corp: 66/632b lim: 17 exec/s: 0 rss: 33Mb L: 5/17 MS: 1 EraseBytes-
#1791	REDUCE cov: 96 ft: 211 corp: 66/628b lim: 17 exec/s: 0 rss: 34Mb L: 8/17 MS: 3 ChangeASCIIInt-ChangeBit-EraseBytes-
#1814	REDUCE cov: 96 ft: 211 corp: 66/625b lim: 17 exec/s: 0 rss: 34Mb L: 12/17 MS: 3 ChangeBit-CMP-EraseBytes- DE: "\001\000"-
#1904	REDUCE cov: 96 ft: 211 corp: 66/620b lim: 17 exec/s: 0 rss: 34Mb L: 9/17 MS: 5 ChangeByte-InsertByte-CrossOver-EraseBytes-EraseBytes-
#1907	REDUCE cov: 96 ft: 211 corp: 66/617b lim: 17 exec/s: 0 rss: 34Mb L: 11/17 MS: 3 ChangeBit-ChangeByte-EraseBytes-
#1926	REDUCE cov: 96 ft: 211 corp: 66/616b lim: 17 exec/s: 0 rss: 34Mb L: 8/17 MS: 4 InsertRepeatedBytes-ChangeBit-EraseBytes-CrossOver-
#1957	REDUCE cov: 96 ft: 211 corp: 66/610b lim: 17 exec/s: 0 rss: 34Mb L: 8/17 MS: 1 EraseBytes-
#1970	REDUCE cov: 96 ft: 212 corp: 67/627b lim: 17 exec/s: 0 rss: 34Mb L: 17/17 MS: 3 CrossOver-ChangeBit-CopyPart-
#1976	REDUCE cov: 96 ft: 212 corp: 67/626b lim: 17 exec/s: 0 rss: 34Mb L: 4/17 MS: 1 EraseBytes-
#1980	REDUCE cov: 96 ft: 214 corp: 68/636b lim: 17 exec/s: 0 rss: 34Mb L: 10/17 MS: 4 ShuffleBytes-ChangeByte-CopyPart-CopyPart-
#1987	REDUCE cov: 96 ft: 214 corp: 68/635b lim: 17 exec/s: 0 rss: 34Mb L: 16/17 MS: 2 ShuffleBytes-EraseBytes-
#2011	REDUCE cov: 96 ft: 214 corp: 68/628b lim: 17 exec/s: 0 rss: 34Mb L: 7/17 MS: 4 ChangeBinInt-CrossOver-ChangeByte-EraseBytes-
#2208	NEW    cov: 97 ft: 215 corp: 69/637b lim: 17 exec/s: 0 rss: 34Mb L: 9/17 MS: 2 InsertRepeatedBytes-ChangeBinInt-
#2231	REDUCE cov: 97 ft: 215 corp: 69/636b lim: 17 exec/s: 0 rss: 34Mb L: 8/17 MS: 3 ShuffleBytes-ChangeBit-EraseBytes-
#2255	NEW    cov: 98 ft: 216 corp: 70/649b lim: 17 exec/s: 0 rss: 34Mb L: 13/17 MS: 4 ChangeByte-CopyPart-CopyPart-InsertRepeatedBytes-
#2256	REDUCE cov: 98 ft: 216 corp: 70/644b lim: 17 exec/s: 0 rss: 34Mb L: 11/17 MS: 1 EraseBytes-
#2313	NEW    cov: 98 ft: 217 corp: 71/652b lim: 17 exec/s: 0 rss: 34Mb L: 8/17 MS: 2 ChangeByte-CrossOver-
#2319	NEW    cov: 98 ft: 219 corp: 72/666b lim: 17 exec/s: 0 rss: 34Mb L: 14/17 MS: 1 CrossOver-
#2335	NEW    cov: 98 ft: 224 corp: 73/683b lim: 17 exec/s: 0 rss: 34Mb L: 17/17 MS: 1 CopyPart-
#2356	REDUCE cov: 98 ft: 224 corp: 73/682b lim: 17 exec/s: 0 rss: 34Mb L: 4/17 MS: 1 EraseBytes-
#2390	NEW    cov: 98 ft: 225 corp: 74/699b lim: 17 exec/s: 0 rss: 34Mb L: 17/17 MS: 4 CopyPart-CrossOver-ChangeByte-ChangeBit-
#2451	NEW    cov: 99 ft: 227 corp: 75/707b lim: 17 exec/s: 0 rss: 34Mb L: 8/17 MS: 1 CrossOver-
#2459	NEW    cov: 99 ft: 229 corp: 76/724b lim: 17 exec/s: 0 rss: 34Mb L: 17/17 MS: 3 PersAutoDict-ChangeBit-CopyPart- DE: "\000\000\000\000"-
#2600	REDUCE cov: 99 ft: 229 corp: 76/723b lim: 17 exec/s: 0 rss: 34Mb L: 12/17 MS: 1 EraseBytes-
#2657	REDUCE cov: 99 ft: 229 corp: 76/722b lim: 17 exec/s: 0 rss: 34Mb L: 9/17 MS: 2 ChangeByte-EraseBytes-
#2659	NEW    cov: 99 ft: 231 corp: 77/738b lim: 17 exec/s: 0 rss: 35Mb L: 16/17 MS: 2 InsertByte-CopyPart-
#2671	REDUCE cov: 99 ft: 231 corp: 77/737b lim: 17 exec/s: 0 rss: 35Mb L: 16/17 MS: 2 ChangeBit-EraseBytes-
#2675	REDUCE cov: 99 ft: 231 corp: 77/735b lim: 17 exec/s: 0 rss: 35Mb L: 14/17 MS: 4 CrossOver-ChangeByte-CrossOver-EraseBytes-
#2717	REDUCE cov: 99 ft: 231 corp: 77/734b lim: 17 exec/s: 0 rss: 35Mb L: 8/17 MS: 2 ShuffleBytes-EraseBytes-
#2718	NEW    cov: 99 ft: 237 corp: 78/749b lim: 17 exec/s: 0 rss: 35Mb L: 15/17 MS: 1 CrossOver-
#2725	REDUCE cov: 99 ft: 237 corp: 78/747b lim: 17 exec/s: 0 rss: 35Mb L: 6/17 MS: 2 CrossOver-EraseBytes-
#2742	REDUCE cov: 99 ft: 237 corp: 78/742b lim: 17 exec/s: 0 rss: 35Mb L: 6/17 MS: 2 CopyPart-EraseBytes-
#2804	REDUCE cov: 99 ft: 237 corp: 78/741b lim: 17 exec/s: 0 rss: 35Mb L: 9/17 MS: 2 EraseBytes-CopyPart-
#2860	REDUCE cov: 99 ft: 237 corp: 78/739b lim: 17 exec/s: 0 rss: 35Mb L: 7/17 MS: 1 EraseBytes-
#2896	REDUCE cov: 99 ft: 237 corp: 78/738b lim: 17 exec/s: 0 rss: 35Mb L: 6/17 MS: 1 EraseBytes-
#2899	REDUCE cov: 99 ft: 238 corp: 79/754b lim: 17 exec/s: 0 rss: 35Mb L: 16/17 MS: 3 ShuffleBytes-CopyPart-CrossOver-
#2974	REDUCE cov: 99 ft: 238 corp: 79/746b lim: 17 exec/s: 0 rss: 35Mb L: 3/17 MS: 5 CopyPart-InsertRepeatedBytes-ChangeBinInt-ShuffleBytes-CrossOver-
#3060	REDUCE cov: 99 ft: 238 corp: 79/743b lim: 17 exec/s: 0 rss: 35Mb L: 9/17 MS: 1 EraseBytes-
#3072	REDUCE cov: 99 ft: 238 corp: 79/740b lim: 17 exec/s: 0 rss: 35Mb L: 2/17 MS: 2 ChangeByte-CrossOver-
#3192	REDUCE cov: 99 ft: 238 corp: 79/737b lim: 17 exec/s: 0 rss: 35Mb L: 5/17 MS: 5 InsertRepeatedBytes-ChangeBit-ShuffleBytes-ChangeBinInt-CrossOver-
#3220	REDUCE cov: 99 ft: 238 corp: 79/736b lim: 17 exec/s: 0 rss: 35Mb L: 5/17 MS: 3 ChangeByte-ChangeBit-EraseBytes-
#3296	REDUCE cov: 99 ft: 238 corp: 79/731b lim: 17 exec/s: 0 rss: 35Mb L: 6/17 MS: 1 EraseBytes-
#3348	REDUCE cov: 99 ft: 240 corp: 80/748b lim: 17 exec/s: 0 rss: 35Mb L: 17/17 MS: 2 ChangeBit-InsertRepeatedBytes-
#3361	REDUCE cov: 99 ft: 240 corp: 80/747b lim: 17 exec/s: 0 rss: 35Mb L: 5/17 MS: 3 ChangeByte-CrossOver-EraseBytes-
#3371	REDUCE cov: 99 ft: 242 corp: 81/759b lim: 17 exec/s: 0 rss: 35Mb L: 12/17 MS: 5 ChangeBinInt-CrossOver-CopyPart-ChangeBit-CrossOver-
#3423	REDUCE cov: 99 ft: 242 corp: 81/753b lim: 17 exec/s: 0 rss: 35Mb L: 8/17 MS: 2 CrossOver-EraseBytes-
#3537	REDUCE cov: 99 ft: 242 corp: 81/750b lim: 17 exec/s: 0 rss: 35Mb L: 11/17 MS: 4 ChangeByte-ChangeBit-CrossOver-EraseBytes-
#3642	REDUCE cov: 99 ft: 244 corp: 82/765b lim: 17 exec/s: 0 rss: 35Mb L: 15/17 MS: 5 ChangeBinInt-CopyPart-CrossOver-EraseBytes-CrossOver-
#3648	REDUCE cov: 99 ft: 244 corp: 82/760b lim: 17 exec/s: 0 rss: 35Mb L: 9/17 MS: 1 EraseBytes-
#3714	NEW    cov: 100 ft: 249 corp: 83/773b lim: 17 exec/s: 0 rss: 36Mb L: 13/17 MS: 1 InsertRepeatedBytes-
#3720	REDUCE cov: 100 ft: 249 corp: 83/764b lim: 17 exec/s: 0 rss: 36Mb L: 8/17 MS: 1 CrossOver-
#3866	REDUCE cov: 100 ft: 249 corp: 83/756b lim: 17 exec/s: 0 rss: 36Mb L: 8/17 MS: 1 EraseBytes-
#3887	REDUCE cov: 100 ft: 251 corp: 84/764b lim: 17 exec/s: 0 rss: 36Mb L: 8/17 MS: 1 CopyPart-
#3968	NEW    cov: 100 ft: 253 corp: 85/772b lim: 17 exec/s: 0 rss: 36Mb L: 8/17 MS: 1 CrossOver-
#3994	REDUCE cov: 100 ft: 253 corp: 85/771b lim: 17 exec/s: 0 rss: 36Mb L: 1/17 MS: 1 EraseBytes-
#4015	REDUCE cov: 100 ft: 253 corp: 85/770b lim: 17 exec/s: 0 rss: 36Mb L: 8/17 MS: 1 EraseBytes-
#4023	REDUCE cov: 100 ft: 254 corp: 86/778b lim: 17 exec/s: 0 rss: 36Mb L: 8/17 MS: 3 ChangeByte-ChangeBinInt-InsertByte-
#4024	REDUCE cov: 100 ft: 254 corp: 86/775b lim: 17 exec/s: 0 rss: 36Mb L: 12/17 MS: 1 EraseBytes-
#4031	REDUCE cov: 100 ft: 256 corp: 87/780b lim: 17 exec/s: 0 rss: 36Mb L: 5/17 MS: 2 ShuffleBytes-CopyPart-
#4098	REDUCE cov: 100 ft: 256 corp: 87/779b lim: 17 exec/s: 0 rss: 36Mb L: 8/17 MS: 2 CrossOver-EraseBytes-
#4135	NEW    cov: 100 ft: 257 corp: 88/795b lim: 17 exec/s: 0 rss: 36Mb L: 16/17 MS: 2 ChangeBit-InsertByte-
#4183	REDUCE cov: 100 ft: 257 corp: 88/794b lim: 17 exec/s: 0 rss: 36Mb L: 8/17 MS: 3 CrossOver-ChangeBinInt-CrossOver-
#4274	REDUCE cov: 100 ft: 257 corp: 88/790b lim: 17 exec/s: 0 rss: 36Mb L: 13/17 MS: 1 EraseBytes-
#4326	NEW    cov: 100 ft: 258 corp: 89/807b lim: 17 exec/s: 0 rss: 36Mb L: 17/17 MS: 2 ShuffleBytes-CrossOver-
#4327	REDUCE cov: 100 ft: 258 corp: 89/806b lim: 17 exec/s: 0 rss: 36Mb L: 7/17 MS: 1 EraseBytes-
#4346	REDUCE cov: 100 ft: 258 corp: 89/804b lim: 17 exec/s: 0 rss: 36Mb L: 8/17 MS: 4 CopyPart-ShuffleBytes-ChangeBinInt-EraseBytes-
#4384	NEW    cov: 100 ft: 260 corp: 90/815b lim: 17 exec/s: 0 rss: 36Mb L: 11/17 MS: 3 ChangeByte-CopyPart-CopyPart-
#4426	REDUCE cov: 100 ft: 260 corp: 90/814b lim: 17 exec/s: 0 rss: 36Mb L: 9/17 MS: 2 InsertByte-EraseBytes-
#4447	NEW    cov: 100 ft: 262 corp: 91/827b lim: 17 exec/s: 0 rss: 36Mb L: 13/17 MS: 1 CopyPart-
#4468	REDUCE cov: 100 ft: 262 corp: 91/824b lim: 17 exec/s: 0 rss: 36Mb L: 4/17 MS: 1 EraseBytes-
#4469	REDUCE cov: 100 ft: 262 corp: 91/819b lim: 17 exec/s: 0 rss: 36Mb L: 12/17 MS: 1 EraseBytes-
#4509	NEW    cov: 100 ft: 263 corp: 92/828b lim: 17 exec/s: 0 rss: 36Mb L: 9/17 MS: 5 CrossOver-CrossOver-CopyPart-EraseBytes-CopyPart-
#4576	REDUCE cov: 101 ft: 265 corp: 93/835b lim: 17 exec/s: 0 rss: 36Mb L: 7/17 MS: 2 InsertRepeatedBytes-EraseBytes-
#4588	NEW    cov: 101 ft: 267 corp: 94/851b lim: 17 exec/s: 0 rss: 36Mb L: 16/17 MS: 2 ChangeBinInt-CopyPart-
#4640	REDUCE cov: 101 ft: 267 corp: 94/849b lim: 17 exec/s: 0 rss: 36Mb L: 6/17 MS: 2 ChangeByte-EraseBytes-
#4667	REDUCE cov: 101 ft: 267 corp: 94/847b lim: 17 exec/s: 0 rss: 36Mb L: 9/17 MS: 2 PersAutoDict-EraseBytes- DE: "\001\000"-
#4673	REDUCE cov: 101 ft: 267 corp: 94/845b lim: 17 exec/s: 0 rss: 36Mb L: 12/17 MS: 1 EraseBytes-
#4680	REDUCE cov: 101 ft: 267 corp: 94/844b lim: 17 exec/s: 0 rss: 36Mb L: 4/17 MS: 2 InsertByte-EraseBytes-
#4696	REDUCE cov: 101 ft: 267 corp: 94/843b lim: 17 exec/s: 0 rss: 36Mb L: 4/17 MS: 1 EraseBytes-
#4712	NEW    cov: 101 ft: 268 corp: 95/853b lim: 17 exec/s: 0 rss: 36Mb L: 10/17 MS: 1 CopyPart-
#4713	REDUCE cov: 101 ft: 268 corp: 95/851b lim: 17 exec/s: 0 rss: 36Mb L: 4/17 MS: 1 EraseBytes-
#4749	REDUCE cov: 101 ft: 268 corp: 95/846b lim: 17 exec/s: 0 rss: 36Mb L: 7/17 MS: 1 EraseBytes-
#4822	REDUCE cov: 101 ft: 268 corp: 95/845b lim: 17 exec/s: 0 rss: 36Mb L: 12/17 MS: 3 CopyPart-CrossOver-EraseBytes-
#4848	REDUCE cov: 101 ft: 268 corp: 95/844b lim: 17 exec/s: 0 rss: 36Mb L: 1/17 MS: 1 EraseBytes-
#4850	NEW    cov: 101 ft: 269 corp: 96/851b lim: 17 exec/s: 0 rss: 36Mb L: 7/17 MS: 2 ChangeBit-EraseBytes-
#4894	REDUCE cov: 101 ft: 271 corp: 97/861b lim: 17 exec/s: 0 rss: 37Mb L: 10/17 MS: 4 ShuffleBytes-InsertByte-ShuffleBytes-CopyPart-
#4896	REDUCE cov: 101 ft: 271 corp: 97/858b lim: 17 exec/s: 0 rss: 37Mb L: 9/17 MS: 2 InsertRepeatedBytes-CrossOver-
#4939	REDUCE cov: 101 ft: 271 corp: 97/853b lim: 17 exec/s: 0 rss: 37Mb L: 7/17 MS: 3 EraseBytes-EraseBytes-EraseBytes-
#4958	REDUCE cov: 101 ft: 271 corp: 97/845b lim: 17 exec/s: 0 rss: 37Mb L: 3/17 MS: 4 CrossOver-ChangeByte-CMP-CrossOver- DE: "\001\000"-
#5074	NEW    cov: 101 ft: 273 corp: 98/858b lim: 17 exec/s: 0 rss: 37Mb L: 13/17 MS: 1 CopyPart-
#5086	NEW    cov: 101 ft: 274 corp: 99/873b lim: 17 exec/s: 0 rss: 37Mb L: 15/17 MS: 2 CrossOver-ChangeByte-
#5162	REDUCE cov: 101 ft: 274 corp: 99/872b lim: 17 exec/s: 0 rss: 37Mb L: 9/17 MS: 1 EraseBytes-
#5269	REDUCE cov: 101 ft: 274 corp: 99/871b lim: 17 exec/s: 0 rss: 37Mb L: 8/17 MS: 2 CMP-EraseBytes- DE: "\377\377\377\377"-
#5335	REDUCE cov: 101 ft: 274 corp: 99/869b lim: 17 exec/s: 0 rss: 37Mb L: 5/17 MS: 1 EraseBytes-
#5461	REDUCE cov: 101 ft: 276 corp: 100/882b lim: 17 exec/s: 0 rss: 37Mb L: 13/17 MS: 1 CopyPart-
#5487	NEW    cov: 101 ft: 277 corp: 101/897b lim: 17 exec/s: 0 rss: 37Mb L: 15/17 MS: 1 CopyPart-
#5528	REDUCE cov: 101 ft: 277 corp: 101/896b lim: 17 exec/s: 0 rss: 37Mb L: 7/17 MS: 1 EraseBytes-
#5582	NEW    cov: 101 ft: 281 corp: 102/907b lim: 17 exec/s: 0 rss: 37Mb L: 11/17 MS: 4 ChangeByte-EraseBytes-CopyPart-CopyPart-
#5594	REDUCE cov: 101 ft: 282 corp: 103/924b lim: 17 exec/s: 0 rss: 37Mb L: 17/17 MS: 2 CopyPart-InsertRepeatedBytes-
#5605	REDUCE cov: 101 ft: 283 corp: 104/931b lim: 17 exec/s: 0 rss: 37Mb L: 7/17 MS: 1 ChangeBinInt-
#5741	NEW    cov: 101 ft: 284 corp: 105/944b lim: 17 exec/s: 0 rss: 37Mb L: 13/17 MS: 1 CopyPart-
#5767	REDUCE cov: 101 ft: 284 corp: 105/943b lim: 17 exec/s: 0 rss: 37Mb L: 6/17 MS: 1 EraseBytes-
#5788	NEW    cov: 101 ft: 285 corp: 106/955b lim: 17 exec/s: 0 rss: 37Mb L: 12/17 MS: 1 EraseBytes-
#5812	NEW    cov: 101 ft: 287 corp: 107/972b lim: 17 exec/s: 0 rss: 37Mb L: 17/17 MS: 4 ShuffleBytes-InsertByte-InsertByte-CopyPart-
#5834	REDUCE cov: 101 ft: 287 corp: 107/971b lim: 17 exec/s: 0 rss: 37Mb L: 16/17 MS: 2 CrossOver-EraseBytes-
#5835	REDUCE cov: 101 ft: 287 corp: 107/970b lim: 17 exec/s: 0 rss: 37Mb L: 13/17 MS: 1 EraseBytes-
#5851	REDUCE cov: 101 ft: 289 corp: 108/978b lim: 17 exec/s: 0 rss: 37Mb L: 8/17 MS: 1 CopyPart-
#5952	NEW    cov: 101 ft: 292 corp: 109/995b lim: 17 exec/s: 0 rss: 37Mb L: 17/17 MS: 1 CrossOver-
#6023	REDUCE cov: 101 ft: 292 corp: 109/994b lim: 17 exec/s: 0 rss: 37Mb L: 12/17 MS: 1 EraseBytes-
#6064	NEW    cov: 101 ft: 293 corp: 110/1009b lim: 17 exec/s: 0 rss: 37Mb L: 15/17 MS: 1 CMP- DE: "\001\000"-
#6110	REDUCE cov: 101 ft: 293 corp: 110/1006b lim: 17 exec/s: 0 rss: 37Mb L: 14/17 MS: 1 EraseBytes-
#6126	REDUCE cov: 101 ft: 293 corp: 110/1002b lim: 17 exec/s: 0 rss: 37Mb L: 11/17 MS: 1 CrossOver-
#6202	REDUCE cov: 101 ft: 294 corp: 111/1013b lim: 17 exec/s: 0 rss: 37Mb L: 11/17 MS: 1 CrossOver-
#6220	REDUCE cov: 101 ft: 294 corp: 111/1012b lim: 17 exec/s: 0 rss: 37Mb L: 11/17 MS: 3 ChangeBit-ChangeByte-CrossOver-
#6226	NEW    cov: 101 ft: 296 corp: 112/1020b lim: 17 exec/s: 0 rss: 37Mb L: 8/17 MS: 1 CopyPart-
#6263	REDUCE cov: 101 ft: 296 corp: 112/1019b lim: 17 exec/s: 0 rss: 37Mb L: 4/17 MS: 2 ChangeBit-EraseBytes-
#6279	REDUCE cov: 101 ft: 296 corp: 112/1015b lim: 17 exec/s: 0 rss: 37Mb L: 12/17 MS: 1 EraseBytes-
#6336	REDUCE cov: 101 ft: 297 corp: 113/1027b lim: 17 exec/s: 0 rss: 37Mb L: 12/17 MS: 2 ChangeBinInt-CopyPart-
#6363	REDUCE cov: 101 ft: 297 corp: 113/1025b lim: 17 exec/s: 0 rss: 37Mb L: 2/17 MS: 2 ShuffleBytes-EraseBytes-
#6395	NEW    cov: 101 ft: 298 corp: 114/1042b lim: 17 exec/s: 0 rss: 37Mb L: 17/17 MS: 2 CopyPart-CopyPart-
#6416	NEW    cov: 101 ft: 300 corp: 115/1058b lim: 17 exec/s: 0 rss: 37Mb L: 16/17 MS: 1 CrossOver-
#6422	REDUCE cov: 101 ft: 300 corp: 115/1056b lim: 17 exec/s: 0 rss: 37Mb L: 7/17 MS: 1 EraseBytes-
#6423	REDUCE cov: 101 ft: 300 corp: 115/1050b lim: 17 exec/s: 0 rss: 38Mb L: 11/17 MS: 1 EraseBytes-
#6428	REDUCE cov: 101 ft: 301 corp: 116/1067b lim: 17 exec/s: 0 rss: 38Mb L: 17/17 MS: 5 InsertByte-CrossOver-ChangeBinInt-InsertByte-CrossOver-
#6484	NEW    cov: 101 ft: 302 corp: 117/1083b lim: 17 exec/s: 0 rss: 38Mb L: 16/17 MS: 1 CrossOver-
#6634	NEW    cov: 101 ft: 303 corp: 118/1100b lim: 17 exec/s: 0 rss: 38Mb L: 17/17 MS: 5 ChangeBinInt-ChangeByte-CrossOver-ShuffleBytes-CopyPart-
#6695	REDUCE cov: 101 ft: 303 corp: 118/1095b lim: 17 exec/s: 0 rss: 38Mb L: 7/17 MS: 1 EraseBytes-
#6751	REDUCE cov: 101 ft: 305 corp: 119/1111b lim: 17 exec/s: 0 rss: 38Mb L: 16/17 MS: 1 InsertRepeatedBytes-
#6792	REDUCE cov: 101 ft: 305 corp: 119/1109b lim: 17 exec/s: 0 rss: 38Mb L: 13/17 MS: 1 EraseBytes-
#6889	NEW    cov: 101 ft: 306 corp: 120/1126b lim: 17 exec/s: 0 rss: 38Mb L: 17/17 MS: 2 CopyPart-CrossOver-
#6892	REDUCE cov: 101 ft: 306 corp: 120/1122b lim: 17 exec/s: 0 rss: 38Mb L: 9/17 MS: 3 CopyPart-ChangeBit-EraseBytes-
#6898	REDUCE cov: 101 ft: 306 corp: 120/1116b lim: 17 exec/s: 0 rss: 38Mb L: 11/17 MS: 1 EraseBytes-
#6925	REDUCE cov: 101 ft: 306 corp: 120/1112b lim: 17 exec/s: 0 rss: 38Mb L: 12/17 MS: 2 ChangeByte-EraseBytes-
#6926	REDUCE cov: 101 ft: 306 corp: 120/1111b lim: 17 exec/s: 0 rss: 38Mb L: 5/17 MS: 1 EraseBytes-
#6953	REDUCE cov: 101 ft: 306 corp: 120/1106b lim: 17 exec/s: 0 rss: 38Mb L: 5/17 MS: 2 ChangeBinInt-EraseBytes-
#7002	REDUCE cov: 101 ft: 307 corp: 121/1113b lim: 17 exec/s: 0 rss: 38Mb L: 7/17 MS: 4 ChangeByte-ChangeByte-CopyPart-ChangeBit-
#7066	REDUCE cov: 101 ft: 308 corp: 122/1119b lim: 17 exec/s: 0 rss: 38Mb L: 6/17 MS: 4 ShuffleBytes-CrossOver-EraseBytes-CopyPart-
#7102	REDUCE cov: 101 ft: 308 corp: 122/1118b lim: 17 exec/s: 0 rss: 38Mb L: 10/17 MS: 1 EraseBytes-
#7128	REDUCE cov: 101 ft: 310 corp: 123/1127b lim: 17 exec/s: 0 rss: 38Mb L: 9/17 MS: 1 CopyPart-
#7149	REDUCE cov: 101 ft: 310 corp: 123/1125b lim: 17 exec/s: 0 rss: 38Mb L: 2/17 MS: 1 EraseBytes-
#7150	REDUCE cov: 101 ft: 310 corp: 123/1124b lim: 17 exec/s: 0 rss: 38Mb L: 6/17 MS: 1 EraseBytes-
#7196	REDUCE cov: 101 ft: 311 corp: 124/1131b lim: 17 exec/s: 0 rss: 38Mb L: 7/17 MS: 1 ChangeByte-
#7219	REDUCE cov: 101 ft: 311 corp: 124/1130b lim: 17 exec/s: 0 rss: 38Mb L: 10/17 MS: 3 CrossOver-InsertByte-EraseBytes-
#7243	REDUCE cov: 101 ft: 311 corp: 124/1125b lim: 17 exec/s: 0 rss: 38Mb L: 5/17 MS: 4 CopyPart-ChangeBit-ShuffleBytes-CrossOver-
#7269	REDUCE cov: 101 ft: 311 corp: 124/1124b lim: 17 exec/s: 0 rss: 38Mb L: 15/17 MS: 1 EraseBytes-
#7430	REDUCE cov: 101 ft: 311 corp: 124/1121b lim: 17 exec/s: 0 rss: 38Mb L: 11/17 MS: 1 EraseBytes-
#7441	REDUCE cov: 101 ft: 311 corp: 124/1119b lim: 17 exec/s: 0 rss: 38Mb L: 15/17 MS: 1 EraseBytes-
#7477	REDUCE cov: 101 ft: 311 corp: 124/1116b lim: 17 exec/s: 0 rss: 38Mb L: 6/17 MS: 1 EraseBytes-
#7524	REDUCE cov: 101 ft: 311 corp: 124/1111b lim: 17 exec/s: 0 rss: 38Mb L: 8/17 MS: 2 CrossOver-EraseBytes-
#7525	REDUCE cov: 101 ft: 311 corp: 124/1108b lim: 17 exec/s: 0 rss: 38Mb L: 8/17 MS: 1 EraseBytes-
#7550	REDUCE cov: 101 ft: 313 corp: 125/1120b lim: 17 exec/s: 0 rss: 38Mb L: 12/17 MS: 5 InsertByte-ShuffleBytes-ChangeBinInt-CMP-CopyPart- DE: "\001\000"-
#7593	REDUCE cov: 101 ft: 313 corp: 125/1119b lim: 17 exec/s: 0 rss: 38Mb L: 3/17 MS: 3 CopyPart-ChangeByte-EraseBytes-
#7785	REDUCE cov: 101 ft: 313 corp: 125/1116b lim: 17 exec/s: 0 rss: 38Mb L: 14/17 MS: 2 ShuffleBytes-EraseBytes-
#7813	REDUCE cov: 101 ft: 313 corp: 125/1115b lim: 17 exec/s: 0 rss: 38Mb L: 9/17 MS: 3 ShuffleBytes-ChangeBit-EraseBytes-
#7968	REDUCE cov: 101 ft: 314 corp: 126/1124b lim: 17 exec/s: 0 rss: 38Mb L: 9/17 MS: 5 CMP-CopyPart-EraseBytes-CrossOver-EraseBytes- DE: "\377\377"-
#8059	REDUCE cov: 101 ft: 314 corp: 126/1122b lim: 17 exec/s: 0 rss: 38Mb L: 10/17 MS: 1 EraseBytes-
#8061	NEW    cov: 101 ft: 315 corp: 127/1139b lim: 17 exec/s: 0 rss: 38Mb L: 17/17 MS: 2 CrossOver-ChangeBinInt-
#8074	REDUCE cov: 101 ft: 317 corp: 128/1151b lim: 17 exec/s: 0 rss: 39Mb L: 12/17 MS: 3 InsertByte-InsertRepeatedBytes-EraseBytes-
#8140	REDUCE cov: 101 ft: 317 corp: 128/1150b lim: 17 exec/s: 0 rss: 39Mb L: 4/17 MS: 1 EraseBytes-
#8143	NEW    cov: 101 ft: 318 corp: 129/1159b lim: 17 exec/s: 0 rss: 39Mb L: 9/17 MS: 3 PersAutoDict-EraseBytes-CopyPart- DE: "\001\000"-
#8191	REDUCE cov: 101 ft: 319 corp: 130/1169b lim: 17 exec/s: 0 rss: 39Mb L: 10/17 MS: 3 ChangeByte-InsertByte-EraseBytes-
#8235	NEW    cov: 101 ft: 320 corp: 131/1186b lim: 17 exec/s: 0 rss: 39Mb L: 17/17 MS: 4 ChangeBit-PersAutoDict-InsertByte-CrossOver- DE: "\001\000"-
#8242	REDUCE cov: 101 ft: 320 corp: 131/1182b lim: 17 exec/s: 0 rss: 39Mb L: 12/17 MS: 2 CopyPart-EraseBytes-
#8253	REDUCE cov: 101 ft: 320 corp: 131/1181b lim: 17 exec/s: 0 rss: 39Mb L: 3/17 MS: 1 EraseBytes-
#8256	REDUCE cov: 101 ft: 320 corp: 131/1176b lim: 17 exec/s: 0 rss: 39Mb L: 4/17 MS: 3 PersAutoDict-EraseBytes-EraseBytes- DE: "\377\377\377\377"-
#8447	REDUCE cov: 101 ft: 320 corp: 131/1168b lim: 17 exec/s: 0 rss: 39Mb L: 8/17 MS: 1 EraseBytes-
#8477	REDUCE cov: 101 ft: 320 corp: 131/1165b lim: 17 exec/s: 0 rss: 39Mb L: 3/17 MS: 5 ChangeByte-ChangeByte-CrossOver-ChangeBit-EraseBytes-
#8543	REDUCE cov: 101 ft: 320 corp: 131/1163b lim: 17 exec/s: 0 rss: 39Mb L: 9/17 MS: 1 EraseBytes-
#8582	REDUCE cov: 101 ft: 321 corp: 132/1169b lim: 17 exec/s: 0 rss: 39Mb L: 6/17 MS: 4 CopyPart-InsertByte-EraseBytes-EraseBytes-
#8665	REDUCE cov: 101 ft: 323 corp: 133/1183b lim: 17 exec/s: 0 rss: 39Mb L: 14/17 MS: 3 ShuffleBytes-EraseBytes-InsertRepeatedBytes-
#8678	REDUCE cov: 101 ft: 323 corp: 133/1179b lim: 17 exec/s: 0 rss: 39Mb L: 11/17 MS: 3 CrossOver-EraseBytes-CopyPart-
#8689	REDUCE cov: 101 ft: 323 corp: 133/1177b lim: 17 exec/s: 0 rss: 39Mb L: 2/17 MS: 1 EraseBytes-
#8730	REDUCE cov: 101 ft: 323 corp: 133/1176b lim: 17 exec/s: 0 rss: 39Mb L: 12/17 MS: 1 EraseBytes-
#8766	REDUCE cov: 101 ft: 323 corp: 133/1175b lim: 17 exec/s: 0 rss: 39Mb L: 3/17 MS: 1 EraseBytes-
#8878	REDUCE cov: 101 ft: 323 corp: 133/1173b lim: 17 exec/s: 0 rss: 39Mb L: 5/17 MS: 2 ChangeBit-EraseBytes-
#9014	REDUCE cov: 101 ft: 323 corp: 133/1170b lim: 17 exec/s: 0 rss: 39Mb L: 4/17 MS: 1 EraseBytes-
#9146	REDUCE cov: 101 ft: 323 corp: 133/1161b lim: 17 exec/s: 0 rss: 39Mb L: 7/17 MS: 2 ShuffleBytes-CrossOver-
#9434	REDUCE cov: 101 ft: 325 corp: 134/1173b lim: 17 exec/s: 0 rss: 39Mb L: 12/17 MS: 3 CopyPart-CopyPart-CopyPart-
#9435	REDUCE cov: 101 ft: 325 corp: 134/1172b lim: 17 exec/s: 0 rss: 39Mb L: 11/17 MS: 1 EraseBytes-
#9436	REDUCE cov: 101 ft: 325 corp: 134/1171b lim: 17 exec/s: 0 rss: 39Mb L: 4/17 MS: 1 EraseBytes-
#9487	REDUCE cov: 101 ft: 327 corp: 135/1185b lim: 17 exec/s: 0 rss: 39Mb L: 14/17 MS: 1 CopyPart-
#9529	REDUCE cov: 101 ft: 327 corp: 135/1184b lim: 17 exec/s: 0 rss: 39Mb L: 3/17 MS: 2 ShuffleBytes-EraseBytes-
#9545	REDUCE cov: 101 ft: 329 corp: 136/1191b lim: 17 exec/s: 0 rss: 39Mb L: 7/17 MS: 1 EraseBytes-
#9686	REDUCE cov: 101 ft: 329 corp: 136/1189b lim: 17 exec/s: 0 rss: 39Mb L: 10/17 MS: 1 EraseBytes-
#9773	REDUCE cov: 101 ft: 329 corp: 136/1188b lim: 17 exec/s: 0 rss: 39Mb L: 5/17 MS: 2 ShuffleBytes-EraseBytes-
#9784	REDUCE cov: 101 ft: 329 corp: 136/1186b lim: 17 exec/s: 0 rss: 40Mb L: 10/17 MS: 1 EraseBytes-
#9786	REDUCE cov: 101 ft: 329 corp: 136/1185b lim: 17 exec/s: 0 rss: 40Mb L: 4/17 MS: 2 CopyPart-EraseBytes-
#9802	NEW    cov: 101 ft: 330 corp: 137/1194b lim: 17 exec/s: 0 rss: 40Mb L: 9/17 MS: 1 CrossOver-
#9833	NEW    cov: 101 ft: 334 corp: 138/1209b lim: 17 exec/s: 0 rss: 40Mb L: 15/17 MS: 1 CopyPart-
#9877	NEW    cov: 101 ft: 336 corp: 139/1219b lim: 17 exec/s: 0 rss: 40Mb L: 10/17 MS: 4 ShuffleBytes-EraseBytes-ChangeBit-InsertRepeatedBytes-
#9888	REDUCE cov: 101 ft: 336 corp: 139/1218b lim: 17 exec/s: 0 rss: 40Mb L: 13/17 MS: 1 EraseBytes-
#10085	REDUCE cov: 101 ft: 336 corp: 139/1214b lim: 17 exec/s: 0 rss: 40Mb L: 10/17 MS: 2 ShuffleBytes-CrossOver-
#10156	REDUCE cov: 101 ft: 336 corp: 139/1212b lim: 17 exec/s: 0 rss: 40Mb L: 2/17 MS: 1 EraseBytes-
#10202	REDUCE cov: 101 ft: 336 corp: 139/1211b lim: 17 exec/s: 0 rss: 40Mb L: 11/17 MS: 1 EraseBytes-
#10259	REDUCE cov: 101 ft: 337 corp: 140/1226b lim: 17 exec/s: 0 rss: 40Mb L: 15/17 MS: 2 ChangeByte-InsertByte-
#10260	REDUCE cov: 101 ft: 337 corp: 140/1225b lim: 17 exec/s: 0 rss: 40Mb L: 6/17 MS: 1 EraseBytes-
#10285	REDUCE cov: 101 ft: 337 corp: 140/1224b lim: 17 exec/s: 0 rss: 40Mb L: 2/17 MS: 5 CrossOver-ShuffleBytes-PersAutoDict-ChangeByte-EraseBytes- DE: "\001\000"-
#10397	REDUCE cov: 101 ft: 337 corp: 140/1222b lim: 17 exec/s: 0 rss: 40Mb L: 6/17 MS: 2 ChangeBinInt-EraseBytes-
#10470	REDUCE cov: 101 ft: 337 corp: 140/1221b lim: 17 exec/s: 0 rss: 40Mb L: 16/17 MS: 3 ShuffleBytes-ChangeBit-EraseBytes-
#10490	REDUCE cov: 101 ft: 337 corp: 140/1219b lim: 17 exec/s: 0 rss: 40Mb L: 7/17 MS: 5 ChangeBinInt-PersAutoDict-ChangeBit-ShuffleBytes-EraseBytes- DE: "\377\377\377\377"-
#10636	REDUCE cov: 101 ft: 337 corp: 140/1217b lim: 17 exec/s: 0 rss: 40Mb L: 6/17 MS: 1 EraseBytes-
#10639	NEW    cov: 101 ft: 338 corp: 141/1234b lim: 17 exec/s: 0 rss: 40Mb L: 17/17 MS: 3 ChangeBinInt-ChangeBinInt-CopyPart-
#10710	REDUCE cov: 101 ft: 338 corp: 141/1232b lim: 17 exec/s: 0 rss: 40Mb L: 7/17 MS: 1 EraseBytes-
#10742	REDUCE cov: 101 ft: 338 corp: 141/1231b lim: 17 exec/s: 0 rss: 40Mb L: 8/17 MS: 2 ChangeBit-EraseBytes-
#11104	REDUCE cov: 101 ft: 338 corp: 141/1229b lim: 17 exec/s: 0 rss: 40Mb L: 13/17 MS: 2 ChangeByte-EraseBytes-
#11120	REDUCE cov: 101 ft: 338 corp: 141/1227b lim: 17 exec/s: 0 rss: 40Mb L: 3/17 MS: 1 EraseBytes-
#11362	NEW    cov: 101 ft: 339 corp: 142/1236b lim: 17 exec/s: 0 rss: 40Mb L: 9/17 MS: 2 ChangeBit-CrossOver-
#11559	REDUCE cov: 101 ft: 340 corp: 143/1252b lim: 17 exec/s: 0 rss: 40Mb L: 16/17 MS: 2 ChangeByte-InsertRepeatedBytes-
#11580	REDUCE cov: 101 ft: 340 corp: 143/1251b lim: 17 exec/s: 0 rss: 40Mb L: 6/17 MS: 1 EraseBytes-
#11692	REDUCE cov: 101 ft: 340 corp: 143/1250b lim: 17 exec/s: 0 rss: 40Mb L: 7/17 MS: 2 ChangeBit-EraseBytes-
#11699	REDUCE cov: 101 ft: 340 corp: 143/1245b lim: 17 exec/s: 0 rss: 40Mb L: 5/17 MS: 2 ChangeBit-EraseBytes-
#11710	REDUCE cov: 101 ft: 340 corp: 143/1243b lim: 17 exec/s: 0 rss: 40Mb L: 7/17 MS: 1 EraseBytes-
#11836	REDUCE cov: 101 ft: 340 corp: 143/1241b lim: 17 exec/s: 0 rss: 40Mb L: 5/17 MS: 1 EraseBytes-
#11940	REDUCE cov: 101 ft: 340 corp: 143/1234b lim: 17 exec/s: 0 rss: 40Mb L: 9/17 MS: 4 PersAutoDict-ChangeByte-CopyPart-EraseBytes- DE: "\000\000\000\000"-
#11951	REDUCE cov: 101 ft: 340 corp: 143/1232b lim: 17 exec/s: 0 rss: 41Mb L: 5/17 MS: 1 EraseBytes-
#11992	REDUCE cov: 101 ft: 340 corp: 143/1231b lim: 17 exec/s: 0 rss: 41Mb L: 3/17 MS: 1 EraseBytes-
#12073	REDUCE cov: 101 ft: 340 corp: 143/1227b lim: 17 exec/s: 0 rss: 41Mb L: 5/17 MS: 1 EraseBytes-
#12077	REDUCE cov: 101 ft: 340 corp: 143/1221b lim: 17 exec/s: 0 rss: 41Mb L: 7/17 MS: 4 CrossOver-EraseBytes-ChangeBit-EraseBytes-
#12184	REDUCE cov: 101 ft: 340 corp: 143/1216b lim: 17 exec/s: 0 rss: 41Mb L: 12/17 MS: 2 ChangeBit-EraseBytes-
#12401	REDUCE cov: 101 ft: 340 corp: 143/1214b lim: 17 exec/s: 0 rss: 41Mb L: 10/17 MS: 2 CopyPart-EraseBytes-
#12412	REDUCE cov: 101 ft: 340 corp: 143/1213b lim: 17 exec/s: 0 rss: 41Mb L: 4/17 MS: 1 EraseBytes-
#12508	REDUCE cov: 101 ft: 340 corp: 143/1211b lim: 17 exec/s: 0 rss: 41Mb L: 4/17 MS: 1 EraseBytes-
#12559	REDUCE cov: 101 ft: 340 corp: 143/1210b lim: 17 exec/s: 0 rss: 41Mb L: 7/17 MS: 1 EraseBytes-
#12619	REDUCE cov: 101 ft: 340 corp: 143/1206b lim: 17 exec/s: 0 rss: 41Mb L: 6/17 MS: 5 ChangeBinInt-CopyPart-ShuffleBytes-ChangeByte-EraseBytes-
#12686	REDUCE cov: 101 ft: 340 corp: 143/1204b lim: 17 exec/s: 0 rss: 41Mb L: 9/17 MS: 2 InsertRepeatedBytes-CrossOver-
#12726	REDUCE cov: 101 ft: 340 corp: 143/1198b lim: 17 exec/s: 0 rss: 41Mb L: 9/17 MS: 5 ChangeBit-ChangeBinInt-ShuffleBytes-ShuffleBytes-EraseBytes-
#12748	REDUCE cov: 101 ft: 340 corp: 143/1194b lim: 17 exec/s: 0 rss: 41Mb L: 7/17 MS: 2 ChangeBit-EraseBytes-
#12754	REDUCE cov: 101 ft: 340 corp: 143/1193b lim: 17 exec/s: 0 rss: 41Mb L: 4/17 MS: 1 EraseBytes-
#12989	REDUCE cov: 101 ft: 340 corp: 143/1192b lim: 17 exec/s: 0 rss: 41Mb L: 6/17 MS: 5 CopyPart-InsertByte-ChangeBinInt-CrossOver-EraseBytes-
#13176	REDUCE cov: 101 ft: 340 corp: 143/1190b lim: 17 exec/s: 0 rss: 41Mb L: 4/17 MS: 2 ChangeByte-EraseBytes-
#13194	REDUCE cov: 101 ft: 340 corp: 143/1189b lim: 17 exec/s: 0 rss: 41Mb L: 8/17 MS: 3 CopyPart-CopyPart-EraseBytes-
#13205	REDUCE cov: 101 ft: 340 corp: 143/1187b lim: 17 exec/s: 0 rss: 41Mb L: 3/17 MS: 1 EraseBytes-
#13269	REDUCE cov: 101 ft: 340 corp: 143/1184b lim: 17 exec/s: 0 rss: 41Mb L: 7/17 MS: 4 InsertByte-CrossOver-EraseBytes-EraseBytes-
#13385	REDUCE cov: 101 ft: 340 corp: 143/1182b lim: 17 exec/s: 0 rss: 41Mb L: 15/17 MS: 1 EraseBytes-
#13571	REDUCE cov: 101 ft: 340 corp: 143/1179b lim: 17 exec/s: 0 rss: 41Mb L: 5/17 MS: 1 EraseBytes-
#13572	REDUCE cov: 101 ft: 340 corp: 143/1175b lim: 17 exec/s: 0 rss: 41Mb L: 13/17 MS: 1 EraseBytes-
#13685	NEW    cov: 101 ft: 342 corp: 144/1191b lim: 17 exec/s: 0 rss: 41Mb L: 16/17 MS: 3 ChangeByte-ChangeBit-CopyPart-
#13801	REDUCE cov: 101 ft: 342 corp: 144/1189b lim: 17 exec/s: 0 rss: 41Mb L: 9/17 MS: 1 EraseBytes-
#13854	REDUCE cov: 101 ft: 342 corp: 144/1187b lim: 17 exec/s: 0 rss: 42Mb L: 6/17 MS: 3 InsertByte-ChangeBinInt-EraseBytes-
#13865	REDUCE cov: 101 ft: 342 corp: 144/1184b lim: 17 exec/s: 0 rss: 42Mb L: 5/17 MS: 1 EraseBytes-
#13971	REDUCE cov: 101 ft: 342 corp: 144/1183b lim: 17 exec/s: 0 rss: 42Mb L: 4/17 MS: 1 EraseBytes-
#14075	REDUCE cov: 101 ft: 343 corp: 145/1193b lim: 17 exec/s: 0 rss: 42Mb L: 10/17 MS: 4 CrossOver-ShuffleBytes-InsertByte-CopyPart-
#14101	REDUCE cov: 101 ft: 344 corp: 146/1210b lim: 17 exec/s: 0 rss: 42Mb L: 17/17 MS: 1 CrossOver-
#14127	REDUCE cov: 101 ft: 344 corp: 146/1208b lim: 17 exec/s: 0 rss: 42Mb L: 3/17 MS: 1 EraseBytes-
#14168	REDUCE cov: 101 ft: 344 corp: 146/1206b lim: 17 exec/s: 0 rss: 42Mb L: 5/17 MS: 1 EraseBytes-
#14359	REDUCE cov: 101 ft: 345 corp: 147/1216b lim: 17 exec/s: 0 rss: 42Mb L: 10/17 MS: 1 CMP- DE: "\001\000\000\000"-
#14370	REDUCE cov: 101 ft: 347 corp: 148/1228b lim: 17 exec/s: 0 rss: 42Mb L: 12/17 MS: 1 CopyPart-
#14431	REDUCE cov: 101 ft: 347 corp: 148/1227b lim: 17 exec/s: 0 rss: 42Mb L: 6/17 MS: 1 EraseBytes-
#14444	REDUCE cov: 101 ft: 347 corp: 148/1225b lim: 17 exec/s: 0 rss: 42Mb L: 13/17 MS: 3 PersAutoDict-InsertByte-EraseBytes- DE: "\000\000\000\000\000\000\000\007"-
#14581	REDUCE cov: 101 ft: 347 corp: 148/1224b lim: 17 exec/s: 0 rss: 42Mb L: 4/17 MS: 2 ShuffleBytes-EraseBytes-
#14637	REDUCE cov: 101 ft: 347 corp: 148/1223b lim: 17 exec/s: 0 rss: 42Mb L: 5/17 MS: 1 EraseBytes-
#14758	REDUCE cov: 101 ft: 348 corp: 149/1226b lim: 17 exec/s: 0 rss: 42Mb L: 3/17 MS: 1 CopyPart-
#14812	REDUCE cov: 101 ft: 348 corp: 149/1224b lim: 17 exec/s: 0 rss: 42Mb L: 3/17 MS: 4 ChangeBinInt-ShuffleBytes-CrossOver-EraseBytes-
#14888	REDUCE cov: 101 ft: 348 corp: 149/1223b lim: 17 exec/s: 0 rss: 42Mb L: 12/17 MS: 1 EraseBytes-
#14904	REDUCE cov: 101 ft: 348 corp: 149/1222b lim: 17 exec/s: 0 rss: 42Mb L: 2/17 MS: 1 EraseBytes-
#15032	REDUCE cov: 101 ft: 349 corp: 150/1239b lim: 17 exec/s: 0 rss: 42Mb L: 17/17 MS: 3 InsertRepeatedBytes-ShuffleBytes-CopyPart-
#15033	REDUCE cov: 101 ft: 349 corp: 150/1238b lim: 17 exec/s: 0 rss: 42Mb L: 11/17 MS: 1 EraseBytes-
#15086	REDUCE cov: 101 ft: 349 corp: 150/1236b lim: 17 exec/s: 0 rss: 42Mb L: 1/17 MS: 3 InsertByte-ChangeByte-CrossOver-
#15097	REDUCE cov: 101 ft: 349 corp: 150/1234b lim: 17 exec/s: 0 rss: 42Mb L: 2/17 MS: 1 EraseBytes-
#15098	REDUCE cov: 101 ft: 349 corp: 150/1233b lim: 17 exec/s: 0 rss: 42Mb L: 3/17 MS: 1 EraseBytes-
#15279	REDUCE cov: 101 ft: 349 corp: 150/1232b lim: 17 exec/s: 0 rss: 42Mb L: 12/17 MS: 1 EraseBytes-
#15375	REDUCE cov: 101 ft: 350 corp: 151/1249b lim: 17 exec/s: 0 rss: 42Mb L: 17/17 MS: 1 InsertRepeatedBytes-
#15396	REDUCE cov: 101 ft: 350 corp: 151/1248b lim: 17 exec/s: 0 rss: 42Mb L: 2/17 MS: 1 EraseBytes-
#15595	REDUCE cov: 101 ft: 350 corp: 151/1245b lim: 17 exec/s: 0 rss: 42Mb L: 13/17 MS: 4 ChangeByte-ChangeByte-CrossOver-EraseBytes-
#15681	REDUCE cov: 101 ft: 350 corp: 151/1244b lim: 17 exec/s: 0 rss: 42Mb L: 8/17 MS: 1 EraseBytes-
#15733	REDUCE cov: 101 ft: 350 corp: 151/1242b lim: 17 exec/s: 0 rss: 43Mb L: 3/17 MS: 2 ShuffleBytes-CrossOver-
#15920	REDUCE cov: 101 ft: 350 corp: 151/1241b lim: 17 exec/s: 0 rss: 43Mb L: 9/17 MS: 2 ShuffleBytes-EraseBytes-
#15936	REDUCE cov: 101 ft: 350 corp: 151/1239b lim: 17 exec/s: 0 rss: 43Mb L: 8/17 MS: 1 EraseBytes-
#16014	REDUCE cov: 101 ft: 350 corp: 151/1234b lim: 17 exec/s: 0 rss: 43Mb L: 7/17 MS: 3 ChangeBinInt-ChangeBinInt-EraseBytes-
#16321	REDUCE cov: 101 ft: 350 corp: 151/1233b lim: 17 exec/s: 0 rss: 43Mb L: 16/17 MS: 2 ShuffleBytes-CrossOver-
#16347	REDUCE cov: 101 ft: 350 corp: 151/1230b lim: 17 exec/s: 0 rss: 43Mb L: 4/17 MS: 1 EraseBytes-
#16393	REDUCE cov: 101 ft: 350 corp: 151/1229b lim: 17 exec/s: 0 rss: 43Mb L: 9/17 MS: 1 EraseBytes-
#16460	REDUCE cov: 101 ft: 350 corp: 151/1228b lim: 17 exec/s: 0 rss: 43Mb L: 9/17 MS: 2 ShuffleBytes-EraseBytes-
#16472	REDUCE cov: 101 ft: 350 corp: 151/1226b lim: 17 exec/s: 0 rss: 43Mb L: 10/17 MS: 2 ChangeByte-EraseBytes-
#16483	REDUCE cov: 101 ft: 350 corp: 151/1225b lim: 17 exec/s: 0 rss: 43Mb L: 1/17 MS: 1 EraseBytes-
#16684	REDUCE cov: 101 ft: 350 corp: 151/1224b lim: 17 exec/s: 0 rss: 43Mb L: 6/17 MS: 1 EraseBytes-
#16756	REDUCE cov: 101 ft: 350 corp: 151/1223b lim: 17 exec/s: 0 rss: 43Mb L: 10/17 MS: 2 ShuffleBytes-EraseBytes-
#16883	REDUCE cov: 101 ft: 350 corp: 151/1222b lim: 17 exec/s: 0 rss: 43Mb L: 2/17 MS: 2 CopyPart-EraseBytes-
#16894	REDUCE cov: 101 ft: 350 corp: 151/1219b lim: 17 exec/s: 0 rss: 43Mb L: 4/17 MS: 1 EraseBytes-
#17314	REDUCE cov: 101 ft: 350 corp: 151/1218b lim: 21 exec/s: 0 rss: 43Mb L: 3/17 MS: 5 ShuffleBytes-CopyPart-ChangeByte-ChangeByte-EraseBytes-
#17315	REDUCE cov: 101 ft: 350 corp: 151/1217b lim: 21 exec/s: 0 rss: 43Mb L: 10/17 MS: 1 EraseBytes-
#17441	REDUCE cov: 101 ft: 350 corp: 151/1216b lim: 21 exec/s: 0 rss: 43Mb L: 9/17 MS: 1 EraseBytes-
#17587	REDUCE cov: 101 ft: 350 corp: 151/1215b lim: 21 exec/s: 0 rss: 43Mb L: 4/17 MS: 1 EraseBytes-
#17605	REDUCE cov: 101 ft: 350 corp: 151/1214b lim: 21 exec/s: 0 rss: 43Mb L: 3/17 MS: 3 InsertByte-ShuffleBytes-EraseBytes-
#17666	REDUCE cov: 101 ft: 350 corp: 151/1212b lim: 21 exec/s: 0 rss: 43Mb L: 15/17 MS: 1 EraseBytes-
#17827	REDUCE cov: 101 ft: 350 corp: 151/1211b lim: 21 exec/s: 0 rss: 43Mb L: 4/17 MS: 1 EraseBytes-
#17935	REDUCE cov: 101 ft: 350 corp: 151/1209b lim: 21 exec/s: 0 rss: 43Mb L: 4/17 MS: 3 CopyPart-ChangeBinInt-EraseBytes-
#17961	REDUCE cov: 101 ft: 350 corp: 151/1205b lim: 21 exec/s: 0 rss: 43Mb L: 5/17 MS: 1 EraseBytes-
#18007	REDUCE cov: 101 ft: 350 corp: 151/1202b lim: 21 exec/s: 0 rss: 43Mb L: 6/17 MS: 1 EraseBytes-
#18043	REDUCE cov: 101 ft: 350 corp: 151/1201b lim: 21 exec/s: 0 rss: 43Mb L: 10/17 MS: 1 EraseBytes-
#18130	REDUCE cov: 101 ft: 350 corp: 151/1200b lim: 21 exec/s: 0 rss: 43Mb L: 1/17 MS: 2 ChangeByte-EraseBytes-
#18203	REDUCE cov: 101 ft: 350 corp: 151/1199b lim: 21 exec/s: 0 rss: 43Mb L: 3/17 MS: 3 InsertByte-ChangeBit-EraseBytes-
#18264	REDUCE cov: 101 ft: 350 corp: 151/1198b lim: 21 exec/s: 0 rss: 43Mb L: 2/17 MS: 1 EraseBytes-
#18281	REDUCE cov: 101 ft: 350 corp: 151/1196b lim: 21 exec/s: 0 rss: 43Mb L: 10/17 MS: 2 ChangeBinInt-EraseBytes-
#18387	REDUCE cov: 101 ft: 350 corp: 151/1195b lim: 21 exec/s: 0 rss: 44Mb L: 2/17 MS: 1 EraseBytes-
#18479	REDUCE cov: 101 ft: 350 corp: 151/1194b lim: 21 exec/s: 0 rss: 44Mb L: 4/17 MS: 2 ShuffleBytes-EraseBytes-
#18501	REDUCE cov: 101 ft: 350 corp: 151/1193b lim: 21 exec/s: 0 rss: 44Mb L: 9/17 MS: 2 InsertByte-EraseBytes-
#18502	REDUCE cov: 101 ft: 350 corp: 151/1192b lim: 21 exec/s: 0 rss: 44Mb L: 1/17 MS: 1 EraseBytes-
#18663	REDUCE cov: 101 ft: 350 corp: 151/1191b lim: 21 exec/s: 0 rss: 44Mb L: 13/17 MS: 1 EraseBytes-
#18715	REDUCE cov: 101 ft: 352 corp: 152/1210b lim: 21 exec/s: 0 rss: 44Mb L: 19/19 MS: 2 CopyPart-CopyPart-
#18746	REDUCE cov: 101 ft: 352 corp: 152/1208b lim: 21 exec/s: 0 rss: 44Mb L: 13/19 MS: 1 EraseBytes-
#18928	REDUCE cov: 101 ft: 352 corp: 152/1206b lim: 21 exec/s: 0 rss: 44Mb L: 6/19 MS: 2 ChangeBit-EraseBytes-
#18939	REDUCE cov: 101 ft: 352 corp: 152/1205b lim: 21 exec/s: 0 rss: 44Mb L: 12/19 MS: 1 EraseBytes-
#19090	REDUCE cov: 101 ft: 352 corp: 152/1202b lim: 21 exec/s: 0 rss: 44Mb L: 6/19 MS: 1 EraseBytes-
#19104	REDUCE cov: 101 ft: 352 corp: 152/1201b lim: 21 exec/s: 0 rss: 44Mb L: 8/19 MS: 4 CrossOver-InsertRepeatedBytes-ChangeByte-EraseBytes-
#19275	REDUCE cov: 101 ft: 354 corp: 153/1217b lim: 21 exec/s: 0 rss: 44Mb L: 16/19 MS: 1 InsertRepeatedBytes-
#19286	REDUCE cov: 101 ft: 354 corp: 153/1215b lim: 21 exec/s: 0 rss: 44Mb L: 12/19 MS: 1 CrossOver-
#19287	REDUCE cov: 101 ft: 354 corp: 153/1210b lim: 21 exec/s: 0 rss: 44Mb L: 10/19 MS: 1 EraseBytes-
#19303	REDUCE cov: 101 ft: 355 corp: 154/1225b lim: 21 exec/s: 0 rss: 44Mb L: 15/19 MS: 1 InsertRepeatedBytes-
#19430	REDUCE cov: 101 ft: 357 corp: 155/1246b lim: 21 exec/s: 0 rss: 44Mb L: 21/21 MS: 2 CopyPart-CopyPart-
#19456	REDUCE cov: 101 ft: 357 corp: 155/1244b lim: 21 exec/s: 0 rss: 44Mb L: 4/21 MS: 1 EraseBytes-
#19692	REDUCE cov: 101 ft: 357 corp: 155/1243b lim: 21 exec/s: 0 rss: 44Mb L: 1/21 MS: 1 EraseBytes-
#19734	REDUCE cov: 101 ft: 357 corp: 155/1242b lim: 21 exec/s: 0 rss: 44Mb L: 12/21 MS: 2 ChangeByte-EraseBytes-
#19876	REDUCE cov: 101 ft: 357 corp: 155/1240b lim: 21 exec/s: 0 rss: 44Mb L: 8/21 MS: 2 ChangeBit-EraseBytes-
#20157	REDUCE cov: 101 ft: 357 corp: 155/1239b lim: 21 exec/s: 0 rss: 44Mb L: 15/21 MS: 1 EraseBytes-
#20160	NEW    cov: 101 ft: 359 corp: 156/1258b lim: 21 exec/s: 0 rss: 44Mb L: 19/21 MS: 3 InsertRepeatedBytes-ChangeBinInt-InsertByte-
#20230	REDUCE cov: 101 ft: 359 corp: 156/1254b lim: 21 exec/s: 0 rss: 44Mb L: 11/21 MS: 5 ShuffleBytes-ChangeBinInt-CrossOver-EraseBytes-EraseBytes-
#20296	REDUCE cov: 101 ft: 360 corp: 157/1269b lim: 21 exec/s: 0 rss: 44Mb L: 15/21 MS: 1 InsertRepeatedBytes-
#20299	REDUCE cov: 101 ft: 361 corp: 158/1290b lim: 21 exec/s: 0 rss: 44Mb L: 21/21 MS: 3 ShuffleBytes-ShuffleBytes-InsertRepeatedBytes-
#20343	REDUCE cov: 101 ft: 361 corp: 158/1289b lim: 21 exec/s: 0 rss: 44Mb L: 8/21 MS: 4 ChangeBinInt-ChangeByte-InsertByte-EraseBytes-
#20459	REDUCE cov: 101 ft: 361 corp: 158/1288b lim: 21 exec/s: 0 rss: 44Mb L: 5/21 MS: 1 EraseBytes-
#20580	NEW    cov: 101 ft: 362 corp: 159/1309b lim: 21 exec/s: 0 rss: 44Mb L: 21/21 MS: 1 ChangeByte-
#20693	REDUCE cov: 101 ft: 362 corp: 159/1308b lim: 21 exec/s: 0 rss: 45Mb L: 4/21 MS: 3 ChangeBit-PersAutoDict-EraseBytes- DE: "\377\377"-
#20719	REDUCE cov: 101 ft: 362 corp: 159/1306b lim: 21 exec/s: 0 rss: 45Mb L: 3/21 MS: 1 EraseBytes-
#21040	NEW    cov: 101 ft: 363 corp: 160/1327b lim: 21 exec/s: 0 rss: 45Mb L: 21/21 MS: 1 CopyPart-
#21335	REDUCE cov: 101 ft: 363 corp: 160/1321b lim: 21 exec/s: 0 rss: 45Mb L: 7/21 MS: 5 CopyPart-PersAutoDict-EraseBytes-ChangeBinInt-EraseBytes- DE: "\001\000"-
#21446	REDUCE cov: 101 ft: 363 corp: 160/1315b lim: 21 exec/s: 0 rss: 45Mb L: 7/21 MS: 1 EraseBytes-
#21578	REDUCE cov: 101 ft: 363 corp: 160/1309b lim: 21 exec/s: 0 rss: 45Mb L: 15/21 MS: 2 CopyPart-EraseBytes-
#21586	REDUCE cov: 101 ft: 363 corp: 160/1308b lim: 21 exec/s: 0 rss: 45Mb L: 8/21 MS: 3 CrossOver-ChangeByte-EraseBytes-
#21968	REDUCE cov: 101 ft: 363 corp: 160/1306b lim: 21 exec/s: 0 rss: 45Mb L: 3/21 MS: 2 ChangeByte-EraseBytes-
#22009	REDUCE cov: 101 ft: 363 corp: 160/1305b lim: 21 exec/s: 0 rss: 45Mb L: 7/21 MS: 1 EraseBytes-
#22105	REDUCE cov: 101 ft: 363 corp: 160/1304b lim: 21 exec/s: 0 rss: 45Mb L: 2/21 MS: 1 EraseBytes-
#22217	REDUCE cov: 101 ft: 363 corp: 160/1298b lim: 21 exec/s: 0 rss: 45Mb L: 15/21 MS: 2 ShuffleBytes-EraseBytes-
#22466	REDUCE cov: 101 ft: 363 corp: 160/1296b lim: 21 exec/s: 0 rss: 45Mb L: 19/21 MS: 4 CopyPart-ShuffleBytes-CopyPart-EraseBytes-
#22707	REDUCE cov: 101 ft: 363 corp: 160/1292b lim: 21 exec/s: 0 rss: 45Mb L: 9/21 MS: 1 EraseBytes-
#22778	REDUCE cov: 101 ft: 363 corp: 160/1291b lim: 21 exec/s: 0 rss: 45Mb L: 11/21 MS: 1 EraseBytes-
#22810	REDUCE cov: 101 ft: 363 corp: 160/1290b lim: 21 exec/s: 0 rss: 45Mb L: 5/21 MS: 2 ChangeBit-EraseBytes-
#22832	REDUCE cov: 101 ft: 363 corp: 160/1289b lim: 21 exec/s: 0 rss: 45Mb L: 11/21 MS: 2 InsertByte-EraseBytes-
#22953	REDUCE cov: 101 ft: 363 corp: 160/1288b lim: 21 exec/s: 0 rss: 45Mb L: 3/21 MS: 1 EraseBytes-
#23164	REDUCE cov: 101 ft: 365 corp: 161/1307b lim: 21 exec/s: 0 rss: 45Mb L: 19/21 MS: 1 InsertRepeatedBytes-
#23210	REDUCE cov: 101 ft: 365 corp: 161/1303b lim: 21 exec/s: 0 rss: 45Mb L: 6/21 MS: 1 EraseBytes-
#23331	REDUCE cov: 101 ft: 365 corp: 161/1302b lim: 21 exec/s: 0 rss: 45Mb L: 2/21 MS: 1 EraseBytes-
#23777	REDUCE cov: 101 ft: 365 corp: 161/1300b lim: 25 exec/s: 0 rss: 45Mb L: 5/21 MS: 1 EraseBytes-
#24045	REDUCE cov: 101 ft: 365 corp: 161/1299b lim: 25 exec/s: 0 rss: 45Mb L: 20/20 MS: 3 ShuffleBytes-ChangeByte-EraseBytes-
#24226	REDUCE cov: 101 ft: 365 corp: 161/1297b lim: 25 exec/s: 0 rss: 45Mb L: 6/20 MS: 1 EraseBytes-
#24227	REDUCE cov: 101 ft: 365 corp: 161/1296b lim: 25 exec/s: 0 rss: 45Mb L: 6/20 MS: 1 EraseBytes-
#24283	REDUCE cov: 101 ft: 367 corp: 162/1321b lim: 25 exec/s: 0 rss: 45Mb L: 25/25 MS: 1 InsertRepeatedBytes-
#24293	REDUCE cov: 101 ft: 367 corp: 162/1318b lim: 25 exec/s: 0 rss: 46Mb L: 8/25 MS: 5 ShuffleBytes-InsertRepeatedBytes-ChangeBinInt-CrossOver-CrossOver-
#24431	REDUCE cov: 101 ft: 367 corp: 162/1314b lim: 25 exec/s: 0 rss: 46Mb L: 11/25 MS: 3 CopyPart-CrossOver-EraseBytes-
#24502	REDUCE cov: 101 ft: 369 corp: 163/1339b lim: 25 exec/s: 0 rss: 46Mb L: 25/25 MS: 1 CopyPart-
#24516	REDUCE cov: 101 ft: 369 corp: 163/1336b lim: 25 exec/s: 0 rss: 46Mb L: 22/25 MS: 4 ChangeByte-ChangeASCIIInt-ChangeASCIIInt-EraseBytes-
#24527	NEW    cov: 101 ft: 371 corp: 164/1353b lim: 25 exec/s: 0 rss: 46Mb L: 17/25 MS: 1 EraseBytes-
#24668	REDUCE cov: 101 ft: 371 corp: 164/1347b lim: 25 exec/s: 0 rss: 46Mb L: 11/25 MS: 1 EraseBytes-
#24870	REDUCE cov: 101 ft: 371 corp: 164/1346b lim: 25 exec/s: 0 rss: 46Mb L: 21/25 MS: 2 InsertByte-EraseBytes-
#24932	REDUCE cov: 101 ft: 374 corp: 165/1364b lim: 25 exec/s: 0 rss: 46Mb L: 18/25 MS: 2 ChangeByte-InsertRepeatedBytes-
#24948	REDUCE cov: 101 ft: 374 corp: 165/1361b lim: 25 exec/s: 0 rss: 46Mb L: 5/25 MS: 1 EraseBytes-
#25361	REDUCE cov: 101 ft: 374 corp: 165/1360b lim: 29 exec/s: 0 rss: 46Mb L: 4/25 MS: 3 ShuffleBytes-ShuffleBytes-EraseBytes-
#25592	REDUCE cov: 101 ft: 374 corp: 165/1358b lim: 29 exec/s: 0 rss: 46Mb L: 3/25 MS: 1 EraseBytes-
#25720	REDUCE cov: 101 ft: 374 corp: 165/1353b lim: 29 exec/s: 0 rss: 46Mb L: 14/25 MS: 3 ChangeBit-ShuffleBytes-EraseBytes-
#25736	REDUCE cov: 101 ft: 374 corp: 165/1351b lim: 29 exec/s: 0 rss: 46Mb L: 17/25 MS: 1 CrossOver-
#25948	REDUCE cov: 101 ft: 374 corp: 165/1350b lim: 29 exec/s: 0 rss: 46Mb L: 1/25 MS: 2 ChangeByte-EraseBytes-
#26014	REDUCE cov: 101 ft: 374 corp: 165/1349b lim: 29 exec/s: 0 rss: 46Mb L: 1/25 MS: 1 EraseBytes-
#26265	REDUCE cov: 101 ft: 374 corp: 165/1347b lim: 29 exec/s: 0 rss: 46Mb L: 9/25 MS: 1 EraseBytes-
#26456	REDUCE cov: 101 ft: 374 corp: 165/1346b lim: 29 exec/s: 0 rss: 46Mb L: 4/25 MS: 1 EraseBytes-
#26479	NEW    cov: 101 ft: 375 corp: 166/1368b lim: 29 exec/s: 0 rss: 46Mb L: 22/25 MS: 3 CopyPart-EraseBytes-PersAutoDict- DE: "\001\000\000\000"-
#26540	REDUCE cov: 101 ft: 375 corp: 166/1367b lim: 29 exec/s: 0 rss: 46Mb L: 6/25 MS: 1 EraseBytes-
#26631	REDUCE cov: 101 ft: 375 corp: 166/1365b lim: 29 exec/s: 0 rss: 46Mb L: 4/25 MS: 1 EraseBytes-
#26642	REDUCE cov: 101 ft: 375 corp: 166/1364b lim: 29 exec/s: 0 rss: 46Mb L: 7/25 MS: 1 EraseBytes-
#26788	REDUCE cov: 101 ft: 375 corp: 166/1363b lim: 29 exec/s: 0 rss: 47Mb L: 3/25 MS: 1 EraseBytes-
#26814	REDUCE cov: 101 ft: 375 corp: 166/1362b lim: 29 exec/s: 0 rss: 47Mb L: 5/25 MS: 1 EraseBytes-
#26910	REDUCE cov: 101 ft: 375 corp: 166/1360b lim: 29 exec/s: 0 rss: 47Mb L: 9/25 MS: 1 EraseBytes-
#27058	NEW    cov: 101 ft: 378 corp: 167/1384b lim: 29 exec/s: 0 rss: 47Mb L: 24/25 MS: 3 CopyPart-CopyPart-CrossOver-
#27349	REDUCE cov: 101 ft: 378 corp: 167/1379b lim: 29 exec/s: 0 rss: 47Mb L: 6/25 MS: 1 EraseBytes-
#27476	REDUCE cov: 101 ft: 378 corp: 167/1377b lim: 29 exec/s: 0 rss: 47Mb L: 9/25 MS: 2 CopyPart-EraseBytes-
#27480	REDUCE cov: 101 ft: 379 corp: 168/1405b lim: 29 exec/s: 0 rss: 47Mb L: 28/28 MS: 4 ChangeBit-CopyPart-CopyPart-CopyPart-
#27871	REDUCE cov: 101 ft: 379 corp: 168/1404b lim: 29 exec/s: 0 rss: 47Mb L: 3/28 MS: 1 EraseBytes-
#27872	REDUCE cov: 101 ft: 379 corp: 168/1400b lim: 29 exec/s: 0 rss: 47Mb L: 15/28 MS: 1 CrossOver-
#27940	REDUCE cov: 101 ft: 379 corp: 168/1398b lim: 29 exec/s: 0 rss: 47Mb L: 4/28 MS: 3 InsertByte-CopyPart-EraseBytes-
#28056	REDUCE cov: 101 ft: 379 corp: 168/1397b lim: 29 exec/s: 0 rss: 47Mb L: 2/28 MS: 1 EraseBytes-
#28078	REDUCE cov: 101 ft: 379 corp: 168/1395b lim: 29 exec/s: 0 rss: 47Mb L: 9/28 MS: 2 CopyPart-EraseBytes-
#28142	REDUCE cov: 101 ft: 379 corp: 168/1394b lim: 29 exec/s: 0 rss: 47Mb L: 2/28 MS: 4 ChangeBit-InsertRepeatedBytes-CrossOver-CopyPart-
#28611	NEW    cov: 101 ft: 380 corp: 169/1427b lim: 33 exec/s: 0 rss: 47Mb L: 33/33 MS: 4 InsertRepeatedBytes-ShuffleBytes-CopyPart-InsertRepeatedBytes-
#28632	REDUCE cov: 101 ft: 380 corp: 169/1426b lim: 33 exec/s: 0 rss: 47Mb L: 2/33 MS: 1 EraseBytes-
#28683	REDUCE cov: 101 ft: 380 corp: 169/1424b lim: 33 exec/s: 0 rss: 47Mb L: 10/33 MS: 1 EraseBytes-
#28694	REDUCE cov: 101 ft: 380 corp: 169/1422b lim: 33 exec/s: 0 rss: 47Mb L: 15/33 MS: 1 EraseBytes-
#28708	NEW    cov: 101 ft: 381 corp: 170/1455b lim: 33 exec/s: 0 rss: 47Mb L: 33/33 MS: 4 InsertRepeatedBytes-ChangeBinInt-CopyPart-InsertByte-
#29175	NEW    cov: 101 ft: 382 corp: 171/1469b lim: 33 exec/s: 0 rss: 47Mb L: 14/33 MS: 2 ChangeBinInt-EraseBytes-
#29326	REDUCE cov: 101 ft: 382 corp: 171/1468b lim: 33 exec/s: 0 rss: 47Mb L: 10/33 MS: 1 EraseBytes-
#29337	REDUCE cov: 101 ft: 382 corp: 171/1467b lim: 33 exec/s: 0 rss: 47Mb L: 1/33 MS: 1 EraseBytes-
#29565	REDUCE cov: 101 ft: 382 corp: 171/1463b lim: 33 exec/s: 0 rss: 47Mb L: 5/33 MS: 3 ChangeBit-InsertByte-EraseBytes-
#29611	REDUCE cov: 101 ft: 382 corp: 171/1459b lim: 33 exec/s: 0 rss: 47Mb L: 11/33 MS: 1 EraseBytes-
#29753	REDUCE cov: 101 ft: 382 corp: 171/1458b lim: 33 exec/s: 0 rss: 47Mb L: 4/33 MS: 2 ChangeBit-EraseBytes-
#29809	REDUCE cov: 101 ft: 383 corp: 172/1469b lim: 33 exec/s: 0 rss: 47Mb L: 11/33 MS: 1 CrossOver-
#29951	REDUCE cov: 101 ft: 383 corp: 172/1466b lim: 33 exec/s: 0 rss: 47Mb L: 3/33 MS: 2 CopyPart-EraseBytes-
#29993	REDUCE cov: 101 ft: 383 corp: 172/1465b lim: 33 exec/s: 0 rss: 48Mb L: 2/33 MS: 2 ChangeByte-EraseBytes-
#30052	REDUCE cov: 101 ft: 383 corp: 172/1464b lim: 33 exec/s: 0 rss: 48Mb L: 2/33 MS: 4 ShuffleBytes-ShuffleBytes-CrossOver-EraseBytes-
#30063	REDUCE cov: 101 ft: 383 corp: 172/1463b lim: 33 exec/s: 0 rss: 48Mb L: 23/33 MS: 1 EraseBytes-
#30114	REDUCE cov: 101 ft: 383 corp: 172/1462b lim: 33 exec/s: 0 rss: 48Mb L: 9/33 MS: 1 EraseBytes-
#30652	REDUCE cov: 101 ft: 384 corp: 173/1495b lim: 38 exec/s: 0 rss: 48Mb L: 33/33 MS: 3 ChangeByte-ChangeByte-InsertRepeatedBytes-
#30703	REDUCE cov: 101 ft: 388 corp: 174/1527b lim: 38 exec/s: 0 rss: 48Mb L: 32/33 MS: 1 InsertRepeatedBytes-
#30710	REDUCE cov: 101 ft: 388 corp: 174/1526b lim: 38 exec/s: 0 rss: 48Mb L: 1/33 MS: 2 CopyPart-EraseBytes-
#30791	REDUCE cov: 101 ft: 388 corp: 174/1523b lim: 38 exec/s: 0 rss: 48Mb L: 6/33 MS: 1 EraseBytes-
#30893	REDUCE cov: 101 ft: 388 corp: 174/1522b lim: 38 exec/s: 0 rss: 48Mb L: 32/33 MS: 2 ChangeBit-EraseBytes-
#30909	NEW    cov: 101 ft: 391 corp: 175/1555b lim: 38 exec/s: 0 rss: 48Mb L: 33/33 MS: 1 InsertByte-
#30940	REDUCE cov: 101 ft: 391 corp: 175/1552b lim: 38 exec/s: 0 rss: 48Mb L: 25/33 MS: 1 EraseBytes-
#31221	REDUCE cov: 101 ft: 391 corp: 175/1551b lim: 38 exec/s: 0 rss: 48Mb L: 5/33 MS: 1 EraseBytes-
#31324	REDUCE cov: 101 ft: 391 corp: 175/1550b lim: 38 exec/s: 0 rss: 48Mb L: 3/33 MS: 3 ChangeBit-PersAutoDict-EraseBytes- DE: "\001\000"-
#31410	REDUCE cov: 101 ft: 391 corp: 175/1548b lim: 38 exec/s: 0 rss: 48Mb L: 23/33 MS: 1 EraseBytes-
#31551	REDUCE cov: 101 ft: 391 corp: 175/1547b lim: 38 exec/s: 0 rss: 48Mb L: 3/33 MS: 1 EraseBytes-
#31713	REDUCE cov: 101 ft: 391 corp: 175/1545b lim: 38 exec/s: 0 rss: 48Mb L: 8/33 MS: 2 ShuffleBytes-EraseBytes-
#32334	REDUCE cov: 101 ft: 391 corp: 175/1543b lim: 43 exec/s: 0 rss: 48Mb L: 6/33 MS: 1 EraseBytes-
#32340	REDUCE cov: 101 ft: 391 corp: 175/1542b lim: 43 exec/s: 0 rss: 48Mb L: 8/33 MS: 1 EraseBytes-
#32451	REDUCE cov: 101 ft: 391 corp: 175/1539b lim: 43 exec/s: 0 rss: 48Mb L: 14/33 MS: 1 EraseBytes-
#32646	REDUCE cov: 101 ft: 393 corp: 176/1578b lim: 43 exec/s: 0 rss: 48Mb L: 39/39 MS: 5 PersAutoDict-ChangeByte-PersAutoDict-InsertRepeatedBytes-CopyPart- DE: "\001\000"-"\000\000\000\000"-
#32802	NEW    cov: 101 ft: 394 corp: 177/1602b lim: 43 exec/s: 0 rss: 48Mb L: 24/39 MS: 1 CopyPart-
#32974	NEW    cov: 101 ft: 396 corp: 178/1643b lim: 43 exec/s: 0 rss: 49Mb L: 41/41 MS: 2 CrossOver-CopyPart-
#33162	REDUCE cov: 101 ft: 396 corp: 178/1641b lim: 43 exec/s: 0 rss: 49Mb L: 4/41 MS: 3 ShuffleBytes-ChangeBit-EraseBytes-
#33278	REDUCE cov: 101 ft: 398 corp: 179/1684b lim: 43 exec/s: 0 rss: 49Mb L: 43/43 MS: 1 InsertRepeatedBytes-
#33394	REDUCE cov: 101 ft: 400 corp: 180/1696b lim: 43 exec/s: 0 rss: 49Mb L: 12/43 MS: 1 CopyPart-
#33435	REDUCE cov: 101 ft: 400 corp: 180/1695b lim: 43 exec/s: 0 rss: 49Mb L: 2/43 MS: 1 EraseBytes-
#33508	REDUCE cov: 101 ft: 400 corp: 180/1692b lim: 43 exec/s: 0 rss: 49Mb L: 9/43 MS: 3 PersAutoDict-EraseBytes-CrossOver- DE: "\377\377\377\377"-
#33549	REDUCE cov: 101 ft: 400 corp: 180/1691b lim: 43 exec/s: 0 rss: 49Mb L: 2/43 MS: 1 EraseBytes-
#33670	REDUCE cov: 101 ft: 400 corp: 180/1688b lim: 43 exec/s: 0 rss: 49Mb L: 6/43 MS: 1 EraseBytes-
#33674	REDUCE cov: 101 ft: 400 corp: 180/1683b lim: 43 exec/s: 0 rss: 49Mb L: 17/43 MS: 4 ShuffleBytes-CrossOver-InsertRepeatedBytes-CrossOver-
#33802	REDUCE cov: 101 ft: 401 corp: 181/1695b lim: 43 exec/s: 0 rss: 49Mb L: 12/43 MS: 3 CopyPart-ChangeByte-CopyPart-
#34003	REDUCE cov: 101 ft: 402 corp: 182/1716b lim: 43 exec/s: 0 rss: 49Mb L: 21/43 MS: 1 CrossOver-
#34024	REDUCE cov: 101 ft: 402 corp: 182/1714b lim: 43 exec/s: 0 rss: 49Mb L: 4/43 MS: 1 EraseBytes-
#34047	REDUCE cov: 101 ft: 402 corp: 182/1713b lim: 43 exec/s: 0 rss: 49Mb L: 38/43 MS: 3 InsertRepeatedBytes-CopyPart-EraseBytes-
#34203	NEW    cov: 101 ft: 404 corp: 183/1742b lim: 43 exec/s: 0 rss: 49Mb L: 29/43 MS: 1 CopyPart-
#34539	REDUCE cov: 101 ft: 404 corp: 183/1738b lim: 43 exec/s: 0 rss: 49Mb L: 39/41 MS: 1 EraseBytes-
#34601	REDUCE cov: 101 ft: 405 corp: 184/1776b lim: 43 exec/s: 0 rss: 49Mb L: 38/41 MS: 2 CrossOver-CrossOver-
#34717	REDUCE cov: 101 ft: 405 corp: 184/1773b lim: 43 exec/s: 0 rss: 49Mb L: 13/41 MS: 1 EraseBytes-
#35174	REDUCE cov: 101 ft: 405 corp: 184/1772b lim: 43 exec/s: 0 rss: 49Mb L: 24/41 MS: 2 ShuffleBytes-EraseBytes-
#35255	REDUCE cov: 101 ft: 405 corp: 184/1771b lim: 43 exec/s: 0 rss: 49Mb L: 9/41 MS: 1 EraseBytes-
#35282	REDUCE cov: 101 ft: 407 corp: 185/1789b lim: 43 exec/s: 0 rss: 49Mb L: 18/41 MS: 2 ChangeBinInt-InsertRepeatedBytes-
#35299	REDUCE cov: 101 ft: 407 corp: 185/1788b lim: 43 exec/s: 0 rss: 49Mb L: 2/41 MS: 2 ChangeBit-EraseBytes-
#35300	REDUCE cov: 101 ft: 407 corp: 185/1785b lim: 43 exec/s: 0 rss: 49Mb L: 6/41 MS: 1 EraseBytes-
#35726	REDUCE cov: 101 ft: 407 corp: 185/1777b lim: 43 exec/s: 0 rss: 50Mb L: 30/41 MS: 1 EraseBytes-
#35793	REDUCE cov: 101 ft: 407 corp: 185/1776b lim: 43 exec/s: 0 rss: 50Mb L: 3/41 MS: 2 ShuffleBytes-EraseBytes-
#35909	REDUCE cov: 101 ft: 407 corp: 185/1775b lim: 43 exec/s: 0 rss: 50Mb L: 9/41 MS: 1 EraseBytes-
#36375	REDUCE cov: 101 ft: 407 corp: 185/1774b lim: 43 exec/s: 0 rss: 50Mb L: 3/41 MS: 1 EraseBytes-
#36433	NEW    cov: 101 ft: 409 corp: 186/1807b lim: 43 exec/s: 0 rss: 50Mb L: 33/41 MS: 3 ChangeByte-ChangeByte-CrossOver-
#36459	REDUCE cov: 101 ft: 409 corp: 186/1806b lim: 43 exec/s: 0 rss: 50Mb L: 3/41 MS: 1 EraseBytes-
#36500	REDUCE cov: 101 ft: 409 corp: 186/1803b lim: 43 exec/s: 0 rss: 50Mb L: 7/41 MS: 1 EraseBytes-
#36577	REDUCE cov: 101 ft: 409 corp: 186/1802b lim: 43 exec/s: 0 rss: 50Mb L: 11/41 MS: 2 ChangeByte-EraseBytes-
#36648	REDUCE cov: 101 ft: 409 corp: 186/1798b lim: 43 exec/s: 0 rss: 50Mb L: 26/41 MS: 1 EraseBytes-
#36908	NEW    cov: 101 ft: 410 corp: 187/1840b lim: 43 exec/s: 0 rss: 50Mb L: 42/42 MS: 5 ShuffleBytes-CrossOver-CrossOver-InsertByte-CopyPart-
#37014	REDUCE cov: 101 ft: 410 corp: 187/1838b lim: 43 exec/s: 0 rss: 50Mb L: 4/42 MS: 1 EraseBytes-
#37033	REDUCE cov: 101 ft: 410 corp: 187/1836b lim: 43 exec/s: 0 rss: 50Mb L: 9/42 MS: 4 PersAutoDict-ChangeByte-ChangeByte-EraseBytes- DE: "\000\000\000\000"-
#37095	REDUCE cov: 101 ft: 410 corp: 187/1835b lim: 43 exec/s: 0 rss: 50Mb L: 2/42 MS: 2 CopyPart-EraseBytes-
#37154	REDUCE cov: 101 ft: 411 corp: 188/1856b lim: 43 exec/s: 0 rss: 50Mb L: 21/42 MS: 4 ChangeBinInt-CrossOver-ChangeBit-CrossOver-
#37190	REDUCE cov: 101 ft: 411 corp: 188/1855b lim: 43 exec/s: 0 rss: 50Mb L: 8/42 MS: 1 EraseBytes-
#37296	REDUCE cov: 101 ft: 411 corp: 188/1854b lim: 43 exec/s: 0 rss: 50Mb L: 18/42 MS: 1 EraseBytes-
#37355	REDUCE cov: 101 ft: 412 corp: 189/1893b lim: 43 exec/s: 0 rss: 50Mb L: 39/42 MS: 4 ChangeBinInt-ShuffleBytes-CopyPart-ChangeBit-
#37366	REDUCE cov: 101 ft: 412 corp: 189/1888b lim: 43 exec/s: 0 rss: 50Mb L: 33/42 MS: 1 EraseBytes-
#37398	REDUCE cov: 101 ft: 412 corp: 189/1887b lim: 43 exec/s: 0 rss: 50Mb L: 7/42 MS: 2 CopyPart-EraseBytes-
#37561	REDUCE cov: 101 ft: 413 corp: 190/1914b lim: 43 exec/s: 0 rss: 50Mb L: 27/42 MS: 3 InsertByte-InsertByte-InsertRepeatedBytes-
#37697	REDUCE cov: 101 ft: 413 corp: 190/1912b lim: 43 exec/s: 0 rss: 50Mb L: 11/42 MS: 1 EraseBytes-
#37703	REDUCE cov: 101 ft: 413 corp: 190/1911b lim: 43 exec/s: 0 rss: 50Mb L: 3/42 MS: 1 EraseBytes-
#37809	REDUCE cov: 101 ft: 413 corp: 190/1910b lim: 43 exec/s: 0 rss: 50Mb L: 6/42 MS: 1 EraseBytes-
#38315	REDUCE cov: 101 ft: 413 corp: 190/1909b lim: 48 exec/s: 0 rss: 50Mb L: 1/42 MS: 1 EraseBytes-
#38364	REDUCE cov: 101 ft: 413 corp: 190/1907b lim: 48 exec/s: 0 rss: 51Mb L: 7/42 MS: 4 ChangeBinInt-EraseBytes-ShuffleBytes-CrossOver-
#38395	NEW    cov: 101 ft: 414 corp: 191/1937b lim: 48 exec/s: 0 rss: 51Mb L: 30/42 MS: 1 CopyPart-
#38396	REDUCE cov: 101 ft: 414 corp: 191/1936b lim: 48 exec/s: 0 rss: 51Mb L: 5/42 MS: 1 EraseBytes-
#38444	REDUCE cov: 101 ft: 414 corp: 191/1934b lim: 48 exec/s: 0 rss: 51Mb L: 2/42 MS: 3 EraseBytes-EraseBytes-InsertByte-
#38500	REDUCE cov: 101 ft: 414 corp: 191/1933b lim: 48 exec/s: 0 rss: 51Mb L: 20/42 MS: 1 EraseBytes-
#38576	REDUCE cov: 101 ft: 414 corp: 191/1928b lim: 48 exec/s: 0 rss: 51Mb L: 18/42 MS: 1 EraseBytes-
#38937	REDUCE cov: 101 ft: 414 corp: 191/1921b lim: 48 exec/s: 0 rss: 51Mb L: 11/42 MS: 1 EraseBytes-
#38943	REDUCE cov: 101 ft: 414 corp: 191/1920b lim: 48 exec/s: 0 rss: 51Mb L: 7/42 MS: 1 EraseBytes-
#39014	REDUCE cov: 101 ft: 415 corp: 192/1951b lim: 48 exec/s: 0 rss: 51Mb L: 31/42 MS: 1 EraseBytes-
#39025	REDUCE cov: 101 ft: 417 corp: 193/1999b lim: 48 exec/s: 0 rss: 51Mb L: 48/48 MS: 1 CopyPart-
#39026	REDUCE cov: 101 ft: 418 corp: 194/2017b lim: 48 exec/s: 0 rss: 51Mb L: 18/48 MS: 1 CopyPart-
#39067	REDUCE cov: 101 ft: 418 corp: 194/2016b lim: 48 exec/s: 0 rss: 51Mb L: 1/48 MS: 1 EraseBytes-
#39358	REDUCE cov: 101 ft: 418 corp: 194/2015b lim: 48 exec/s: 0 rss: 51Mb L: 20/48 MS: 1 EraseBytes-
#39415	REDUCE cov: 101 ft: 418 corp: 194/2014b lim: 48 exec/s: 0 rss: 51Mb L: 7/48 MS: 2 CrossOver-EraseBytes-
#39436	REDUCE cov: 101 ft: 418 corp: 194/2013b lim: 48 exec/s: 0 rss: 51Mb L: 2/48 MS: 1 EraseBytes-
#39456	REDUCE cov: 101 ft: 419 corp: 195/2052b lim: 48 exec/s: 0 rss: 51Mb L: 39/48 MS: 5 CrossOver-ChangeByte-CopyPart-InsertByte-CrossOver-
#39687	REDUCE cov: 101 ft: 419 corp: 195/2051b lim: 48 exec/s: 0 rss: 51Mb L: 6/48 MS: 1 EraseBytes-
#40259	REDUCE cov: 101 ft: 420 corp: 196/2092b lim: 53 exec/s: 0 rss: 51Mb L: 41/48 MS: 2 CrossOver-InsertRepeatedBytes-
#40305	REDUCE cov: 101 ft: 420 corp: 196/2089b lim: 53 exec/s: 0 rss: 51Mb L: 5/48 MS: 1 EraseBytes-
#40602	REDUCE cov: 101 ft: 420 corp: 196/2088b lim: 53 exec/s: 0 rss: 51Mb L: 7/48 MS: 2 ChangeByte-EraseBytes-
#40609	REDUCE cov: 101 ft: 420 corp: 196/2087b lim: 53 exec/s: 0 rss: 51Mb L: 10/48 MS: 2 ChangeBit-EraseBytes-
#40675	REDUCE cov: 101 ft: 420 corp: 196/2086b lim: 53 exec/s: 0 rss: 51Mb L: 5/48 MS: 1 EraseBytes-
#40724	REDUCE cov: 101 ft: 420 corp: 196/2085b lim: 53 exec/s: 0 rss: 51Mb L: 11/48 MS: 4 CopyPart-CopyPart-EraseBytes-CopyPart-
#40865	REDUCE cov: 101 ft: 420 corp: 196/2083b lim: 53 exec/s: 0 rss: 51Mb L: 3/48 MS: 1 EraseBytes-
#41184	REDUCE cov: 101 ft: 421 corp: 197/2124b lim: 53 exec/s: 0 rss: 52Mb L: 41/48 MS: 4 CrossOver-CopyPart-ChangeBit-InsertRepeatedBytes-
#41481	REDUCE cov: 101 ft: 423 corp: 198/2159b lim: 53 exec/s: 0 rss: 52Mb L: 35/48 MS: 2 ChangeBit-InsertRepeatedBytes-
#41507	REDUCE cov: 101 ft: 424 corp: 199/2167b lim: 53 exec/s: 0 rss: 52Mb L: 8/48 MS: 1 CopyPart-
#41845	REDUCE cov: 101 ft: 424 corp: 199/2155b lim: 53 exec/s: 0 rss: 52Mb L: 27/48 MS: 3 InsertRepeatedBytes-ShuffleBytes-EraseBytes-
#41918	REDUCE cov: 101 ft: 424 corp: 199/2152b lim: 53 exec/s: 0 rss: 52Mb L: 24/48 MS: 3 InsertByte-ChangeBinInt-EraseBytes-
#41959	REDUCE cov: 101 ft: 425 corp: 200/2191b lim: 53 exec/s: 0 rss: 52Mb L: 39/48 MS: 1 CopyPart-
#42009	NEW    cov: 101 ft: 426 corp: 201/2242b lim: 53 exec/s: 0 rss: 52Mb L: 51/51 MS: 5 CrossOver-InsertByte-CrossOver-ShuffleBytes-CrossOver-
#42030	REDUCE cov: 101 ft: 426 corp: 201/2237b lim: 53 exec/s: 0 rss: 52Mb L: 10/51 MS: 1 EraseBytes-
#42136	REDUCE cov: 101 ft: 426 corp: 201/2235b lim: 53 exec/s: 0 rss: 52Mb L: 3/51 MS: 1 EraseBytes-
#42147	REDUCE cov: 101 ft: 426 corp: 201/2222b lim: 53 exec/s: 0 rss: 52Mb L: 17/51 MS: 1 EraseBytes-
#42211	REDUCE cov: 101 ft: 426 corp: 201/2221b lim: 53 exec/s: 0 rss: 52Mb L: 40/51 MS: 4 ShuffleBytes-CopyPart-CopyPart-EraseBytes-
#42359	REDUCE cov: 101 ft: 426 corp: 201/2219b lim: 53 exec/s: 0 rss: 52Mb L: 5/51 MS: 3 ShuffleBytes-ChangeByte-EraseBytes-
#42515	REDUCE cov: 101 ft: 426 corp: 201/2218b lim: 53 exec/s: 0 rss: 52Mb L: 1/51 MS: 1 EraseBytes-
#42556	REDUCE cov: 101 ft: 426 corp: 201/2217b lim: 53 exec/s: 0 rss: 52Mb L: 11/51 MS: 1 EraseBytes-
#42712	REDUCE cov: 101 ft: 426 corp: 201/2216b lim: 53 exec/s: 0 rss: 52Mb L: 2/51 MS: 1 EraseBytes-
#42814	REDUCE cov: 101 ft: 426 corp: 201/2213b lim: 53 exec/s: 0 rss: 52Mb L: 14/51 MS: 2 ChangeBit-EraseBytes-
#42903	REDUCE cov: 101 ft: 426 corp: 201/2212b lim: 53 exec/s: 0 rss: 52Mb L: 12/51 MS: 4 PersAutoDict-CrossOver-ChangeByte-EraseBytes- DE: "\000\000\000\000"-
#42999	REDUCE cov: 101 ft: 426 corp: 201/2211b lim: 53 exec/s: 0 rss: 52Mb L: 28/51 MS: 1 EraseBytes-
#43115	REDUCE cov: 101 ft: 426 corp: 201/2210b lim: 53 exec/s: 0 rss: 52Mb L: 6/51 MS: 1 EraseBytes-
#43496	REDUCE cov: 101 ft: 426 corp: 201/2209b lim: 53 exec/s: 0 rss: 52Mb L: 2/51 MS: 1 EraseBytes-
#43577	REDUCE cov: 101 ft: 426 corp: 201/2208b lim: 53 exec/s: 0 rss: 52Mb L: 2/51 MS: 1 EraseBytes-
#43853	REDUCE cov: 101 ft: 427 corp: 202/2232b lim: 53 exec/s: 0 rss: 52Mb L: 24/51 MS: 1 CopyPart-
#43884	REDUCE cov: 101 ft: 427 corp: 202/2231b lim: 53 exec/s: 0 rss: 52Mb L: 14/51 MS: 1 EraseBytes-
#44095	REDUCE cov: 101 ft: 427 corp: 202/2229b lim: 53 exec/s: 0 rss: 52Mb L: 7/51 MS: 1 EraseBytes-
#44102	REDUCE cov: 101 ft: 427 corp: 202/2227b lim: 53 exec/s: 0 rss: 53Mb L: 5/51 MS: 2 ChangeBit-EraseBytes-
#44128	REDUCE cov: 101 ft: 427 corp: 202/2226b lim: 53 exec/s: 0 rss: 53Mb L: 3/51 MS: 1 CrossOver-
#44245	REDUCE cov: 101 ft: 427 corp: 202/2225b lim: 53 exec/s: 0 rss: 53Mb L: 10/51 MS: 2 ChangeBit-EraseBytes-
#44501	REDUCE cov: 101 ft: 427 corp: 202/2224b lim: 53 exec/s: 0 rss: 53Mb L: 10/51 MS: 1 EraseBytes-
#44872	NEW    cov: 101 ft: 432 corp: 203/2251b lim: 53 exec/s: 0 rss: 53Mb L: 27/51 MS: 1 CopyPart-
#44874	NEW    cov: 101 ft: 433 corp: 204/2292b lim: 53 exec/s: 0 rss: 53Mb L: 41/51 MS: 2 CopyPart-CopyPart-
#45265	REDUCE cov: 101 ft: 435 corp: 205/2328b lim: 53 exec/s: 0 rss: 53Mb L: 36/51 MS: 1 CopyPart-
#45396	REDUCE cov: 101 ft: 435 corp: 205/2327b lim: 53 exec/s: 0 rss: 53Mb L: 2/51 MS: 1 EraseBytes-
#45579	REDUCE cov: 101 ft: 435 corp: 205/2326b lim: 53 exec/s: 0 rss: 53Mb L: 3/51 MS: 3 ShuffleBytes-ChangeByte-EraseBytes-
#45712	REDUCE cov: 101 ft: 435 corp: 205/2324b lim: 53 exec/s: 0 rss: 53Mb L: 38/51 MS: 3 ShuffleBytes-ChangeBit-EraseBytes-
#45884	REDUCE cov: 101 ft: 435 corp: 205/2323b lim: 53 exec/s: 0 rss: 53Mb L: 6/51 MS: 2 CrossOver-EraseBytes-
#45885	REDUCE cov: 101 ft: 435 corp: 205/2322b lim: 53 exec/s: 0 rss: 53Mb L: 11/51 MS: 1 EraseBytes-
#46046	NEW    cov: 101 ft: 438 corp: 206/2355b lim: 53 exec/s: 0 rss: 53Mb L: 33/51 MS: 1 CopyPart-
#46202	REDUCE cov: 101 ft: 438 corp: 206/2353b lim: 53 exec/s: 0 rss: 53Mb L: 12/51 MS: 1 CrossOver-
#46623	REDUCE cov: 101 ft: 438 corp: 206/2351b lim: 53 exec/s: 0 rss: 53Mb L: 5/51 MS: 1 EraseBytes-
#46774	REDUCE cov: 101 ft: 438 corp: 206/2344b lim: 53 exec/s: 0 rss: 53Mb L: 20/51 MS: 1 EraseBytes-
#47825	REDUCE cov: 101 ft: 438 corp: 206/2343b lim: 63 exec/s: 0 rss: 53Mb L: 6/51 MS: 1 EraseBytes-
#47916	REDUCE cov: 101 ft: 438 corp: 206/2340b lim: 63 exec/s: 0 rss: 53Mb L: 6/51 MS: 1 EraseBytes-
#47973	REDUCE cov: 101 ft: 438 corp: 206/2338b lim: 63 exec/s: 0 rss: 53Mb L: 5/51 MS: 2 ChangeBit-EraseBytes-
#48270	REDUCE cov: 101 ft: 438 corp: 206/2331b lim: 63 exec/s: 0 rss: 53Mb L: 24/51 MS: 2 CrossOver-EraseBytes-
#48821	REDUCE cov: 101 ft: 438 corp: 206/2330b lim: 68 exec/s: 0 rss: 54Mb L: 6/51 MS: 1 EraseBytes-
#49198	REDUCE cov: 101 ft: 438 corp: 206/2328b lim: 68 exec/s: 0 rss: 54Mb L: 4/51 MS: 2 CopyPart-EraseBytes-
#49230	REDUCE cov: 101 ft: 438 corp: 206/2327b lim: 68 exec/s: 0 rss: 54Mb L: 11/51 MS: 2 CopyPart-EraseBytes-
#49247	REDUCE cov: 101 ft: 438 corp: 206/2326b lim: 68 exec/s: 0 rss: 54Mb L: 9/51 MS: 2 CrossOver-EraseBytes-
#49584	REDUCE cov: 101 ft: 438 corp: 206/2323b lim: 68 exec/s: 0 rss: 54Mb L: 30/51 MS: 2 CrossOver-EraseBytes-
#49735	REDUCE cov: 101 ft: 438 corp: 206/2315b lim: 68 exec/s: 0 rss: 54Mb L: 8/51 MS: 1 EraseBytes-
#49801	REDUCE cov: 101 ft: 438 corp: 206/2313b lim: 68 exec/s: 0 rss: 54Mb L: 8/51 MS: 1 EraseBytes-
#49963	REDUCE cov: 101 ft: 438 corp: 206/2309b lim: 68 exec/s: 0 rss: 54Mb L: 35/51 MS: 2 InsertByte-EraseBytes-
#49989	REDUCE cov: 101 ft: 438 corp: 206/2308b lim: 68 exec/s: 0 rss: 54Mb L: 6/51 MS: 1 EraseBytes-
#50086	REDUCE cov: 101 ft: 438 corp: 206/2304b lim: 68 exec/s: 0 rss: 54Mb L: 20/51 MS: 2 EraseBytes-CopyPart-
#50322	REDUCE cov: 101 ft: 438 corp: 206/2300b lim: 68 exec/s: 0 rss: 54Mb L: 20/51 MS: 1 EraseBytes-
#50668	REDUCE cov: 101 ft: 438 corp: 206/2299b lim: 68 exec/s: 0 rss: 54Mb L: 10/51 MS: 1 CrossOver-
#50749	REDUCE cov: 101 ft: 440 corp: 207/2336b lim: 68 exec/s: 0 rss: 54Mb L: 37/51 MS: 1 CopyPart-
#50766	REDUCE cov: 101 ft: 440 corp: 207/2331b lim: 68 exec/s: 0 rss: 54Mb L: 6/51 MS: 2 ChangeBinInt-EraseBytes-
#51162	REDUCE cov: 101 ft: 441 corp: 208/2392b lim: 68 exec/s: 0 rss: 54Mb L: 61/61 MS: 1 InsertRepeatedBytes-
#51768	REDUCE cov: 101 ft: 445 corp: 209/2463b lim: 74 exec/s: 0 rss: 54Mb L: 71/71 MS: 1 InsertRepeatedBytes-
#51784	REDUCE cov: 101 ft: 445 corp: 209/2461b lim: 74 exec/s: 0 rss: 54Mb L: 18/71 MS: 1 EraseBytes-
#51925	REDUCE cov: 101 ft: 445 corp: 209/2460b lim: 74 exec/s: 0 rss: 55Mb L: 2/71 MS: 1 EraseBytes-
#52168	NEW    cov: 101 ft: 449 corp: 210/2531b lim: 74 exec/s: 0 rss: 55Mb L: 71/71 MS: 3 CopyPart-CopyPart-ChangeBinInt-
#52222	REDUCE cov: 101 ft: 449 corp: 210/2530b lim: 74 exec/s: 0 rss: 55Mb L: 32/71 MS: 4 CopyPart-ChangeByte-ShuffleBytes-EraseBytes-
#52368	REDUCE cov: 101 ft: 449 corp: 210/2526b lim: 74 exec/s: 0 rss: 55Mb L: 10/71 MS: 1 EraseBytes-
#52497	REDUCE cov: 101 ft: 449 corp: 210/2525b lim: 74 exec/s: 0 rss: 55Mb L: 1/71 MS: 4 ShuffleBytes-CopyPart-CopyPart-EraseBytes-
#52671	NEW    cov: 101 ft: 450 corp: 211/2574b lim: 74 exec/s: 0 rss: 55Mb L: 49/71 MS: 4 CopyPart-ChangeByte-CopyPart-CopyPart-
#52737	REDUCE cov: 101 ft: 450 corp: 211/2573b lim: 74 exec/s: 0 rss: 55Mb L: 5/71 MS: 1 EraseBytes-
#52823	REDUCE cov: 101 ft: 450 corp: 211/2572b lim: 74 exec/s: 0 rss: 55Mb L: 2/71 MS: 1 EraseBytes-
#52994	REDUCE cov: 101 ft: 452 corp: 212/2629b lim: 74 exec/s: 0 rss: 55Mb L: 57/71 MS: 1 InsertRepeatedBytes-
#53712	REDUCE cov: 101 ft: 452 corp: 212/2624b lim: 80 exec/s: 0 rss: 55Mb L: 44/71 MS: 3 ChangeASCIIInt-ChangeBinInt-EraseBytes-
#53808	NEW    cov: 101 ft: 455 corp: 213/2671b lim: 80 exec/s: 0 rss: 55Mb L: 47/71 MS: 1 CopyPart-
#53811	REDUCE cov: 101 ft: 455 corp: 213/2669b lim: 80 exec/s: 0 rss: 55Mb L: 7/71 MS: 3 ChangeBit-EraseBytes-CopyPart-
#53907	REDUCE cov: 101 ft: 455 corp: 213/2668b lim: 80 exec/s: 0 rss: 55Mb L: 5/71 MS: 1 EraseBytes-
#54196	REDUCE cov: 101 ft: 455 corp: 213/2666b lim: 80 exec/s: 0 rss: 55Mb L: 4/71 MS: 4 ChangeBinInt-ChangeBit-ChangeByte-EraseBytes-
#54292	REDUCE cov: 101 ft: 455 corp: 213/2663b lim: 80 exec/s: 0 rss: 55Mb L: 68/71 MS: 1 EraseBytes-
#54312	NEW    cov: 101 ft: 457 corp: 214/2715b lim: 80 exec/s: 0 rss: 55Mb L: 52/71 MS: 5 CopyPart-CopyPart-CrossOver-ChangeBinInt-CrossOver-
#54754	REDUCE cov: 101 ft: 457 corp: 214/2714b lim: 80 exec/s: 0 rss: 55Mb L: 11/71 MS: 2 ChangeBinInt-EraseBytes-
#54965	REDUCE cov: 101 ft: 459 corp: 215/2771b lim: 80 exec/s: 0 rss: 56Mb L: 57/71 MS: 1 InsertRepeatedBytes-
#54999	NEW    cov: 101 ft: 461 corp: 216/2809b lim: 80 exec/s: 0 rss: 56Mb L: 38/71 MS: 4 InsertByte-ShuffleBytes-CrossOver-EraseBytes-
#55003	REDUCE cov: 101 ft: 461 corp: 216/2798b lim: 80 exec/s: 0 rss: 56Mb L: 46/71 MS: 4 ChangeASCIIInt-ChangeBit-CrossOver-EraseBytes-
#55014	REDUCE cov: 101 ft: 461 corp: 216/2795b lim: 80 exec/s: 0 rss: 56Mb L: 54/71 MS: 1 EraseBytes-
#55117	REDUCE cov: 101 ft: 461 corp: 216/2794b lim: 80 exec/s: 0 rss: 56Mb L: 4/71 MS: 3 InsertByte-ChangeByte-EraseBytes-
#55279	REDUCE cov: 101 ft: 461 corp: 216/2792b lim: 80 exec/s: 0 rss: 56Mb L: 44/71 MS: 2 CopyPart-EraseBytes-
#55406	REDUCE cov: 101 ft: 461 corp: 216/2791b lim: 80 exec/s: 0 rss: 56Mb L: 6/71 MS: 2 CopyPart-EraseBytes-
#55707	REDUCE cov: 101 ft: 461 corp: 216/2788b lim: 80 exec/s: 0 rss: 56Mb L: 9/71 MS: 1 EraseBytes-
#55844	REDUCE cov: 101 ft: 461 corp: 216/2786b lim: 80 exec/s: 0 rss: 56Mb L: 3/71 MS: 2 CrossOver-EraseBytes-
#55885	REDUCE cov: 101 ft: 461 corp: 216/2785b lim: 80 exec/s: 0 rss: 56Mb L: 2/71 MS: 1 EraseBytes-
#56261	REDUCE cov: 101 ft: 461 corp: 216/2784b lim: 80 exec/s: 0 rss: 56Mb L: 5/71 MS: 1 EraseBytes-
#56264	REDUCE cov: 101 ft: 461 corp: 216/2783b lim: 80 exec/s: 0 rss: 56Mb L: 10/71 MS: 3 InsertByte-PersAutoDict-EraseBytes- DE: "\001\000"-
#56298	REDUCE cov: 101 ft: 463 corp: 217/2825b lim: 80 exec/s: 0 rss: 56Mb L: 42/71 MS: 4 CrossOver-ShuffleBytes-CopyPart-CopyPart-
#56451	REDUCE cov: 101 ft: 463 corp: 217/2818b lim: 80 exec/s: 0 rss: 56Mb L: 28/71 MS: 3 CrossOver-CrossOver-EraseBytes-
#56522	REDUCE cov: 101 ft: 463 corp: 217/2817b lim: 80 exec/s: 0 rss: 56Mb L: 1/71 MS: 1 EraseBytes-
#56609	REDUCE cov: 101 ft: 463 corp: 217/2816b lim: 80 exec/s: 0 rss: 56Mb L: 4/71 MS: 2 EraseBytes-CopyPart-
#56621	REDUCE cov: 101 ft: 463 corp: 217/2814b lim: 80 exec/s: 0 rss: 56Mb L: 6/71 MS: 2 ChangeASCIIInt-EraseBytes-
#56962	REDUCE cov: 101 ft: 464 corp: 218/2867b lim: 80 exec/s: 0 rss: 56Mb L: 53/71 MS: 1 InsertRepeatedBytes-
#57215	REDUCE cov: 101 ft: 464 corp: 218/2863b lim: 80 exec/s: 0 rss: 56Mb L: 3/71 MS: 3 CopyPart-EraseBytes-EraseBytes-
#57272	REDUCE cov: 101 ft: 464 corp: 218/2860b lim: 80 exec/s: 0 rss: 56Mb L: 38/71 MS: 2 ChangeBinInt-EraseBytes-
#57388	REDUCE cov: 101 ft: 464 corp: 218/2859b lim: 80 exec/s: 0 rss: 56Mb L: 4/71 MS: 1 EraseBytes-
#57474	REDUCE cov: 101 ft: 464 corp: 218/2858b lim: 80 exec/s: 0 rss: 56Mb L: 10/71 MS: 1 EraseBytes-
#57506	REDUCE cov: 101 ft: 464 corp: 218/2857b lim: 80 exec/s: 0 rss: 56Mb L: 1/71 MS: 2 CopyPart-EraseBytes-
#57558	REDUCE cov: 101 ft: 464 corp: 218/2856b lim: 80 exec/s: 0 rss: 56Mb L: 1/71 MS: 2 CopyPart-EraseBytes-
#57594	REDUCE cov: 101 ft: 464 corp: 218/2855b lim: 80 exec/s: 0 rss: 56Mb L: 8/71 MS: 1 EraseBytes-
#57716	REDUCE cov: 101 ft: 464 corp: 218/2854b lim: 80 exec/s: 0 rss: 56Mb L: 6/71 MS: 2 CopyPart-EraseBytes-
#57737	REDUCE cov: 101 ft: 464 corp: 218/2835b lim: 80 exec/s: 0 rss: 57Mb L: 33/71 MS: 1 EraseBytes-
#57904	REDUCE cov: 101 ft: 464 corp: 218/2834b lim: 80 exec/s: 0 rss: 57Mb L: 47/71 MS: 2 ChangeByte-EraseBytes-
#58315	REDUCE cov: 101 ft: 464 corp: 218/2833b lim: 80 exec/s: 0 rss: 57Mb L: 5/71 MS: 1 EraseBytes-
#58376	NEW    cov: 101 ft: 470 corp: 219/2881b lim: 80 exec/s: 0 rss: 57Mb L: 48/71 MS: 1 CopyPart-
#58628	REDUCE cov: 101 ft: 470 corp: 219/2880b lim: 80 exec/s: 0 rss: 57Mb L: 14/71 MS: 2 ShuffleBytes-EraseBytes-
#59185	REDUCE cov: 101 ft: 470 corp: 219/2879b lim: 80 exec/s: 0 rss: 57Mb L: 1/71 MS: 2 ChangeBit-EraseBytes-
#59661	NEW    cov: 101 ft: 471 corp: 220/2905b lim: 80 exec/s: 0 rss: 57Mb L: 26/71 MS: 1 CopyPart-
#59692	REDUCE cov: 101 ft: 471 corp: 220/2903b lim: 80 exec/s: 0 rss: 57Mb L: 12/71 MS: 1 EraseBytes-
#59693	REDUCE cov: 101 ft: 471 corp: 220/2899b lim: 80 exec/s: 0 rss: 57Mb L: 26/71 MS: 1 EraseBytes-
#59865	REDUCE cov: 101 ft: 471 corp: 220/2895b lim: 80 exec/s: 0 rss: 57Mb L: 43/71 MS: 2 ChangeASCIIInt-EraseBytes-
#59866	REDUCE cov: 101 ft: 471 corp: 220/2879b lim: 80 exec/s: 0 rss: 57Mb L: 55/68 MS: 1 EraseBytes-
#59883	REDUCE cov: 101 ft: 471 corp: 220/2878b lim: 80 exec/s: 0 rss: 57Mb L: 8/68 MS: 2 CopyPart-EraseBytes-
#59889	REDUCE cov: 101 ft: 471 corp: 220/2877b lim: 80 exec/s: 0 rss: 57Mb L: 1/68 MS: 1 EraseBytes-
#60090	REDUCE cov: 101 ft: 471 corp: 220/2871b lim: 80 exec/s: 0 rss: 57Mb L: 48/68 MS: 1 EraseBytes-
#60523	REDUCE cov: 101 ft: 471 corp: 220/2870b lim: 80 exec/s: 0 rss: 57Mb L: 5/68 MS: 3 ShuffleBytes-ShuffleBytes-EraseBytes-
#60709	REDUCE cov: 101 ft: 471 corp: 220/2869b lim: 80 exec/s: 0 rss: 57Mb L: 25/68 MS: 1 EraseBytes-
#60976	NEW    cov: 101 ft: 472 corp: 221/2922b lim: 80 exec/s: 0 rss: 57Mb L: 53/68 MS: 2 CrossOver-ChangeBit-
#61327	REDUCE cov: 101 ft: 472 corp: 221/2917b lim: 80 exec/s: 0 rss: 57Mb L: 12/68 MS: 1 EraseBytes-
#61389	REDUCE cov: 101 ft: 472 corp: 221/2903b lim: 80 exec/s: 0 rss: 57Mb L: 37/68 MS: 2 EraseBytes-InsertByte-
#61400	REDUCE cov: 101 ft: 472 corp: 221/2878b lim: 80 exec/s: 0 rss: 58Mb L: 28/68 MS: 1 EraseBytes-
#61412	REDUCE cov: 101 ft: 475 corp: 222/2957b lim: 80 exec/s: 0 rss: 58Mb L: 79/79 MS: 2 CopyPart-CopyPart-
#61646	REDUCE cov: 101 ft: 475 corp: 222/2956b lim: 80 exec/s: 0 rss: 58Mb L: 36/79 MS: 4 CMP-EraseBytes-ChangeBinInt-CopyPart- DE: "\000\000\000\000"-
#61722	REDUCE cov: 101 ft: 475 corp: 222/2955b lim: 80 exec/s: 0 rss: 58Mb L: 5/79 MS: 1 EraseBytes-
#61873	REDUCE cov: 101 ft: 475 corp: 222/2953b lim: 80 exec/s: 0 rss: 58Mb L: 4/79 MS: 1 EraseBytes-
#61939	REDUCE cov: 101 ft: 475 corp: 222/2952b lim: 80 exec/s: 0 rss: 58Mb L: 5/79 MS: 1 EraseBytes-
#62086	REDUCE cov: 101 ft: 475 corp: 222/2951b lim: 80 exec/s: 0 rss: 58Mb L: 8/79 MS: 2 ChangeBit-EraseBytes-
#62112	REDUCE cov: 101 ft: 475 corp: 222/2949b lim: 80 exec/s: 0 rss: 58Mb L: 13/79 MS: 1 EraseBytes-
#62188	REDUCE cov: 101 ft: 475 corp: 222/2943b lim: 80 exec/s: 0 rss: 58Mb L: 62/79 MS: 1 EraseBytes-
#62437	REDUCE cov: 101 ft: 476 corp: 223/3008b lim: 80 exec/s: 0 rss: 58Mb L: 65/79 MS: 4 CMP-ChangeByte-ChangeByte-InsertRepeatedBytes- DE: "\377\377\377\377\377\377\377\377"-
#62754	REDUCE cov: 101 ft: 476 corp: 223/3007b lim: 80 exec/s: 0 rss: 58Mb L: 35/79 MS: 2 CopyPart-EraseBytes-
#62775	REDUCE cov: 101 ft: 476 corp: 223/3001b lim: 80 exec/s: 0 rss: 58Mb L: 38/79 MS: 1 EraseBytes-
#62983	REDUCE cov: 101 ft: 476 corp: 223/3000b lim: 80 exec/s: 0 rss: 58Mb L: 17/79 MS: 3 InsertByte-CopyPart-EraseBytes-
#63014	REDUCE cov: 101 ft: 476 corp: 223/2998b lim: 80 exec/s: 0 rss: 58Mb L: 4/79 MS: 1 EraseBytes-
#63105	REDUCE cov: 101 ft: 476 corp: 223/2997b lim: 80 exec/s: 0 rss: 58Mb L: 11/79 MS: 1 EraseBytes-
#63576	REDUCE cov: 101 ft: 476 corp: 223/2982b lim: 80 exec/s: 0 rss: 58Mb L: 50/79 MS: 1 EraseBytes-
#63927	REDUCE cov: 101 ft: 476 corp: 223/2981b lim: 80 exec/s: 0 rss: 58Mb L: 49/79 MS: 1 EraseBytes-
#63958	REDUCE cov: 101 ft: 476 corp: 223/2980b lim: 80 exec/s: 0 rss: 58Mb L: 9/79 MS: 1 EraseBytes-
#64145	REDUCE cov: 101 ft: 476 corp: 223/2979b lim: 80 exec/s: 0 rss: 59Mb L: 37/79 MS: 2 ShuffleBytes-EraseBytes-
#64187	REDUCE cov: 101 ft: 476 corp: 223/2978b lim: 80 exec/s: 0 rss: 59Mb L: 7/79 MS: 2 ShuffleBytes-EraseBytes-
#64954	REDUCE cov: 101 ft: 476 corp: 223/2976b lim: 86 exec/s: 0 rss: 59Mb L: 13/79 MS: 2 ShuffleBytes-EraseBytes-
#64985	REDUCE cov: 101 ft: 476 corp: 223/2975b lim: 86 exec/s: 0 rss: 59Mb L: 11/79 MS: 1 EraseBytes-
#65291	REDUCE cov: 101 ft: 476 corp: 223/2974b lim: 86 exec/s: 0 rss: 59Mb L: 1/79 MS: 1 EraseBytes-
#65412	REDUCE cov: 101 ft: 476 corp: 223/2973b lim: 86 exec/s: 0 rss: 59Mb L: 19/79 MS: 1 EraseBytes-
#65418	REDUCE cov: 101 ft: 476 corp: 223/2965b lim: 86 exec/s: 0 rss: 59Mb L: 24/79 MS: 1 EraseBytes-
#65564	REDUCE cov: 101 ft: 476 corp: 223/2948b lim: 86 exec/s: 0 rss: 59Mb L: 38/79 MS: 1 EraseBytes-
#65705	REDUCE cov: 101 ft: 476 corp: 223/2945b lim: 86 exec/s: 0 rss: 59Mb L: 22/79 MS: 1 EraseBytes-
#65812	REDUCE cov: 101 ft: 476 corp: 223/2931b lim: 86 exec/s: 0 rss: 59Mb L: 47/79 MS: 2 CopyPart-CrossOver-
#66004	REDUCE cov: 101 ft: 476 corp: 223/2929b lim: 86 exec/s: 0 rss: 59Mb L: 10/79 MS: 2 ChangeBinInt-EraseBytes-
#66135	REDUCE cov: 101 ft: 476 corp: 223/2928b lim: 86 exec/s: 0 rss: 59Mb L: 6/79 MS: 1 EraseBytes-
#66206	REDUCE cov: 101 ft: 476 corp: 223/2920b lim: 86 exec/s: 0 rss: 59Mb L: 34/79 MS: 1 EraseBytes-
#66767	REDUCE cov: 101 ft: 476 corp: 223/2913b lim: 86 exec/s: 0 rss: 59Mb L: 19/79 MS: 1 EraseBytes-
#66929	REDUCE cov: 101 ft: 476 corp: 223/2912b lim: 86 exec/s: 0 rss: 59Mb L: 4/79 MS: 2 ShuffleBytes-EraseBytes-
#67375	REDUCE cov: 101 ft: 476 corp: 223/2909b lim: 86 exec/s: 0 rss: 59Mb L: 35/79 MS: 1 EraseBytes-
#68456	REDUCE cov: 101 ft: 476 corp: 223/2908b lim: 92 exec/s: 0 rss: 59Mb L: 34/79 MS: 1 EraseBytes-
#68502	REDUCE cov: 101 ft: 476 corp: 223/2907b lim: 92 exec/s: 0 rss: 59Mb L: 5/79 MS: 1 EraseBytes-
#68538	REDUCE cov: 101 ft: 477 corp: 224/2975b lim: 92 exec/s: 0 rss: 59Mb L: 68/79 MS: 1 CrossOver-
#68621	REDUCE cov: 101 ft: 477 corp: 224/2973b lim: 92 exec/s: 0 rss: 59Mb L: 11/79 MS: 3 PersAutoDict-InsertByte-EraseBytes- DE: "\000\000\000\000"-
#69147	REDUCE cov: 101 ft: 477 corp: 224/2972b lim: 92 exec/s: 0 rss: 59Mb L: 1/79 MS: 1 EraseBytes-
#69778	REDUCE cov: 101 ft: 477 corp: 224/2970b lim: 98 exec/s: 0 rss: 59Mb L: 46/79 MS: 1 EraseBytes-
#69901	REDUCE cov: 101 ft: 477 corp: 224/2965b lim: 98 exec/s: 0 rss: 59Mb L: 41/79 MS: 3 CopyPart-CopyPart-EraseBytes-
#69902	REDUCE cov: 101 ft: 477 corp: 224/2963b lim: 98 exec/s: 0 rss: 59Mb L: 9/79 MS: 1 EraseBytes-
#70058	REDUCE cov: 101 ft: 477 corp: 224/2962b lim: 98 exec/s: 0 rss: 59Mb L: 10/79 MS: 1 EraseBytes-
#70219	REDUCE cov: 101 ft: 477 corp: 224/2961b lim: 98 exec/s: 0 rss: 60Mb L: 3/79 MS: 1 EraseBytes-
#70271	REDUCE cov: 101 ft: 477 corp: 224/2957b lim: 98 exec/s: 0 rss: 60Mb L: 64/79 MS: 2 InsertByte-EraseBytes-
#70332	REDUCE cov: 101 ft: 477 corp: 224/2955b lim: 98 exec/s: 0 rss: 60Mb L: 5/79 MS: 1 EraseBytes-
#70513	REDUCE cov: 101 ft: 477 corp: 224/2954b lim: 98 exec/s: 0 rss: 60Mb L: 9/79 MS: 1 EraseBytes-
#70902	REDUCE cov: 101 ft: 478 corp: 225/3001b lim: 98 exec/s: 0 rss: 60Mb L: 47/79 MS: 4 ShuffleBytes-EraseBytes-ChangeByte-InsertRepeatedBytes-
#70984	REDUCE cov: 101 ft: 478 corp: 225/2999b lim: 98 exec/s: 0 rss: 60Mb L: 60/79 MS: 2 PersAutoDict-EraseBytes- DE: "\377\377"-
#71035	REDUCE cov: 101 ft: 478 corp: 225/2997b lim: 98 exec/s: 0 rss: 60Mb L: 3/79 MS: 1 EraseBytes-
#71096	REDUCE cov: 101 ft: 478 corp: 225/2995b lim: 98 exec/s: 0 rss: 60Mb L: 36/79 MS: 1 EraseBytes-
#72062	REDUCE cov: 101 ft: 478 corp: 225/2994b lim: 104 exec/s: 0 rss: 60Mb L: 40/79 MS: 1 EraseBytes-
#72145	REDUCE cov: 101 ft: 478 corp: 225/2992b lim: 104 exec/s: 0 rss: 60Mb L: 45/79 MS: 3 ChangeBinInt-ChangeBit-EraseBytes-
#72221	REDUCE cov: 101 ft: 478 corp: 225/2991b lim: 104 exec/s: 0 rss: 60Mb L: 3/79 MS: 1 EraseBytes-
#72277	REDUCE cov: 101 ft: 478 corp: 225/2990b lim: 104 exec/s: 0 rss: 60Mb L: 8/79 MS: 1 EraseBytes-
#72318	REDUCE cov: 101 ft: 478 corp: 225/2985b lim: 104 exec/s: 0 rss: 60Mb L: 74/74 MS: 1 EraseBytes-
#72909	REDUCE cov: 101 ft: 478 corp: 225/2984b lim: 104 exec/s: 0 rss: 60Mb L: 4/74 MS: 1 EraseBytes-
#72976	REDUCE cov: 101 ft: 478 corp: 225/2978b lim: 104 exec/s: 0 rss: 60Mb L: 47/74 MS: 2 ChangeBit-EraseBytes-
#73193	REDUCE cov: 101 ft: 478 corp: 225/2976b lim: 104 exec/s: 0 rss: 60Mb L: 6/74 MS: 2 CrossOver-EraseBytes-
#73660	NEW    cov: 101 ft: 479 corp: 226/3024b lim: 104 exec/s: 0 rss: 60Mb L: 48/74 MS: 2 CrossOver-CrossOver-
#73751	REDUCE cov: 101 ft: 480 corp: 227/3115b lim: 104 exec/s: 0 rss: 60Mb L: 91/91 MS: 1 CopyPart-
#73907	REDUCE cov: 101 ft: 480 corp: 227/3114b lim: 104 exec/s: 0 rss: 60Mb L: 13/91 MS: 1 EraseBytes-
#73973	REDUCE cov: 101 ft: 480 corp: 227/3111b lim: 104 exec/s: 0 rss: 60Mb L: 25/91 MS: 1 EraseBytes-
#74524	REDUCE cov: 101 ft: 480 corp: 227/3079b lim: 104 exec/s: 0 rss: 60Mb L: 59/74 MS: 1 EraseBytes-
#74961	REDUCE cov: 101 ft: 480 corp: 227/3077b lim: 104 exec/s: 0 rss: 60Mb L: 11/74 MS: 2 CopyPart-EraseBytes-
#75393	REDUCE cov: 101 ft: 480 corp: 227/3076b lim: 104 exec/s: 0 rss: 60Mb L: 3/74 MS: 2 ShuffleBytes-EraseBytes-
#75464	REDUCE cov: 101 ft: 480 corp: 227/3075b lim: 104 exec/s: 0 rss: 60Mb L: 3/74 MS: 1 EraseBytes-
#75823	REDUCE cov: 101 ft: 482 corp: 228/3178b lim: 104 exec/s: 0 rss: 60Mb L: 103/103 MS: 4 CopyPart-CrossOver-CrossOver-CrossOver-
#76001	REDUCE cov: 101 ft: 482 corp: 228/3177b lim: 104 exec/s: 0 rss: 60Mb L: 4/103 MS: 3 CopyPart-PersAutoDict-EraseBytes- DE: "\001\000\000\000"-
#76152	REDUCE cov: 101 ft: 482 corp: 228/3175b lim: 104 exec/s: 0 rss: 60Mb L: 22/103 MS: 1 EraseBytes-
#76514	NEW    cov: 101 ft: 484 corp: 229/3270b lim: 104 exec/s: 0 rss: 60Mb L: 95/103 MS: 2 ChangeBinInt-InsertRepeatedBytes-
#76515	REDUCE cov: 101 ft: 484 corp: 229/3226b lim: 104 exec/s: 0 rss: 60Mb L: 51/103 MS: 1 EraseBytes-
#76906	REDUCE cov: 101 ft: 484 corp: 229/3224b lim: 104 exec/s: 0 rss: 60Mb L: 16/103 MS: 1 EraseBytes-
#76962	REDUCE cov: 101 ft: 484 corp: 229/3223b lim: 104 exec/s: 0 rss: 60Mb L: 33/103 MS: 1 EraseBytes-
#77050	REDUCE cov: 101 ft: 484 corp: 229/3222b lim: 104 exec/s: 0 rss: 60Mb L: 5/103 MS: 3 ChangeByte-ChangeBit-EraseBytes-
#77456	REDUCE cov: 101 ft: 484 corp: 229/3220b lim: 104 exec/s: 0 rss: 60Mb L: 4/103 MS: 1 EraseBytes-
#77672	REDUCE cov: 101 ft: 484 corp: 229/3202b lim: 104 exec/s: 0 rss: 60Mb L: 46/103 MS: 1 EraseBytes-
#78564	REDUCE cov: 101 ft: 484 corp: 229/3200b lim: 110 exec/s: 0 rss: 61Mb L: 40/103 MS: 2 ShuffleBytes-CrossOver-
#78640	REDUCE cov: 101 ft: 484 corp: 229/3197b lim: 110 exec/s: 0 rss: 61Mb L: 7/103 MS: 1 EraseBytes-
#79267	REDUCE cov: 101 ft: 484 corp: 229/3195b lim: 116 exec/s: 0 rss: 61Mb L: 11/103 MS: 2 ChangeByte-EraseBytes-
#79628	REDUCE cov: 101 ft: 484 corp: 229/3191b lim: 116 exec/s: 0 rss: 61Mb L: 16/103 MS: 1 EraseBytes-
#79864	REDUCE cov: 101 ft: 484 corp: 229/3189b lim: 116 exec/s: 0 rss: 61Mb L: 43/103 MS: 1 CrossOver-
#79947	REDUCE cov: 101 ft: 484 corp: 229/3188b lim: 116 exec/s: 0 rss: 61Mb L: 34/103 MS: 3 ChangeByte-ChangeByte-EraseBytes-
#80072	REDUCE cov: 101 ft: 484 corp: 229/3170b lim: 116 exec/s: 0 rss: 61Mb L: 28/103 MS: 5 InsertByte-ChangeByte-CopyPart-ChangeByte-EraseBytes-
#80309	REDUCE cov: 101 ft: 485 corp: 230/3204b lim: 116 exec/s: 0 rss: 61Mb L: 34/103 MS: 2 InsertByte-InsertRepeatedBytes-
#80460	REDUCE cov: 101 ft: 485 corp: 230/3202b lim: 116 exec/s: 0 rss: 61Mb L: 4/103 MS: 1 EraseBytes-
#80741	REDUCE cov: 101 ft: 485 corp: 230/3201b lim: 116 exec/s: 0 rss: 61Mb L: 50/103 MS: 1 CrossOver-
#81223	REDUCE cov: 101 ft: 486 corp: 231/3242b lim: 116 exec/s: 0 rss: 61Mb L: 41/103 MS: 2 ChangeBinInt-InsertRepeatedBytes-
#81244	REDUCE cov: 101 ft: 486 corp: 231/3241b lim: 116 exec/s: 0 rss: 61Mb L: 10/103 MS: 1 EraseBytes-
#81375	REDUCE cov: 101 ft: 486 corp: 231/3240b lim: 116 exec/s: 0 rss: 61Mb L: 9/103 MS: 1 EraseBytes-
#81581	REDUCE cov: 101 ft: 486 corp: 231/3239b lim: 116 exec/s: 0 rss: 61Mb L: 4/103 MS: 1 EraseBytes-
#81687	REDUCE cov: 101 ft: 486 corp: 231/3233b lim: 116 exec/s: 0 rss: 61Mb L: 43/103 MS: 1 EraseBytes-
#81728	REDUCE cov: 101 ft: 486 corp: 231/3231b lim: 116 exec/s: 0 rss: 61Mb L: 9/103 MS: 1 EraseBytes-
#81864	REDUCE cov: 101 ft: 486 corp: 231/3230b lim: 116 exec/s: 0 rss: 61Mb L: 7/103 MS: 1 EraseBytes-
#82430	REDUCE cov: 101 ft: 486 corp: 231/3225b lim: 116 exec/s: 0 rss: 61Mb L: 29/103 MS: 1 EraseBytes-
#83346	REDUCE cov: 101 ft: 486 corp: 231/3222b lim: 122 exec/s: 0 rss: 61Mb L: 22/103 MS: 1 EraseBytes-
#83782	REDUCE cov: 101 ft: 487 corp: 232/3272b lim: 122 exec/s: 0 rss: 61Mb L: 50/103 MS: 1 CopyPart-
#83907	REDUCE cov: 101 ft: 487 corp: 232/3271b lim: 122 exec/s: 0 rss: 61Mb L: 5/103 MS: 5 InsertByte-PersAutoDict-EraseBytes-EraseBytes-CopyPart- DE: "\377\377"-
#84249	NEW    cov: 101 ft: 493 corp: 233/3360b lim: 122 exec/s: 0 rss: 61Mb L: 89/103 MS: 2 CopyPart-CopyPart-
#84425	REDUCE cov: 101 ft: 493 corp: 233/3359b lim: 122 exec/s: 0 rss: 61Mb L: 8/103 MS: 1 EraseBytes-
#85272	REDUCE cov: 101 ft: 493 corp: 233/3357b lim: 128 exec/s: 85272 rss: 64Mb L: 5/103 MS: 2 ChangeByte-EraseBytes-
#85334	REDUCE cov: 101 ft: 493 corp: 233/3350b lim: 128 exec/s: 85334 rss: 64Mb L: 36/103 MS: 2 ChangeBit-EraseBytes-
#85445	REDUCE cov: 101 ft: 493 corp: 233/3348b lim: 128 exec/s: 85445 rss: 64Mb L: 48/103 MS: 1 EraseBytes-
#85508	REDUCE cov: 101 ft: 493 corp: 233/3346b lim: 128 exec/s: 85508 rss: 64Mb L: 45/103 MS: 3 ShuffleBytes-EraseBytes-CopyPart-
#85562	REDUCE cov: 101 ft: 494 corp: 234/3474b lim: 128 exec/s: 85562 rss: 64Mb L: 128/128 MS: 4 PersAutoDict-CopyPart-EraseBytes-InsertRepeatedBytes- DE: "\000\000\000\000\000\000\000\007"-
#85596	NEW    cov: 101 ft: 495 corp: 235/3521b lim: 128 exec/s: 85596 rss: 64Mb L: 47/128 MS: 4 EraseBytes-CrossOver-CopyPart-ChangeBit-
#86335	REDUCE cov: 101 ft: 496 corp: 236/3656b lim: 135 exec/s: 86335 rss: 64Mb L: 135/135 MS: 4 InsertByte-InsertRepeatedBytes-CMP-InsertRepeatedBytes- DE: "\023\000\000\000\000\000\000\000"-
#86881	NEW    cov: 101 ft: 497 corp: 237/3786b lim: 135 exec/s: 86881 rss: 64Mb L: 130/135 MS: 1 InsertRepeatedBytes-
#87167	REDUCE cov: 101 ft: 497 corp: 237/3781b lim: 135 exec/s: 87167 rss: 64Mb L: 40/135 MS: 1 EraseBytes-
#87171	REDUCE cov: 101 ft: 497 corp: 237/3779b lim: 135 exec/s: 87171 rss: 64Mb L: 46/135 MS: 4 InsertByte-ChangeBit-ShuffleBytes-EraseBytes-
#88167	REDUCE cov: 101 ft: 497 corp: 237/3772b lim: 142 exec/s: 88167 rss: 64Mb L: 40/135 MS: 1 EraseBytes-
#88508	REDUCE cov: 101 ft: 497 corp: 237/3771b lim: 142 exec/s: 88508 rss: 64Mb L: 4/135 MS: 1 EraseBytes-
#88554	REDUCE cov: 101 ft: 497 corp: 237/3770b lim: 142 exec/s: 88554 rss: 64Mb L: 2/135 MS: 1 EraseBytes-
#89010	REDUCE cov: 101 ft: 497 corp: 237/3768b lim: 142 exec/s: 89010 rss: 64Mb L: 25/135 MS: 1 EraseBytes-
#89173	REDUCE cov: 101 ft: 497 corp: 237/3766b lim: 142 exec/s: 89173 rss: 64Mb L: 19/135 MS: 3 CopyPart-ShuffleBytes-EraseBytes-
#89181	REDUCE cov: 101 ft: 503 corp: 238/3901b lim: 142 exec/s: 89181 rss: 64Mb L: 135/135 MS: 3 ChangeBit-InsertByte-InsertRepeatedBytes-
#89242	REDUCE cov: 101 ft: 503 corp: 238/3899b lim: 142 exec/s: 89242 rss: 64Mb L: 2/135 MS: 1 EraseBytes-
#89910	REDUCE cov: 101 ft: 503 corp: 238/3897b lim: 142 exec/s: 89910 rss: 64Mb L: 39/135 MS: 3 EraseBytes-InsertByte-CrossOver-
#90401	REDUCE cov: 101 ft: 503 corp: 238/3895b lim: 142 exec/s: 90401 rss: 64Mb L: 12/135 MS: 1 EraseBytes-
#90467	REDUCE cov: 101 ft: 503 corp: 238/3891b lim: 142 exec/s: 90467 rss: 64Mb L: 46/135 MS: 1 EraseBytes-
#90603	REDUCE cov: 101 ft: 503 corp: 238/3887b lim: 142 exec/s: 90603 rss: 64Mb L: 4/135 MS: 1 EraseBytes-
#91199	REDUCE cov: 101 ft: 503 corp: 238/3885b lim: 142 exec/s: 91199 rss: 64Mb L: 26/135 MS: 1 EraseBytes-
#91200	REDUCE cov: 101 ft: 503 corp: 238/3873b lim: 142 exec/s: 91200 rss: 64Mb L: 21/135 MS: 1 EraseBytes-
#91656	REDUCE cov: 101 ft: 503 corp: 238/3832b lim: 142 exec/s: 91656 rss: 64Mb L: 62/135 MS: 1 EraseBytes-
#91957	REDUCE cov: 101 ft: 503 corp: 238/3823b lim: 142 exec/s: 91957 rss: 64Mb L: 50/135 MS: 1 EraseBytes-
#92058	REDUCE cov: 101 ft: 503 corp: 238/3820b lim: 142 exec/s: 92058 rss: 64Mb L: 4/135 MS: 1 EraseBytes-
#92284	REDUCE cov: 101 ft: 503 corp: 238/3818b lim: 142 exec/s: 92284 rss: 64Mb L: 13/135 MS: 1 EraseBytes-
#92848	REDUCE cov: 101 ft: 503 corp: 238/3814b lim: 142 exec/s: 92848 rss: 64Mb L: 131/135 MS: 4 EraseBytes-ChangeBinInt-EraseBytes-CopyPart-
#92954	REDUCE cov: 101 ft: 503 corp: 238/3813b lim: 142 exec/s: 92954 rss: 64Mb L: 2/135 MS: 1 EraseBytes-
#93011	NEW    cov: 101 ft: 504 corp: 239/3891b lim: 142 exec/s: 93011 rss: 65Mb L: 78/135 MS: 2 CopyPart-CopyPart-
#93337	REDUCE cov: 101 ft: 504 corp: 239/3877b lim: 142 exec/s: 93337 rss: 65Mb L: 64/135 MS: 1 EraseBytes-
#94038	REDUCE cov: 101 ft: 504 corp: 239/3866b lim: 142 exec/s: 94038 rss: 65Mb L: 37/135 MS: 1 CrossOver-
#94854	REDUCE cov: 101 ft: 504 corp: 239/3865b lim: 149 exec/s: 94854 rss: 65Mb L: 4/135 MS: 1 EraseBytes-
#95161	REDUCE cov: 101 ft: 504 corp: 239/3864b lim: 149 exec/s: 95161 rss: 65Mb L: 3/135 MS: 2 EraseBytes-InsertByte-
#95622	REDUCE cov: 101 ft: 504 corp: 239/3860b lim: 149 exec/s: 95622 rss: 65Mb L: 40/135 MS: 1 EraseBytes-
#95833	REDUCE cov: 101 ft: 504 corp: 239/3858b lim: 149 exec/s: 95833 rss: 65Mb L: 60/135 MS: 1 EraseBytes-
#96204	REDUCE cov: 101 ft: 504 corp: 239/3857b lim: 149 exec/s: 96204 rss: 65Mb L: 13/135 MS: 1 EraseBytes-
#96825	REDUCE cov: 101 ft: 504 corp: 239/3847b lim: 149 exec/s: 96825 rss: 65Mb L: 24/135 MS: 1 EraseBytes-
#96966	REDUCE cov: 101 ft: 504 corp: 239/3846b lim: 149 exec/s: 96966 rss: 65Mb L: 3/135 MS: 1 EraseBytes-
#97044	REDUCE cov: 101 ft: 504 corp: 239/3845b lim: 149 exec/s: 97044 rss: 65Mb L: 27/135 MS: 3 ChangeBinInt-ChangeBit-EraseBytes-
#97525	REDUCE cov: 101 ft: 504 corp: 239/3843b lim: 149 exec/s: 97525 rss: 65Mb L: 8/135 MS: 1 EraseBytes-
#97786	REDUCE cov: 101 ft: 504 corp: 239/3839b lim: 149 exec/s: 97786 rss: 65Mb L: 8/135 MS: 1 EraseBytes-
#97942	REDUCE cov: 101 ft: 504 corp: 239/3821b lim: 149 exec/s: 97942 rss: 65Mb L: 46/135 MS: 1 EraseBytes-
#98048	REDUCE cov: 101 ft: 504 corp: 239/3820b lim: 149 exec/s: 98048 rss: 65Mb L: 14/135 MS: 1 EraseBytes-
#98194	REDUCE cov: 101 ft: 504 corp: 239/3819b lim: 149 exec/s: 98194 rss: 65Mb L: 5/135 MS: 1 EraseBytes-
#98225	NEW    cov: 101 ft: 505 corp: 240/3874b lim: 149 exec/s: 98225 rss: 65Mb L: 55/135 MS: 1 CopyPart-
#98659	REDUCE cov: 101 ft: 505 corp: 240/3873b lim: 149 exec/s: 98659 rss: 65Mb L: 19/135 MS: 4 ChangeBinInt-EraseBytes-CopyPart-CopyPart-
#98798	REDUCE cov: 101 ft: 505 corp: 240/3864b lim: 149 exec/s: 98798 rss: 65Mb L: 20/135 MS: 4 CopyPart-ShuffleBytes-CopyPart-EraseBytes-
#98859	REDUCE cov: 101 ft: 505 corp: 240/3863b lim: 149 exec/s: 98859 rss: 65Mb L: 6/135 MS: 1 EraseBytes-
#99030	REDUCE cov: 101 ft: 505 corp: 240/3861b lim: 149 exec/s: 99030 rss: 65Mb L: 44/135 MS: 1 EraseBytes-
#99121	REDUCE cov: 101 ft: 505 corp: 240/3860b lim: 149 exec/s: 99121 rss: 65Mb L: 12/135 MS: 1 EraseBytes-
#99139	REDUCE cov: 101 ft: 505 corp: 240/3859b lim: 149 exec/s: 99139 rss: 65Mb L: 3/135 MS: 3 CMP-ShuffleBytes-EraseBytes- DE: "\000\000"-
#99320	REDUCE cov: 101 ft: 505 corp: 240/3856b lim: 149 exec/s: 99320 rss: 65Mb L: 8/135 MS: 1 EraseBytes-
#99548	REDUCE cov: 101 ft: 505 corp: 240/3855b lim: 149 exec/s: 99548 rss: 65Mb L: 2/135 MS: 3 ShuffleBytes-CopyPart-EraseBytes-
#100282	REDUCE cov: 101 ft: 506 corp: 241/4008b lim: 156 exec/s: 100282 rss: 65Mb L: 153/153 MS: 4 ChangeBinInt-ChangeBit-InsertRepeatedBytes-CopyPart-
#100608	REDUCE cov: 101 ft: 506 corp: 241/4006b lim: 156 exec/s: 100608 rss: 65Mb L: 32/153 MS: 1 EraseBytes-
#102000	REDUCE cov: 101 ft: 506 corp: 241/4005b lim: 163 exec/s: 102000 rss: 65Mb L: 54/153 MS: 2 ChangeBinInt-EraseBytes-
#102341	NEW    cov: 101 ft: 507 corp: 242/4161b lim: 163 exec/s: 102341 rss: 65Mb L: 156/156 MS: 1 CrossOver-
#103487	REDUCE cov: 101 ft: 507 corp: 242/4156b lim: 170 exec/s: 103487 rss: 65Mb L: 32/156 MS: 1 EraseBytes-
#103549	REDUCE cov: 101 ft: 508 corp: 243/4209b lim: 170 exec/s: 103549 rss: 65Mb L: 53/156 MS: 2 CopyPart-EraseBytes-
#104330	REDUCE cov: 101 ft: 508 corp: 243/4207b lim: 177 exec/s: 104330 rss: 65Mb L: 25/156 MS: 1 EraseBytes-
#104711	REDUCE cov: 101 ft: 508 corp: 243/4204b lim: 177 exec/s: 104711 rss: 65Mb L: 44/156 MS: 1 EraseBytes-
#105127	REDUCE cov: 101 ft: 508 corp: 243/4201b lim: 177 exec/s: 105127 rss: 65Mb L: 18/156 MS: 1 EraseBytes-
#105274	REDUCE cov: 101 ft: 508 corp: 243/4192b lim: 177 exec/s: 105274 rss: 65Mb L: 144/156 MS: 2 CopyPart-EraseBytes-
#105897	REDUCE cov: 101 ft: 508 corp: 243/4190b lim: 177 exec/s: 105897 rss: 65Mb L: 23/156 MS: 3 ChangeBit-CopyPart-EraseBytes-
#106009	REDUCE cov: 101 ft: 509 corp: 244/4300b lim: 177 exec/s: 106009 rss: 65Mb L: 110/156 MS: 2 ShuffleBytes-InsertRepeatedBytes-
#106165	REDUCE cov: 101 ft: 509 corp: 244/4299b lim: 177 exec/s: 106165 rss: 65Mb L: 45/156 MS: 1 EraseBytes-
#106641	REDUCE cov: 101 ft: 509 corp: 244/4297b lim: 177 exec/s: 106641 rss: 65Mb L: 4/156 MS: 1 EraseBytes-
#106717	NEW    cov: 101 ft: 510 corp: 245/4407b lim: 177 exec/s: 106717 rss: 65Mb L: 110/156 MS: 1 CopyPart-
#106848	REDUCE cov: 101 ft: 510 corp: 245/4406b lim: 177 exec/s: 106848 rss: 65Mb L: 4/156 MS: 1 EraseBytes-
#107418	REDUCE cov: 101 ft: 510 corp: 245/4405b lim: 177 exec/s: 107418 rss: 65Mb L: 22/156 MS: 5 ChangeBit-EraseBytes-ChangeByte-EraseBytes-CopyPart-
#107689	REDUCE cov: 101 ft: 510 corp: 245/4404b lim: 177 exec/s: 107689 rss: 65Mb L: 19/156 MS: 1 EraseBytes-
#108139	REDUCE cov: 101 ft: 510 corp: 245/4403b lim: 177 exec/s: 108139 rss: 65Mb L: 109/156 MS: 5 CMP-PersAutoDict-CrossOver-ChangeBit-EraseBytes- DE: "\000\000"-"\001\000"-
#108270	REDUCE cov: 101 ft: 510 corp: 245/4402b lim: 177 exec/s: 108270 rss: 65Mb L: 3/156 MS: 1 EraseBytes-
#108496	REDUCE cov: 101 ft: 510 corp: 245/4384b lim: 177 exec/s: 108496 rss: 65Mb L: 91/156 MS: 1 EraseBytes-
#110055	REDUCE cov: 101 ft: 510 corp: 245/4382b lim: 191 exec/s: 110055 rss: 66Mb L: 2/156 MS: 4 PersAutoDict-EraseBytes-ChangeBit-CopyPart- DE: "\000\000"-
#110093	REDUCE cov: 101 ft: 510 corp: 245/4380b lim: 191 exec/s: 110093 rss: 66Mb L: 22/156 MS: 3 PersAutoDict-ChangeBinInt-EraseBytes- DE: "\000\000\000\000"-
#110344	REDUCE cov: 101 ft: 510 corp: 245/4379b lim: 191 exec/s: 110344 rss: 66Mb L: 32/156 MS: 1 EraseBytes-
#110472	REDUCE cov: 101 ft: 510 corp: 245/4374b lim: 191 exec/s: 110472 rss: 66Mb L: 48/156 MS: 3 EraseBytes-CopyPart-CopyPart-
#110518	REDUCE cov: 101 ft: 510 corp: 245/4367b lim: 191 exec/s: 110518 rss: 66Mb L: 37/156 MS: 1 EraseBytes-
#110639	REDUCE cov: 101 ft: 510 corp: 245/4363b lim: 191 exec/s: 110639 rss: 66Mb L: 7/156 MS: 1 EraseBytes-
#110955	REDUCE cov: 101 ft: 510 corp: 245/4361b lim: 191 exec/s: 110955 rss: 66Mb L: 39/156 MS: 1 EraseBytes-
#110963	REDUCE cov: 101 ft: 510 corp: 245/4337b lim: 191 exec/s: 110963 rss: 66Mb L: 67/156 MS: 3 ShuffleBytes-ChangeBinInt-EraseBytes-
#111005	REDUCE cov: 101 ft: 511 corp: 246/4379b lim: 191 exec/s: 111005 rss: 66Mb L: 42/156 MS: 2 CopyPart-CrossOver-
#111961	REDUCE cov: 101 ft: 511 corp: 246/4376b lim: 198 exec/s: 111961 rss: 66Mb L: 41/156 MS: 1 EraseBytes-
#112065	REDUCE cov: 101 ft: 511 corp: 246/4372b lim: 198 exec/s: 112065 rss: 66Mb L: 36/156 MS: 4 InsertByte-InsertByte-ChangeBinInt-EraseBytes-
#112138	REDUCE cov: 101 ft: 511 corp: 246/4341b lim: 198 exec/s: 112138 rss: 66Mb L: 79/156 MS: 3 CopyPart-ChangeBinInt-EraseBytes-
#112150	REDUCE cov: 101 ft: 511 corp: 246/4340b lim: 198 exec/s: 112150 rss: 66Mb L: 10/156 MS: 2 CopyPart-EraseBytes-
#112487	REDUCE cov: 101 ft: 511 corp: 246/4339b lim: 198 exec/s: 112487 rss: 66Mb L: 11/156 MS: 2 ChangeBinInt-EraseBytes-
#112523	REDUCE cov: 101 ft: 511 corp: 246/4337b lim: 198 exec/s: 112523 rss: 66Mb L: 38/156 MS: 1 EraseBytes-
#112590	REDUCE cov: 101 ft: 511 corp: 246/4335b lim: 198 exec/s: 112590 rss: 66Mb L: 9/156 MS: 2 ChangeByte-EraseBytes-
#113756	REDUCE cov: 101 ft: 511 corp: 246/4297b lim: 205 exec/s: 113756 rss: 66Mb L: 41/156 MS: 1 EraseBytes-
#113763	REDUCE cov: 101 ft: 511 corp: 246/4290b lim: 205 exec/s: 113763 rss: 66Mb L: 21/156 MS: 2 ShuffleBytes-EraseBytes-
#113934	REDUCE cov: 101 ft: 511 corp: 246/4289b lim: 205 exec/s: 113934 rss: 66Mb L: 18/156 MS: 1 EraseBytes-
#114885	REDUCE cov: 101 ft: 511 corp: 246/4287b lim: 212 exec/s: 114885 rss: 66Mb L: 43/156 MS: 1 EraseBytes-
#115356	REDUCE cov: 101 ft: 511 corp: 246/4284b lim: 212 exec/s: 115356 rss: 66Mb L: 23/156 MS: 1 EraseBytes-
#115772	REDUCE cov: 101 ft: 511 corp: 246/4282b lim: 212 exec/s: 115772 rss: 66Mb L: 37/156 MS: 1 EraseBytes-
#115958	NEW    cov: 101 ft: 513 corp: 247/4494b lim: 212 exec/s: 115958 rss: 66Mb L: 212/212 MS: 1 CopyPart-
#116095	REDUCE cov: 101 ft: 513 corp: 247/4488b lim: 212 exec/s: 116095 rss: 66Mb L: 34/212 MS: 2 PersAutoDict-EraseBytes- DE: "\001\000\000\000"-
#116446	REDUCE cov: 101 ft: 513 corp: 247/4487b lim: 212 exec/s: 116446 rss: 66Mb L: 23/212 MS: 1 EraseBytes-
#116777	REDUCE cov: 101 ft: 513 corp: 247/4486b lim: 212 exec/s: 116777 rss: 66Mb L: 16/212 MS: 1 EraseBytes-
#117083	REDUCE cov: 101 ft: 513 corp: 247/4485b lim: 212 exec/s: 117083 rss: 66Mb L: 5/212 MS: 1 EraseBytes-
#117334	REDUCE cov: 101 ft: 513 corp: 247/4484b lim: 212 exec/s: 117334 rss: 66Mb L: 7/212 MS: 1 EraseBytes-
#117602	REDUCE cov: 101 ft: 513 corp: 247/4482b lim: 212 exec/s: 117602 rss: 66Mb L: 3/212 MS: 3 InsertByte-EraseBytes-EraseBytes-
#117864	REDUCE cov: 101 ft: 513 corp: 247/4481b lim: 212 exec/s: 117864 rss: 66Mb L: 134/212 MS: 2 EraseBytes-PersAutoDict- DE: "\377\377\377\377\377\377\377\377"-
#118180	REDUCE cov: 101 ft: 513 corp: 247/4480b lim: 212 exec/s: 118180 rss: 66Mb L: 5/212 MS: 1 EraseBytes-
#118241	REDUCE cov: 101 ft: 513 corp: 247/4476b lim: 212 exec/s: 118241 rss: 66Mb L: 56/212 MS: 1 EraseBytes-
#118571	REDUCE cov: 101 ft: 513 corp: 247/4473b lim: 212 exec/s: 118571 rss: 66Mb L: 64/212 MS: 5 InsertByte-PersAutoDict-ChangeBinInt-InsertByte-EraseBytes- DE: "\001\000"-
#119939	REDUCE cov: 101 ft: 513 corp: 247/4472b lim: 219 exec/s: 119939 rss: 66Mb L: 3/212 MS: 3 InsertByte-InsertByte-EraseBytes-
#120585	REDUCE cov: 101 ft: 513 corp: 247/4469b lim: 219 exec/s: 120585 rss: 66Mb L: 61/212 MS: 1 EraseBytes-
#120746	REDUCE cov: 101 ft: 513 corp: 247/4468b lim: 219 exec/s: 120746 rss: 66Mb L: 8/212 MS: 1 EraseBytes-
#120783	REDUCE cov: 101 ft: 513 corp: 247/4467b lim: 219 exec/s: 120783 rss: 66Mb L: 4/212 MS: 2 ChangeBit-EraseBytes-
#120852	REDUCE cov: 101 ft: 513 corp: 247/4466b lim: 219 exec/s: 120852 rss: 66Mb L: 4/212 MS: 4 ShuffleBytes-CopyPart-ShuffleBytes-EraseBytes-
#121174	REDUCE cov: 101 ft: 513 corp: 247/4460b lim: 219 exec/s: 121174 rss: 66Mb L: 35/212 MS: 2 ShuffleBytes-EraseBytes-
#121235	REDUCE cov: 101 ft: 513 corp: 247/4459b lim: 219 exec/s: 121235 rss: 66Mb L: 5/212 MS: 1 EraseBytes-
#122932	REDUCE cov: 101 ft: 513 corp: 247/4458b lim: 233 exec/s: 122932 rss: 66Mb L: 9/212 MS: 2 ChangeBinInt-EraseBytes-
#122938	REDUCE cov: 101 ft: 513 corp: 247/4456b lim: 233 exec/s: 122938 rss: 66Mb L: 9/212 MS: 1 EraseBytes-
#123589	REDUCE cov: 101 ft: 513 corp: 247/4455b lim: 233 exec/s: 123589 rss: 66Mb L: 11/212 MS: 1 EraseBytes-
#123787	REDUCE cov: 101 ft: 513 corp: 247/4454b lim: 233 exec/s: 123787 rss: 66Mb L: 23/212 MS: 3 ChangeBit-ChangeBit-EraseBytes-
#123870	REDUCE cov: 101 ft: 513 corp: 247/4442b lim: 233 exec/s: 123870 rss: 66Mb L: 200/200 MS: 3 CrossOver-CopyPart-EraseBytes-
#124121	REDUCE cov: 101 ft: 513 corp: 247/4441b lim: 233 exec/s: 124121 rss: 66Mb L: 5/200 MS: 1 EraseBytes-
#124297	REDUCE cov: 101 ft: 513 corp: 247/4439b lim: 233 exec/s: 124297 rss: 66Mb L: 52/200 MS: 1 EraseBytes-
#125778	REDUCE cov: 101 ft: 513 corp: 247/4434b lim: 247 exec/s: 125778 rss: 66Mb L: 195/195 MS: 1 CrossOver-
#125799	REDUCE cov: 101 ft: 513 corp: 247/4414b lim: 247 exec/s: 125799 rss: 66Mb L: 175/175 MS: 1 EraseBytes-
#126854	REDUCE cov: 101 ft: 515 corp: 248/4666b lim: 254 exec/s: 126854 rss: 66Mb L: 252/252 MS: 5 CrossOver-InsertByte-CopyPart-CopyPart-CopyPart-
#126906	REDUCE cov: 101 ft: 515 corp: 248/4664b lim: 254 exec/s: 126906 rss: 66Mb L: 36/252 MS: 2 EraseBytes-CopyPart-
#127010	REDUCE cov: 101 ft: 515 corp: 248/4663b lim: 254 exec/s: 127010 rss: 66Mb L: 3/252 MS: 4 ShuffleBytes-ShuffleBytes-ChangeByte-EraseBytes-
#127232	REDUCE cov: 101 ft: 515 corp: 248/4661b lim: 254 exec/s: 127232 rss: 66Mb L: 38/252 MS: 2 CopyPart-EraseBytes-
#128349	REDUCE cov: 101 ft: 515 corp: 248/4660b lim: 261 exec/s: 128349 rss: 67Mb L: 4/252 MS: 2 EraseBytes-CopyPart-
#129065	REDUCE cov: 101 ft: 515 corp: 248/4658b lim: 261 exec/s: 129065 rss: 67Mb L: 17/252 MS: 1 EraseBytes-
#129506	REDUCE cov: 101 ft: 515 corp: 248/4657b lim: 261 exec/s: 129506 rss: 67Mb L: 4/252 MS: 1 EraseBytes-
#130012	REDUCE cov: 101 ft: 515 corp: 248/4654b lim: 261 exec/s: 130012 rss: 67Mb L: 5/252 MS: 1 EraseBytes-
#130538	REDUCE cov: 101 ft: 515 corp: 248/4653b lim: 261 exec/s: 130538 rss: 67Mb L: 42/252 MS: 1 EraseBytes-
#130595	REDUCE cov: 101 ft: 515 corp: 248/4651b lim: 261 exec/s: 130595 rss: 67Mb L: 34/252 MS: 2 ChangeBinInt-EraseBytes-
#130706	REDUCE cov: 101 ft: 515 corp: 248/4649b lim: 261 exec/s: 130706 rss: 67Mb L: 36/252 MS: 1 EraseBytes-
#130787	REDUCE cov: 101 ft: 515 corp: 248/4648b lim: 261 exec/s: 130787 rss: 67Mb L: 7/252 MS: 1 EraseBytes-
#130878	REDUCE cov: 101 ft: 515 corp: 248/4647b lim: 261 exec/s: 130878 rss: 67Mb L: 4/252 MS: 1 EraseBytes-
#131524	REDUCE cov: 101 ft: 515 corp: 248/4646b lim: 261 exec/s: 131524 rss: 67Mb L: 8/252 MS: 1 EraseBytes-
#131535	REDUCE cov: 101 ft: 515 corp: 248/4645b lim: 261 exec/s: 131535 rss: 67Mb L: 34/252 MS: 1 EraseBytes-
#132088	REDUCE cov: 101 ft: 517 corp: 249/4818b lim: 261 exec/s: 132088 rss: 67Mb L: 173/252 MS: 3 CopyPart-InsertRepeatedBytes-CopyPart-
#132419	REDUCE cov: 101 ft: 517 corp: 249/4817b lim: 261 exec/s: 132419 rss: 67Mb L: 3/252 MS: 1 EraseBytes-
#133035	REDUCE cov: 101 ft: 519 corp: 250/4981b lim: 261 exec/s: 133035 rss: 67Mb L: 164/252 MS: 1 InsertRepeatedBytes-
#133046	REDUCE cov: 101 ft: 519 corp: 250/4979b lim: 261 exec/s: 133046 rss: 67Mb L: 48/252 MS: 1 EraseBytes-
#134813	REDUCE cov: 101 ft: 519 corp: 250/4978b lim: 277 exec/s: 134813 rss: 67Mb L: 251/251 MS: 2 ChangeByte-EraseBytes-
#134959	REDUCE cov: 101 ft: 519 corp: 250/4975b lim: 277 exec/s: 134959 rss: 67Mb L: 35/251 MS: 1 EraseBytes-
#135250	REDUCE cov: 101 ft: 519 corp: 250/4965b lim: 277 exec/s: 135250 rss: 67Mb L: 32/251 MS: 1 EraseBytes-
#136251	REDUCE cov: 101 ft: 519 corp: 250/4963b lim: 285 exec/s: 136251 rss: 67Mb L: 11/251 MS: 1 EraseBytes-
#136397	REDUCE cov: 101 ft: 519 corp: 250/4961b lim: 285 exec/s: 136397 rss: 67Mb L: 17/251 MS: 1 EraseBytes-
#136708	REDUCE cov: 101 ft: 519 corp: 250/4957b lim: 285 exec/s: 136708 rss: 67Mb L: 28/251 MS: 1 EraseBytes-
#136767	REDUCE cov: 101 ft: 521 corp: 251/5158b lim: 285 exec/s: 136767 rss: 67Mb L: 201/251 MS: 4 InsertRepeatedBytes-ShuffleBytes-CrossOver-CopyPart-
#137383	REDUCE cov: 101 ft: 521 corp: 251/5129b lim: 285 exec/s: 137383 rss: 67Mb L: 172/251 MS: 1 EraseBytes-
#137789	REDUCE cov: 101 ft: 521 corp: 251/5107b lim: 285 exec/s: 137789 rss: 67Mb L: 150/251 MS: 1 EraseBytes-
#138352	REDUCE cov: 101 ft: 521 corp: 251/5104b lim: 285 exec/s: 138352 rss: 67Mb L: 43/251 MS: 3 EraseBytes-ShuffleBytes-CopyPart-
#138722	REDUCE cov: 101 ft: 521 corp: 251/5098b lim: 285 exec/s: 138722 rss: 67Mb L: 41/251 MS: 5 InsertByte-CrossOver-ShuffleBytes-ChangeByte-EraseBytes-
#138984	REDUCE cov: 101 ft: 521 corp: 251/5067b lim: 285 exec/s: 138984 rss: 67Mb L: 142/251 MS: 2 CopyPart-EraseBytes-
#139377	REDUCE cov: 101 ft: 521 corp: 251/5062b lim: 285 exec/s: 139377 rss: 67Mb L: 38/251 MS: 3 CopyPart-ChangeBinInt-EraseBytes-
#139699	REDUCE cov: 101 ft: 521 corp: 251/5059b lim: 285 exec/s: 139699 rss: 67Mb L: 11/251 MS: 2 CopyPart-EraseBytes-
#139976	REDUCE cov: 101 ft: 521 corp: 251/5046b lim: 285 exec/s: 139976 rss: 67Mb L: 28/251 MS: 2 ChangeBit-EraseBytes-
#141477	REDUCE cov: 101 ft: 521 corp: 251/5045b lim: 293 exec/s: 141477 rss: 68Mb L: 3/251 MS: 1 EraseBytes-
#141704	REDUCE cov: 101 ft: 521 corp: 251/5040b lim: 293 exec/s: 141704 rss: 68Mb L: 47/251 MS: 2 CopyPart-EraseBytes-
#141760	REDUCE cov: 101 ft: 521 corp: 251/5037b lim: 293 exec/s: 141760 rss: 68Mb L: 34/251 MS: 1 EraseBytes-
#142346	REDUCE cov: 101 ft: 521 corp: 251/5036b lim: 293 exec/s: 142346 rss: 68Mb L: 2/251 MS: 1 EraseBytes-
#142529	REDUCE cov: 101 ft: 521 corp: 251/5026b lim: 293 exec/s: 142529 rss: 68Mb L: 51/251 MS: 3 ChangeBit-ChangeBinInt-EraseBytes-
#142676	REDUCE cov: 101 ft: 521 corp: 251/5021b lim: 293 exec/s: 142676 rss: 68Mb L: 137/251 MS: 2 ShuffleBytes-EraseBytes-
#143007	REDUCE cov: 101 ft: 521 corp: 251/5019b lim: 293 exec/s: 143007 rss: 68Mb L: 129/251 MS: 1 EraseBytes-
#143573	REDUCE cov: 101 ft: 521 corp: 251/5018b lim: 293 exec/s: 143573 rss: 68Mb L: 27/251 MS: 1 EraseBytes-
#144195	REDUCE cov: 101 ft: 521 corp: 251/5017b lim: 293 exec/s: 144195 rss: 68Mb L: 16/251 MS: 2 ShuffleBytes-EraseBytes-
#144226	REDUCE cov: 101 ft: 521 corp: 251/5015b lim: 293 exec/s: 144226 rss: 68Mb L: 2/251 MS: 1 EraseBytes-
#144293	REDUCE cov: 101 ft: 521 corp: 251/5013b lim: 293 exec/s: 144293 rss: 68Mb L: 5/251 MS: 2 EraseBytes-CopyPart-
#146081	REDUCE cov: 101 ft: 521 corp: 251/5008b lim: 309 exec/s: 146081 rss: 68Mb L: 139/251 MS: 3 CrossOver-ChangeByte-EraseBytes-
#146108	REDUCE cov: 101 ft: 521 corp: 251/5006b lim: 309 exec/s: 146108 rss: 68Mb L: 135/251 MS: 2 CopyPart-EraseBytes-
#147384	REDUCE cov: 101 ft: 521 corp: 251/5004b lim: 317 exec/s: 147384 rss: 68Mb L: 32/251 MS: 1 EraseBytes-
#147540	REDUCE cov: 101 ft: 521 corp: 251/5003b lim: 317 exec/s: 147540 rss: 68Mb L: 2/251 MS: 1 EraseBytes-
#148942	REDUCE cov: 101 ft: 521 corp: 251/4997b lim: 325 exec/s: 148942 rss: 68Mb L: 22/251 MS: 2 EraseBytes-CopyPart-
#149048	REDUCE cov: 101 ft: 521 corp: 251/4996b lim: 325 exec/s: 149048 rss: 68Mb L: 46/251 MS: 1 EraseBytes-
#149514	REDUCE cov: 101 ft: 521 corp: 251/4953b lim: 325 exec/s: 149514 rss: 68Mb L: 208/208 MS: 1 EraseBytes-
#150001	REDUCE cov: 101 ft: 521 corp: 251/4952b lim: 325 exec/s: 150001 rss: 68Mb L: 22/208 MS: 2 ChangeBit-EraseBytes-
#150360	REDUCE cov: 101 ft: 521 corp: 251/4951b lim: 325 exec/s: 150360 rss: 68Mb L: 37/208 MS: 4 CrossOver-ShuffleBytes-ChangeBinInt-EraseBytes-
#150549	REDUCE cov: 101 ft: 521 corp: 251/4950b lim: 325 exec/s: 150549 rss: 68Mb L: 9/208 MS: 4 CopyPart-CopyPart-ChangeByte-EraseBytes-
#151830	REDUCE cov: 101 ft: 521 corp: 251/4949b lim: 333 exec/s: 151830 rss: 68Mb L: 22/208 MS: 1 EraseBytes-
#152691	REDUCE cov: 101 ft: 521 corp: 251/4948b lim: 341 exec/s: 152691 rss: 68Mb L: 2/208 MS: 1 EraseBytes-
#153357	REDUCE cov: 101 ft: 521 corp: 251/4947b lim: 341 exec/s: 153357 rss: 68Mb L: 8/208 MS: 1 EraseBytes-
#153705	REDUCE cov: 101 ft: 521 corp: 251/4946b lim: 341 exec/s: 153705 rss: 68Mb L: 42/208 MS: 3 ChangeBinInt-ShuffleBytes-EraseBytes-
#154211	REDUCE cov: 101 ft: 521 corp: 251/4945b lim: 341 exec/s: 154211 rss: 68Mb L: 5/208 MS: 1 EraseBytes-
#154502	REDUCE cov: 101 ft: 521 corp: 251/4944b lim: 341 exec/s: 154502 rss: 68Mb L: 35/208 MS: 1 EraseBytes-
#154646	REDUCE cov: 101 ft: 521 corp: 251/4931b lim: 341 exec/s: 154646 rss: 68Mb L: 151/208 MS: 4 ChangeByte-CMP-CopyPart-EraseBytes- DE: "\037\000\000\000\000\000\000\000"-
#154653	REDUCE cov: 101 ft: 521 corp: 251/4929b lim: 341 exec/s: 154653 rss: 68Mb L: 6/208 MS: 2 EraseBytes-CopyPart-
#155494	REDUCE cov: 101 ft: 521 corp: 251/4928b lim: 349 exec/s: 155494 rss: 68Mb L: 4/208 MS: 1 EraseBytes-
#155977	REDUCE cov: 101 ft: 521 corp: 251/4926b lim: 349 exec/s: 155977 rss: 68Mb L: 5/208 MS: 3 InsertByte-ChangeBit-EraseBytes-
#157355	REDUCE cov: 101 ft: 521 corp: 251/4925b lim: 357 exec/s: 157355 rss: 68Mb L: 5/208 MS: 3 ShuffleBytes-ChangeByte-EraseBytes-
#157527	REDUCE cov: 101 ft: 521 corp: 251/4923b lim: 357 exec/s: 157527 rss: 68Mb L: 46/208 MS: 2 CopyPart-EraseBytes-
#157639	REDUCE cov: 101 ft: 521 corp: 251/4922b lim: 357 exec/s: 157639 rss: 68Mb L: 15/208 MS: 2 EraseBytes-CopyPart-
#157780	REDUCE cov: 101 ft: 521 corp: 251/4919b lim: 357 exec/s: 157780 rss: 68Mb L: 36/208 MS: 1 EraseBytes-
#159103	REDUCE cov: 101 ft: 521 corp: 251/4907b lim: 365 exec/s: 159103 rss: 69Mb L: 39/208 MS: 3 ShuffleBytes-InsertByte-EraseBytes-
#159938	REDUCE cov: 101 ft: 521 corp: 251/4905b lim: 373 exec/s: 159938 rss: 69Mb L: 7/208 MS: 5 CopyPart-ShuffleBytes-EraseBytes-ShuffleBytes-EraseBytes-
#160025	REDUCE cov: 101 ft: 521 corp: 251/4904b lim: 373 exec/s: 160025 rss: 69Mb L: 20/208 MS: 2 CrossOver-EraseBytes-
#161436	REDUCE cov: 101 ft: 521 corp: 251/4902b lim: 381 exec/s: 161436 rss: 69Mb L: 4/208 MS: 1 EraseBytes-
#161527	REDUCE cov: 101 ft: 521 corp: 251/4901b lim: 381 exec/s: 161527 rss: 69Mb L: 6/208 MS: 1 EraseBytes-
#162024	REDUCE cov: 101 ft: 521 corp: 251/4900b lim: 381 exec/s: 162024 rss: 69Mb L: 4/208 MS: 2 CrossOver-EraseBytes-
#162660	REDUCE cov: 101 ft: 521 corp: 251/4899b lim: 381 exec/s: 162660 rss: 69Mb L: 9/208 MS: 1 EraseBytes-
#163068	REDUCE cov: 101 ft: 521 corp: 251/4897b lim: 381 exec/s: 163068 rss: 69Mb L: 38/208 MS: 3 EraseBytes-ChangeBit-CopyPart-
#163365	REDUCE cov: 101 ft: 521 corp: 251/4896b lim: 381 exec/s: 163365 rss: 69Mb L: 21/208 MS: 2 CopyPart-EraseBytes-
#164407	REDUCE cov: 101 ft: 521 corp: 251/4895b lim: 389 exec/s: 164407 rss: 69Mb L: 4/208 MS: 2 EraseBytes-CopyPart-
#165203	REDUCE cov: 101 ft: 521 corp: 251/4892b lim: 389 exec/s: 165203 rss: 69Mb L: 15/208 MS: 1 EraseBytes-
#165631	REDUCE cov: 101 ft: 521 corp: 251/4890b lim: 389 exec/s: 165631 rss: 69Mb L: 32/208 MS: 3 CrossOver-PersAutoDict-EraseBytes- DE: "\000\000\000\000"-
#165647	REDUCE cov: 101 ft: 521 corp: 251/4889b lim: 389 exec/s: 165647 rss: 69Mb L: 38/208 MS: 1 EraseBytes-
#165744	REDUCE cov: 101 ft: 521 corp: 251/4888b lim: 389 exec/s: 165744 rss: 69Mb L: 3/208 MS: 2 EraseBytes-CopyPart-
#166626	REDUCE cov: 101 ft: 521 corp: 251/4887b lim: 397 exec/s: 166626 rss: 69Mb L: 4/208 MS: 2 ShuffleBytes-EraseBytes-
#168052	REDUCE cov: 101 ft: 521 corp: 251/4884b lim: 405 exec/s: 168052 rss: 69Mb L: 9/208 MS: 1 EraseBytes-
#169523	REDUCE cov: 101 ft: 521 corp: 251/4883b lim: 413 exec/s: 169523 rss: 69Mb L: 3/208 MS: 1 EraseBytes-
#169651	NEW    cov: 101 ft: 527 corp: 252/5113b lim: 413 exec/s: 169651 rss: 69Mb L: 230/230 MS: 3 ChangeBinInt-InsertRepeatedBytes-CopyPart-
#170232	REDUCE cov: 101 ft: 527 corp: 252/5111b lim: 413 exec/s: 170232 rss: 69Mb L: 32/230 MS: 1 EraseBytes-
#171058	REDUCE cov: 101 ft: 527 corp: 252/5109b lim: 421 exec/s: 171058 rss: 69Mb L: 3/230 MS: 1 EraseBytes-
#171919	REDUCE cov: 101 ft: 527 corp: 252/5108b lim: 429 exec/s: 171919 rss: 69Mb L: 4/230 MS: 1 EraseBytes-
#172288	REDUCE cov: 101 ft: 527 corp: 252/5098b lim: 429 exec/s: 172288 rss: 69Mb L: 38/230 MS: 4 ShuffleBytes-ShuffleBytes-EraseBytes-CopyPart-
#172524	REDUCE cov: 101 ft: 527 corp: 252/5094b lim: 429 exec/s: 172524 rss: 69Mb L: 34/230 MS: 1 EraseBytes-
#172805	REDUCE cov: 101 ft: 527 corp: 252/5093b lim: 429 exec/s: 172805 rss: 69Mb L: 6/230 MS: 1 EraseBytes-
#173328	REDUCE cov: 101 ft: 527 corp: 252/5091b lim: 429 exec/s: 173328 rss: 69Mb L: 154/230 MS: 3 EraseBytes-CopyPart-CopyPart-
#174059	REDUCE cov: 101 ft: 527 corp: 252/5087b lim: 429 exec/s: 174059 rss: 69Mb L: 38/230 MS: 1 EraseBytes-
#174810	REDUCE cov: 101 ft: 527 corp: 252/5085b lim: 429 exec/s: 174810 rss: 69Mb L: 30/230 MS: 1 EraseBytes-
#177481	REDUCE cov: 101 ft: 527 corp: 252/5084b lim: 453 exec/s: 177481 rss: 70Mb L: 17/230 MS: 1 EraseBytes-
#181352	REDUCE cov: 101 ft: 527 corp: 252/5082b lim: 485 exec/s: 181352 rss: 70Mb L: 58/230 MS: 1 EraseBytes-
#182013	REDUCE cov: 101 ft: 527 corp: 252/5073b lim: 485 exec/s: 182013 rss: 70Mb L: 221/221 MS: 1 EraseBytes-
#182095	REDUCE cov: 101 ft: 527 corp: 252/5071b lim: 485 exec/s: 182095 rss: 70Mb L: 30/221 MS: 2 ShuffleBytes-EraseBytes-
#183376	REDUCE cov: 101 ft: 527 corp: 252/5064b lim: 493 exec/s: 183376 rss: 70Mb L: 8/221 MS: 1 EraseBytes-
#183492	REDUCE cov: 101 ft: 527 corp: 252/5063b lim: 493 exec/s: 183492 rss: 70Mb L: 3/221 MS: 1 EraseBytes-
#184063	REDUCE cov: 101 ft: 527 corp: 252/5057b lim: 493 exec/s: 184063 rss: 70Mb L: 144/221 MS: 1 EraseBytes-
#185104	REDUCE cov: 101 ft: 527 corp: 252/5055b lim: 501 exec/s: 185104 rss: 70Mb L: 128/221 MS: 1 EraseBytes-
#186320	REDUCE cov: 101 ft: 527 corp: 252/5049b lim: 509 exec/s: 186320 rss: 70Mb L: 68/221 MS: 1 EraseBytes-
#188071	REDUCE cov: 101 ft: 527 corp: 252/5042b lim: 526 exec/s: 188071 rss: 70Mb L: 144/221 MS: 1 EraseBytes-
#188403	REDUCE cov: 101 ft: 527 corp: 252/5039b lim: 526 exec/s: 188403 rss: 70Mb L: 10/221 MS: 2 ShuffleBytes-EraseBytes-
#188625	REDUCE cov: 101 ft: 527 corp: 252/5038b lim: 526 exec/s: 188625 rss: 70Mb L: 5/221 MS: 2 ShuffleBytes-EraseBytes-
#188841	REDUCE cov: 101 ft: 527 corp: 252/5032b lim: 526 exec/s: 188841 rss: 70Mb L: 26/221 MS: 1 EraseBytes-
#189093	REDUCE cov: 101 ft: 527 corp: 252/5031b lim: 526 exec/s: 189093 rss: 70Mb L: 138/221 MS: 2 InsertByte-EraseBytes-
#189260	REDUCE cov: 101 ft: 527 corp: 252/5030b lim: 526 exec/s: 189260 rss: 70Mb L: 3/221 MS: 2 CopyPart-EraseBytes-
#189297	REDUCE cov: 101 ft: 527 corp: 252/5029b lim: 526 exec/s: 189297 rss: 70Mb L: 19/221 MS: 2 CrossOver-EraseBytes-
#189573	REDUCE cov: 101 ft: 527 corp: 252/5028b lim: 526 exec/s: 189573 rss: 70Mb L: 8/221 MS: 1 EraseBytes-
#189574	REDUCE cov: 101 ft: 527 corp: 252/5027b lim: 526 exec/s: 189574 rss: 70Mb L: 21/221 MS: 1 EraseBytes-
#191635	REDUCE cov: 101 ft: 527 corp: 252/5019b lim: 544 exec/s: 191635 rss: 71Mb L: 38/221 MS: 1 EraseBytes-
#192447	REDUCE cov: 101 ft: 527 corp: 252/5018b lim: 544 exec/s: 192447 rss: 71Mb L: 5/221 MS: 2 ShuffleBytes-EraseBytes-
#193133	REDUCE cov: 101 ft: 527 corp: 252/5017b lim: 544 exec/s: 193133 rss: 71Mb L: 26/221 MS: 1 EraseBytes-
#193949	REDUCE cov: 101 ft: 527 corp: 252/5014b lim: 544 exec/s: 193949 rss: 71Mb L: 19/221 MS: 1 EraseBytes-
#194368	REDUCE cov: 101 ft: 529 corp: 253/5166b lim: 544 exec/s: 194368 rss: 71Mb L: 152/221 MS: 4 ShuffleBytes-ChangeByte-InsertRepeatedBytes-CopyPart-
#194799	REDUCE cov: 101 ft: 529 corp: 253/5164b lim: 544 exec/s: 194799 rss: 71Mb L: 34/221 MS: 1 EraseBytes-
#195225	REDUCE cov: 101 ft: 529 corp: 253/5163b lim: 544 exec/s: 195225 rss: 71Mb L: 3/221 MS: 1 EraseBytes-
#196831	REDUCE cov: 101 ft: 529 corp: 253/5161b lim: 553 exec/s: 196831 rss: 71Mb L: 36/221 MS: 1 EraseBytes-
#198413	REDUCE cov: 101 ft: 529 corp: 253/5140b lim: 562 exec/s: 198413 rss: 71Mb L: 131/221 MS: 2 InsertRepeatedBytes-EraseBytes-
#200139	REDUCE cov: 101 ft: 529 corp: 253/5137b lim: 571 exec/s: 200139 rss: 71Mb L: 132/221 MS: 1 EraseBytes-
#200230	REDUCE cov: 101 ft: 529 corp: 253/5136b lim: 571 exec/s: 200230 rss: 71Mb L: 33/221 MS: 1 EraseBytes-
#200747	REDUCE cov: 101 ft: 529 corp: 253/5118b lim: 571 exec/s: 200747 rss: 71Mb L: 203/208 MS: 2 ShuffleBytes-EraseBytes-
#201438	REDUCE cov: 101 ft: 529 corp: 253/5116b lim: 571 exec/s: 201438 rss: 71Mb L: 5/208 MS: 1 EraseBytes-
#202916	REDUCE cov: 101 ft: 529 corp: 253/5115b lim: 580 exec/s: 202916 rss: 71Mb L: 2/208 MS: 3 ChangeBit-ShuffleBytes-EraseBytes-
#205307	REDUCE cov: 101 ft: 529 corp: 253/5113b lim: 598 exec/s: 205307 rss: 72Mb L: 3/208 MS: 1 EraseBytes-
#205878	REDUCE cov: 101 ft: 529 corp: 253/5112b lim: 598 exec/s: 205878 rss: 72Mb L: 34/208 MS: 1 EraseBytes-
#206154	REDUCE cov: 101 ft: 529 corp: 253/5110b lim: 598 exec/s: 206154 rss: 72Mb L: 20/208 MS: 1 EraseBytes-
#206855	REDUCE cov: 101 ft: 529 corp: 253/5109b lim: 598 exec/s: 206855 rss: 72Mb L: 4/208 MS: 1 EraseBytes-
#207001	REDUCE cov: 101 ft: 530 corp: 254/5247b lim: 598 exec/s: 207001 rss: 72Mb L: 138/208 MS: 1 InsertRepeatedBytes-
#207261	NEW    cov: 101 ft: 533 corp: 255/5551b lim: 598 exec/s: 207261 rss: 72Mb L: 304/304 MS: 5 CrossOver-InsertByte-CopyPart-EraseBytes-CopyPart-
#207693	REDUCE cov: 101 ft: 533 corp: 255/5548b lim: 598 exec/s: 207693 rss: 72Mb L: 20/304 MS: 2 ChangeBit-EraseBytes-
#208104	REDUCE cov: 101 ft: 533 corp: 255/5464b lim: 598 exec/s: 208104 rss: 72Mb L: 220/220 MS: 1 EraseBytes-
#208207	REDUCE cov: 101 ft: 534 corp: 256/5849b lim: 598 exec/s: 208207 rss: 72Mb L: 385/385 MS: 3 CopyPart-ShuffleBytes-CrossOver-
#209827	REDUCE cov: 101 ft: 534 corp: 256/5848b lim: 607 exec/s: 209827 rss: 72Mb L: 21/385 MS: 5 CMP-ChangeBit-CrossOver-CopyPart-EraseBytes- DE: "\000\000"-
#210493	REDUCE cov: 101 ft: 534 corp: 256/5832b lim: 607 exec/s: 210493 rss: 72Mb L: 204/385 MS: 1 EraseBytes-
#210605	REDUCE cov: 101 ft: 534 corp: 256/5825b lim: 607 exec/s: 210605 rss: 72Mb L: 23/385 MS: 2 CrossOver-EraseBytes-
#210791	REDUCE cov: 101 ft: 534 corp: 256/5820b lim: 607 exec/s: 210791 rss: 72Mb L: 38/385 MS: 1 EraseBytes-
#211673	REDUCE cov: 101 ft: 534 corp: 256/5819b lim: 607 exec/s: 211673 rss: 72Mb L: 36/385 MS: 2 InsertByte-EraseBytes-
#212299	REDUCE cov: 101 ft: 534 corp: 256/5818b lim: 607 exec/s: 212299 rss: 73Mb L: 36/385 MS: 1 EraseBytes-
#213175	REDUCE cov: 101 ft: 534 corp: 256/5817b lim: 607 exec/s: 213175 rss: 73Mb L: 19/385 MS: 1 EraseBytes-
#214141	REDUCE cov: 101 ft: 534 corp: 256/5816b lim: 616 exec/s: 214141 rss: 73Mb L: 15/385 MS: 1 EraseBytes-
#214467	REDUCE cov: 101 ft: 534 corp: 256/5815b lim: 616 exec/s: 214467 rss: 73Mb L: 24/385 MS: 1 EraseBytes-
#214535	REDUCE cov: 101 ft: 534 corp: 256/5787b lim: 616 exec/s: 214535 rss: 73Mb L: 180/385 MS: 3 EraseBytes-CopyPart-CopyPart-
#214942	REDUCE cov: 101 ft: 534 corp: 256/5764b lim: 616 exec/s: 214942 rss: 73Mb L: 181/385 MS: 2 ShuffleBytes-EraseBytes-
#215315	REDUCE cov: 101 ft: 534 corp: 256/5688b lim: 616 exec/s: 215315 rss: 73Mb L: 309/309 MS: 3 ChangeByte-ChangeByte-EraseBytes-
#216268	REDUCE cov: 101 ft: 534 corp: 256/5686b lim: 625 exec/s: 216268 rss: 73Mb L: 13/309 MS: 3 CopyPart-ChangeBit-EraseBytes-
#217974	REDUCE cov: 101 ft: 534 corp: 256/5684b lim: 634 exec/s: 217974 rss: 73Mb L: 32/309 MS: 1 EraseBytes-
#218178	REDUCE cov: 101 ft: 534 corp: 256/5683b lim: 634 exec/s: 218178 rss: 73Mb L: 57/309 MS: 4 ChangeBinInt-EraseBytes-ChangeBinInt-CopyPart-
#219669	REDUCE cov: 101 ft: 534 corp: 256/5682b lim: 643 exec/s: 219669 rss: 73Mb L: 18/309 MS: 1 EraseBytes-
#221550	REDUCE cov: 101 ft: 534 corp: 256/5681b lim: 661 exec/s: 221550 rss: 73Mb L: 41/309 MS: 1 EraseBytes-
#222501	REDUCE cov: 101 ft: 534 corp: 256/5680b lim: 670 exec/s: 222501 rss: 73Mb L: 12/309 MS: 1 EraseBytes-
#222522	REDUCE cov: 101 ft: 534 corp: 256/5678b lim: 670 exec/s: 222522 rss: 73Mb L: 9/309 MS: 1 EraseBytes-
#223483	REDUCE cov: 101 ft: 534 corp: 256/5668b lim: 679 exec/s: 223483 rss: 73Mb L: 47/309 MS: 1 EraseBytes-
#225394	REDUCE cov: 101 ft: 534 corp: 256/5666b lim: 697 exec/s: 225394 rss: 73Mb L: 10/309 MS: 1 EraseBytes-
#225955	REDUCE cov: 101 ft: 534 corp: 256/5665b lim: 697 exec/s: 225955 rss: 73Mb L: 14/309 MS: 1 EraseBytes-
#227751	REDUCE cov: 101 ft: 534 corp: 256/5659b lim: 706 exec/s: 227751 rss: 73Mb L: 174/309 MS: 1 EraseBytes-
#227914	REDUCE cov: 101 ft: 534 corp: 256/5658b lim: 706 exec/s: 227914 rss: 73Mb L: 4/309 MS: 3 ShuffleBytes-ChangeBinInt-EraseBytes-
#231415	REDUCE cov: 101 ft: 534 corp: 256/5657b lim: 733 exec/s: 231415 rss: 73Mb L: 35/309 MS: 1 EraseBytes-
#234376	REDUCE cov: 101 ft: 534 corp: 256/5655b lim: 760 exec/s: 234376 rss: 73Mb L: 10/309 MS: 1 EraseBytes-
#235567	REDUCE cov: 101 ft: 534 corp: 256/5654b lim: 769 exec/s: 235567 rss: 73Mb L: 47/309 MS: 1 EraseBytes-
#236083	REDUCE cov: 101 ft: 534 corp: 256/5652b lim: 769 exec/s: 236083 rss: 73Mb L: 18/309 MS: 1 EraseBytes-
#236579	REDUCE cov: 101 ft: 534 corp: 256/5651b lim: 769 exec/s: 236579 rss: 73Mb L: 34/309 MS: 1 EraseBytes-
#238561	REDUCE cov: 101 ft: 534 corp: 256/5649b lim: 787 exec/s: 238561 rss: 73Mb L: 28/309 MS: 2 ShuffleBytes-EraseBytes-
#239117	REDUCE cov: 101 ft: 534 corp: 256/5647b lim: 787 exec/s: 239117 rss: 73Mb L: 26/309 MS: 1 EraseBytes-
#240768	REDUCE cov: 101 ft: 534 corp: 256/5578b lim: 796 exec/s: 240768 rss: 73Mb L: 240/240 MS: 1 EraseBytes-
#241227	REDUCE cov: 101 ft: 534 corp: 256/5574b lim: 796 exec/s: 241227 rss: 73Mb L: 140/240 MS: 4 CrossOver-ChangeBit-EraseBytes-CopyPart-
#242078	REDUCE cov: 101 ft: 534 corp: 256/5573b lim: 796 exec/s: 242078 rss: 73Mb L: 6/240 MS: 1 EraseBytes-
#242124	REDUCE cov: 101 ft: 534 corp: 256/5569b lim: 796 exec/s: 242124 rss: 73Mb L: 22/240 MS: 1 EraseBytes-
#244635	REDUCE cov: 101 ft: 534 corp: 256/5539b lim: 814 exec/s: 244635 rss: 73Mb L: 210/210 MS: 1 EraseBytes-
#246201	REDUCE cov: 101 ft: 534 corp: 256/5538b lim: 823 exec/s: 246201 rss: 73Mb L: 20/210 MS: 1 EraseBytes-
#247263	REDUCE cov: 101 ft: 534 corp: 256/5537b lim: 832 exec/s: 247263 rss: 73Mb L: 35/210 MS: 2 CrossOver-EraseBytes-
#247592	REDUCE cov: 101 ft: 537 corp: 257/5967b lim: 832 exec/s: 247592 rss: 73Mb L: 430/430 MS: 4 CopyPart-CopyPart-InsertRepeatedBytes-InsertRepeatedBytes-
#248975	REDUCE cov: 101 ft: 537 corp: 257/5949b lim: 841 exec/s: 248975 rss: 73Mb L: 192/430 MS: 3 ChangeByte-CopyPart-EraseBytes-
#249026	REDUCE cov: 101 ft: 537 corp: 257/5928b lim: 841 exec/s: 249026 rss: 73Mb L: 171/430 MS: 1 EraseBytes-
#249694	REDUCE cov: 101 ft: 537 corp: 257/5919b lim: 841 exec/s: 249694 rss: 73Mb L: 166/430 MS: 3 CopyPart-CopyPart-EraseBytes-
#249770	REDUCE cov: 101 ft: 537 corp: 257/5827b lim: 841 exec/s: 249770 rss: 73Mb L: 338/338 MS: 1 EraseBytes-
#249992	REDUCE cov: 101 ft: 537 corp: 257/5823b lim: 841 exec/s: 249992 rss: 73Mb L: 43/338 MS: 2 ShuffleBytes-EraseBytes-
#250123	REDUCE cov: 101 ft: 537 corp: 257/5822b lim: 841 exec/s: 250123 rss: 73Mb L: 13/338 MS: 1 EraseBytes-
#251002	REDUCE cov: 101 ft: 537 corp: 257/5815b lim: 841 exec/s: 251002 rss: 73Mb L: 36/338 MS: 4 EraseBytes-PersAutoDict-EraseBytes-CopyPart- DE: "\377\377\377\377"-
#251948	REDUCE cov: 101 ft: 537 corp: 257/5813b lim: 850 exec/s: 251948 rss: 73Mb L: 3/338 MS: 1 EraseBytes-
#251984	REDUCE cov: 101 ft: 537 corp: 257/5811b lim: 850 exec/s: 251984 rss: 73Mb L: 18/338 MS: 1 EraseBytes-
#252680	REDUCE cov: 101 ft: 537 corp: 257/5809b lim: 850 exec/s: 252680 rss: 73Mb L: 34/338 MS: 1 EraseBytes-
#252766	REDUCE cov: 101 ft: 537 corp: 257/5808b lim: 850 exec/s: 252766 rss: 73Mb L: 4/338 MS: 1 EraseBytes-
#253617	REDUCE cov: 101 ft: 537 corp: 257/5807b lim: 850 exec/s: 253617 rss: 73Mb L: 5/338 MS: 1 EraseBytes-
#254208	REDUCE cov: 101 ft: 537 corp: 257/5803b lim: 850 exec/s: 254208 rss: 73Mb L: 33/338 MS: 1 EraseBytes-
#254374	REDUCE cov: 101 ft: 537 corp: 257/5802b lim: 850 exec/s: 254374 rss: 73Mb L: 337/337 MS: 1 EraseBytes-
#254700	REDUCE cov: 101 ft: 537 corp: 257/5800b lim: 850 exec/s: 254700 rss: 73Mb L: 8/337 MS: 1 EraseBytes-
#255072	REDUCE cov: 101 ft: 537 corp: 257/5799b lim: 850 exec/s: 255072 rss: 73Mb L: 40/337 MS: 2 ShuffleBytes-EraseBytes-
#256583	REDUCE cov: 101 ft: 537 corp: 257/5789b lim: 859 exec/s: 256583 rss: 74Mb L: 327/327 MS: 1 EraseBytes-
#259180	REDUCE cov: 101 ft: 537 corp: 257/5787b lim: 877 exec/s: 259180 rss: 74Mb L: 19/327 MS: 2 ShuffleBytes-EraseBytes-
#260897	REDUCE cov: 101 ft: 537 corp: 257/5785b lim: 886 exec/s: 260897 rss: 74Mb L: 24/327 MS: 2 ChangeByte-EraseBytes-
#262278	REDUCE cov: 101 ft: 537 corp: 257/5784b lim: 895 exec/s: 262278 rss: 74Mb L: 5/327 MS: 1 EraseBytes-
#263534	REDUCE cov: 101 ft: 537 corp: 257/5782b lim: 904 exec/s: 263534 rss: 74Mb L: 17/327 MS: 1 EraseBytes-
#264560	REDUCE cov: 101 ft: 537 corp: 257/5781b lim: 913 exec/s: 264560 rss: 74Mb L: 7/327 MS: 1 EraseBytes-
#266626	REDUCE cov: 101 ft: 537 corp: 257/5774b lim: 931 exec/s: 266626 rss: 74Mb L: 164/327 MS: 1 EraseBytes-
#266965	REDUCE cov: 101 ft: 537 corp: 257/5773b lim: 931 exec/s: 266965 rss: 74Mb L: 21/327 MS: 4 CopyPart-ChangeBit-CMP-EraseBytes- DE: "\377\377\377\377"-
#267047	REDUCE cov: 101 ft: 537 corp: 257/5772b lim: 931 exec/s: 267047 rss: 74Mb L: 6/327 MS: 2 EraseBytes-CopyPart-
#270993	REDUCE cov: 101 ft: 537 corp: 257/5761b lim: 967 exec/s: 270993 rss: 74Mb L: 153/327 MS: 1 CrossOver-
#273592	REDUCE cov: 101 ft: 537 corp: 257/5760b lim: 985 exec/s: 273592 rss: 74Mb L: 9/327 MS: 4 CopyPart-EraseBytes-EraseBytes-CopyPart-
#275398	REDUCE cov: 101 ft: 537 corp: 257/5759b lim: 994 exec/s: 275398 rss: 74Mb L: 8/327 MS: 1 EraseBytes-
#278068	REDUCE cov: 101 ft: 537 corp: 257/5756b lim: 1012 exec/s: 278068 rss: 74Mb L: 29/327 MS: 5 InsertByte-ShuffleBytes-CopyPart-CopyPart-EraseBytes-
#283750	REDUCE cov: 101 ft: 537 corp: 257/5741b lim: 1060 exec/s: 283750 rss: 74Mb L: 188/327 MS: 2 CopyPart-EraseBytes-
#284020	REDUCE cov: 101 ft: 537 corp: 257/5738b lim: 1060 exec/s: 284020 rss: 74Mb L: 8/327 MS: 5 EraseBytes-CopyPart-ChangeBit-CopyPart-EraseBytes-
#285126	REDUCE cov: 101 ft: 537 corp: 257/5736b lim: 1070 exec/s: 285126 rss: 74Mb L: 151/327 MS: 1 EraseBytes-
#285312	REDUCE cov: 101 ft: 537 corp: 257/5732b lim: 1070 exec/s: 285312 rss: 74Mb L: 64/327 MS: 1 EraseBytes-
#285813	REDUCE cov: 101 ft: 537 corp: 257/5730b lim: 1070 exec/s: 285813 rss: 74Mb L: 21/327 MS: 1 EraseBytes-
#286209	REDUCE cov: 101 ft: 537 corp: 257/5728b lim: 1070 exec/s: 286209 rss: 74Mb L: 32/327 MS: 1 EraseBytes-
#289405	REDUCE cov: 101 ft: 537 corp: 257/5648b lim: 1100 exec/s: 289405 rss: 74Mb L: 247/247 MS: 1 EraseBytes-
#289631	REDUCE cov: 101 ft: 537 corp: 257/5647b lim: 1100 exec/s: 289631 rss: 74Mb L: 37/247 MS: 1 EraseBytes-
#290839	REDUCE cov: 101 ft: 537 corp: 257/5646b lim: 1110 exec/s: 290839 rss: 74Mb L: 3/247 MS: 3 ShuffleBytes-ShuffleBytes-EraseBytes-
#291520	REDUCE cov: 101 ft: 537 corp: 257/5645b lim: 1110 exec/s: 291520 rss: 74Mb L: 8/247 MS: 1 EraseBytes-
#293599	REDUCE cov: 101 ft: 537 corp: 257/5644b lim: 1130 exec/s: 293599 rss: 74Mb L: 5/247 MS: 4 CMP-EraseBytes-CopyPart-CopyPart- DE: "\001\000"-
#294995	REDUCE cov: 101 ft: 537 corp: 257/5643b lim: 1140 exec/s: 294995 rss: 74Mb L: 38/247 MS: 1 EraseBytes-
#296272	REDUCE cov: 101 ft: 537 corp: 257/5640b lim: 1150 exec/s: 296272 rss: 74Mb L: 34/247 MS: 2 EraseBytes-CopyPart-
#296589	REDUCE cov: 101 ft: 537 corp: 257/5639b lim: 1150 exec/s: 296589 rss: 74Mb L: 8/247 MS: 2 CopyPart-EraseBytes-
#296795	REDUCE cov: 101 ft: 537 corp: 257/5626b lim: 1150 exec/s: 296795 rss: 74Mb L: 138/247 MS: 1 EraseBytes-
#299461	REDUCE cov: 101 ft: 537 corp: 257/5625b lim: 1170 exec/s: 299461 rss: 74Mb L: 37/247 MS: 1 EraseBytes-
#300633	REDUCE cov: 101 ft: 537 corp: 257/5618b lim: 1180 exec/s: 300633 rss: 74Mb L: 131/247 MS: 2 CopyPart-EraseBytes-
#302595	REDUCE cov: 101 ft: 537 corp: 257/5617b lim: 1190 exec/s: 302595 rss: 75Mb L: 187/247 MS: 2 ChangeBit-EraseBytes-
#305239	REDUCE cov: 101 ft: 537 corp: 257/5615b lim: 1210 exec/s: 305239 rss: 75Mb L: 38/247 MS: 4 InsertByte-CrossOver-ChangeByte-EraseBytes-
#306942	REDUCE cov: 101 ft: 537 corp: 257/5614b lim: 1220 exec/s: 306942 rss: 75Mb L: 22/247 MS: 3 ChangeBit-InsertByte-EraseBytes-
#307564	REDUCE cov: 101 ft: 537 corp: 257/5613b lim: 1220 exec/s: 307564 rss: 75Mb L: 4/247 MS: 2 CopyPart-EraseBytes-
#309246	REDUCE cov: 101 ft: 537 corp: 257/5610b lim: 1230 exec/s: 309246 rss: 75Mb L: 21/247 MS: 2 EraseBytes-CrossOver-
#309435	REDUCE cov: 101 ft: 537 corp: 257/5598b lim: 1230 exec/s: 309435 rss: 75Mb L: 52/247 MS: 4 InsertByte-PersAutoDict-ChangeBit-EraseBytes- DE: "\000\000\000\000"-
#313786	REDUCE cov: 101 ft: 537 corp: 257/5597b lim: 1270 exec/s: 313786 rss: 75Mb L: 4/247 MS: 1 EraseBytes-
#320067	REDUCE cov: 101 ft: 537 corp: 257/5596b lim: 1330 exec/s: 320067 rss: 75Mb L: 17/247 MS: 1 EraseBytes-
#322300	REDUCE cov: 101 ft: 537 corp: 257/5595b lim: 1350 exec/s: 322300 rss: 75Mb L: 37/247 MS: 3 CopyPart-CopyPart-EraseBytes-
#322952	REDUCE cov: 101 ft: 537 corp: 257/5593b lim: 1350 exec/s: 322952 rss: 75Mb L: 20/247 MS: 2 ChangeByte-EraseBytes-
#323497	REDUCE cov: 101 ft: 537 corp: 257/5592b lim: 1350 exec/s: 323497 rss: 75Mb L: 10/247 MS: 5 ChangeBit-EraseBytes-InsertByte-EraseBytes-CopyPart-
#324298	REDUCE cov: 101 ft: 537 corp: 257/5591b lim: 1350 exec/s: 324298 rss: 75Mb L: 137/247 MS: 1 EraseBytes-
#325902	REDUCE cov: 101 ft: 537 corp: 257/5590b lim: 1360 exec/s: 325902 rss: 75Mb L: 32/247 MS: 4 EraseBytes-EraseBytes-CopyPart-EraseBytes-
#326604	REDUCE cov: 101 ft: 537 corp: 257/5589b lim: 1360 exec/s: 326604 rss: 75Mb L: 8/247 MS: 2 CopyPart-EraseBytes-
#329786	REDUCE cov: 101 ft: 537 corp: 257/5570b lim: 1390 exec/s: 329786 rss: 75Mb L: 228/228 MS: 2 EraseBytes-CopyPart-
#329977	REDUCE cov: 101 ft: 537 corp: 257/5569b lim: 1390 exec/s: 329977 rss: 75Mb L: 18/228 MS: 1 EraseBytes-
#330439	REDUCE cov: 101 ft: 537 corp: 257/5568b lim: 1390 exec/s: 330439 rss: 75Mb L: 16/228 MS: 2 CopyPart-EraseBytes-
#332065	REDUCE cov: 101 ft: 537 corp: 257/5565b lim: 1400 exec/s: 332065 rss: 76Mb L: 225/225 MS: 1 EraseBytes-
#333516	REDUCE cov: 101 ft: 537 corp: 257/5549b lim: 1410 exec/s: 333516 rss: 76Mb L: 165/225 MS: 1 EraseBytes-
#333903	REDUCE cov: 101 ft: 537 corp: 257/5542b lim: 1410 exec/s: 333903 rss: 76Mb L: 180/225 MS: 2 CopyPart-EraseBytes-
#338449	REDUCE cov: 101 ft: 537 corp: 257/5541b lim: 1450 exec/s: 338449 rss: 76Mb L: 8/225 MS: 1 EraseBytes-
#338565	REDUCE cov: 101 ft: 537 corp: 257/5540b lim: 1450 exec/s: 338565 rss: 76Mb L: 165/225 MS: 1 EraseBytes-
#340122	REDUCE cov: 101 ft: 537 corp: 257/5538b lim: 1460 exec/s: 340122 rss: 76Mb L: 8/225 MS: 2 CopyPart-EraseBytes-
#341057	REDUCE cov: 101 ft: 537 corp: 257/5534b lim: 1460 exec/s: 341057 rss: 76Mb L: 130/225 MS: 5 EraseBytes-CrossOver-ChangeBit-ChangeBinInt-CrossOver-
#348026	REDUCE cov: 101 ft: 537 corp: 257/5533b lim: 1520 exec/s: 348026 rss: 76Mb L: 9/225 MS: 4 InsertByte-EraseBytes-InsertByte-CopyPart-
#349527	REDUCE cov: 101 ft: 537 corp: 257/5532b lim: 1530 exec/s: 349527 rss: 76Mb L: 12/225 MS: 1 EraseBytes-
#352291	REDUCE cov: 101 ft: 537 corp: 257/5519b lim: 1550 exec/s: 352291 rss: 76Mb L: 152/225 MS: 4 CrossOver-ChangeByte-EraseBytes-CopyPart-
#352915	REDUCE cov: 101 ft: 537 corp: 257/5518b lim: 1550 exec/s: 352915 rss: 76Mb L: 20/225 MS: 4 ChangeBit-ChangeBinInt-CopyPart-EraseBytes-
#358371	REDUCE cov: 101 ft: 537 corp: 257/5517b lim: 1600 exec/s: 358371 rss: 76Mb L: 21/225 MS: 1 EraseBytes-
#358618	REDUCE cov: 101 ft: 537 corp: 257/5515b lim: 1600 exec/s: 358618 rss: 76Mb L: 18/225 MS: 2 PersAutoDict-EraseBytes- DE: "\377\377\377\377\377\377\377\377"-
#358994	REDUCE cov: 101 ft: 537 corp: 257/5510b lim: 1600 exec/s: 358994 rss: 76Mb L: 175/225 MS: 1 EraseBytes-
#360010	REDUCE cov: 101 ft: 537 corp: 257/5509b lim: 1610 exec/s: 360010 rss: 76Mb L: 18/225 MS: 1 EraseBytes-
#360017	REDUCE cov: 101 ft: 539 corp: 258/5639b lim: 1610 exec/s: 360017 rss: 76Mb L: 130/225 MS: 2 InsertRepeatedBytes-CopyPart-
#361508	REDUCE cov: 101 ft: 539 corp: 258/5635b lim: 1620 exec/s: 361508 rss: 76Mb L: 9/225 MS: 1 EraseBytes-
#361692	REDUCE cov: 101 ft: 539 corp: 258/5634b lim: 1620 exec/s: 361692 rss: 76Mb L: 35/225 MS: 4 ChangeBit-CopyPart-PersAutoDict-EraseBytes- DE: "\037\000\000\000\000\000\000\000"-
#366593	REDUCE cov: 101 ft: 539 corp: 258/5633b lim: 1660 exec/s: 366593 rss: 76Mb L: 28/225 MS: 1 EraseBytes-
#368205	REDUCE cov: 101 ft: 541 corp: 259/5829b lim: 1670 exec/s: 368205 rss: 76Mb L: 196/225 MS: 2 InsertRepeatedBytes-CopyPart-
#368386	REDUCE cov: 101 ft: 541 corp: 259/5801b lim: 1670 exec/s: 368386 rss: 76Mb L: 168/225 MS: 1 EraseBytes-
#369522	REDUCE cov: 101 ft: 541 corp: 259/5800b lim: 1680 exec/s: 369522 rss: 76Mb L: 35/225 MS: 1 EraseBytes-
#369968	REDUCE cov: 101 ft: 541 corp: 259/5789b lim: 1680 exec/s: 369968 rss: 76Mb L: 157/225 MS: 1 EraseBytes-
#370289	REDUCE cov: 101 ft: 541 corp: 259/5777b lim: 1680 exec/s: 370289 rss: 76Mb L: 145/225 MS: 1 EraseBytes-
#374033	REDUCE cov: 101 ft: 541 corp: 259/5776b lim: 1710 exec/s: 374033 rss: 76Mb L: 129/225 MS: 4 PersAutoDict-ChangeByte-CMP-EraseBytes- DE: "\377\377\377\377\377\377\377\377"-"\001\000"-
#376374	REDUCE cov: 101 ft: 541 corp: 259/5767b lim: 1730 exec/s: 376374 rss: 76Mb L: 136/225 MS: 1 EraseBytes-
#378005	REDUCE cov: 101 ft: 541 corp: 259/5766b lim: 1740 exec/s: 378005 rss: 76Mb L: 37/225 MS: 1 EraseBytes-
#380429	REDUCE cov: 101 ft: 543 corp: 260/5910b lim: 1760 exec/s: 380429 rss: 76Mb L: 144/225 MS: 4 EraseBytes-ChangeBit-ShuffleBytes-CrossOver-
#382465	REDUCE cov: 101 ft: 543 corp: 260/5900b lim: 1780 exec/s: 382465 rss: 76Mb L: 134/225 MS: 1 EraseBytes-
#382902	REDUCE cov: 101 ft: 543 corp: 260/5899b lim: 1780 exec/s: 382902 rss: 76Mb L: 20/225 MS: 2 EraseBytes-CopyPart-
#383728	REDUCE cov: 101 ft: 543 corp: 260/5873b lim: 1780 exec/s: 383728 rss: 76Mb L: 149/225 MS: 1 EraseBytes-
#387904	REDUCE cov: 101 ft: 543 corp: 260/5872b lim: 1820 exec/s: 387904 rss: 76Mb L: 131/225 MS: 1 EraseBytes-
#388599	REDUCE cov: 101 ft: 543 corp: 260/5867b lim: 1820 exec/s: 388599 rss: 76Mb L: 135/225 MS: 5 InsertRepeatedBytes-CopyPart-CopyPart-EraseBytes-EraseBytes-
#388680	REDUCE cov: 101 ft: 543 corp: 260/5866b lim: 1820 exec/s: 388680 rss: 76Mb L: 5/225 MS: 1 EraseBytes-
#392227	REDUCE cov: 101 ft: 543 corp: 260/5865b lim: 1850 exec/s: 392227 rss: 76Mb L: 151/225 MS: 2 ChangeBinInt-EraseBytes-
#394303	REDUCE cov: 101 ft: 543 corp: 260/5864b lim: 1870 exec/s: 394303 rss: 76Mb L: 8/225 MS: 1 EraseBytes-
#395081	REDUCE cov: 101 ft: 543 corp: 260/5859b lim: 1870 exec/s: 197540 rss: 76Mb L: 149/225 MS: 3 EraseBytes-CrossOver-ChangeBinInt-
#396517	REDUCE cov: 101 ft: 543 corp: 260/5846b lim: 1880 exec/s: 198258 rss: 76Mb L: 136/225 MS: 1 EraseBytes-
#397229	REDUCE cov: 101 ft: 543 corp: 260/5845b lim: 1880 exec/s: 198614 rss: 76Mb L: 17/225 MS: 2 CopyPart-EraseBytes-
#400343	REDUCE cov: 101 ft: 543 corp: 260/5844b lim: 1910 exec/s: 200171 rss: 76Mb L: 137/225 MS: 4 InsertByte-ShuffleBytes-InsertByte-EraseBytes-
#401201	REDUCE cov: 101 ft: 543 corp: 260/5843b lim: 1910 exec/s: 200600 rss: 76Mb L: 17/225 MS: 3 ShuffleBytes-EraseBytes-CopyPart-
#402687	REDUCE cov: 101 ft: 543 corp: 260/5842b lim: 1920 exec/s: 201343 rss: 76Mb L: 10/225 MS: 1 EraseBytes-
#403148	REDUCE cov: 101 ft: 543 corp: 260/5841b lim: 1920 exec/s: 201574 rss: 76Mb L: 4/225 MS: 1 EraseBytes-
#414071	REDUCE cov: 101 ft: 545 corp: 261/5992b lim: 2020 exec/s: 207035 rss: 76Mb L: 151/225 MS: 3 CopyPart-CopyPart-CopyPart-
#415913	REDUCE cov: 101 ft: 545 corp: 261/5990b lim: 2030 exec/s: 207956 rss: 76Mb L: 133/225 MS: 2 ChangeBinInt-EraseBytes-
#417469	REDUCE cov: 101 ft: 545 corp: 261/5988b lim: 2040 exec/s: 208734 rss: 76Mb L: 45/225 MS: 1 EraseBytes-
#420695	REDUCE cov: 101 ft: 545 corp: 261/5986b lim: 2072 exec/s: 210347 rss: 76Mb L: 134/225 MS: 1 EraseBytes-
#421744	REDUCE cov: 101 ft: 545 corp: 261/5985b lim: 2072 exec/s: 210872 rss: 76Mb L: 7/225 MS: 4 CopyPart-CrossOver-ShuffleBytes-EraseBytes-
#430195	REDUCE cov: 101 ft: 545 corp: 261/5984b lim: 2149 exec/s: 215097 rss: 76Mb L: 25/225 MS: 1 EraseBytes-
#430322	REDUCE cov: 101 ft: 545 corp: 261/5983b lim: 2149 exec/s: 215161 rss: 76Mb L: 88/225 MS: 2 ShuffleBytes-EraseBytes-
#430602	REDUCE cov: 101 ft: 545 corp: 261/5962b lim: 2149 exec/s: 215301 rss: 76Mb L: 130/225 MS: 5 ShuffleBytes-ShuffleBytes-ChangeByte-ShuffleBytes-EraseBytes-
#432053	REDUCE cov: 101 ft: 545 corp: 261/5961b lim: 2160 exec/s: 216026 rss: 76Mb L: 17/225 MS: 1 EraseBytes-
#432329	REDUCE cov: 101 ft: 545 corp: 261/5956b lim: 2160 exec/s: 216164 rss: 76Mb L: 27/225 MS: 1 EraseBytes-
#434600	REDUCE cov: 101 ft: 545 corp: 261/5955b lim: 2182 exec/s: 217300 rss: 76Mb L: 10/225 MS: 1 EraseBytes-
#435282	REDUCE cov: 101 ft: 547 corp: 262/6128b lim: 2182 exec/s: 217641 rss: 76Mb L: 173/225 MS: 2 InsertRepeatedBytes-CopyPart-
#435608	REDUCE cov: 101 ft: 547 corp: 262/6126b lim: 2182 exec/s: 217804 rss: 76Mb L: 19/225 MS: 1 EraseBytes-
#436834	REDUCE cov: 101 ft: 547 corp: 262/6125b lim: 2193 exec/s: 218417 rss: 76Mb L: 172/225 MS: 1 EraseBytes-
#439015	REDUCE cov: 101 ft: 547 corp: 262/6124b lim: 2204 exec/s: 219507 rss: 76Mb L: 36/225 MS: 1 EraseBytes-
#439491	REDUCE cov: 101 ft: 547 corp: 262/6108b lim: 2204 exec/s: 219745 rss: 76Mb L: 156/225 MS: 1 EraseBytes-
#439507	REDUCE cov: 101 ft: 547 corp: 262/6105b lim: 2204 exec/s: 219753 rss: 76Mb L: 153/225 MS: 1 EraseBytes-
#441228	REDUCE cov: 101 ft: 547 corp: 262/6104b lim: 2215 exec/s: 220614 rss: 76Mb L: 8/225 MS: 1 EraseBytes-
#445079	REDUCE cov: 101 ft: 547 corp: 262/6078b lim: 2248 exec/s: 222539 rss: 76Mb L: 199/199 MS: 1 EraseBytes-
#446480	REDUCE cov: 101 ft: 547 corp: 262/6077b lim: 2259 exec/s: 223240 rss: 76Mb L: 129/199 MS: 1 EraseBytes-
#446881	REDUCE cov: 101 ft: 547 corp: 262/6065b lim: 2259 exec/s: 223440 rss: 76Mb L: 187/187 MS: 1 EraseBytes-
#447017	REDUCE cov: 101 ft: 549 corp: 263/6194b lim: 2259 exec/s: 223508 rss: 76Mb L: 129/187 MS: 1 InsertRepeatedBytes-
#447584	REDUCE cov: 101 ft: 549 corp: 263/6191b lim: 2259 exec/s: 223792 rss: 76Mb L: 18/187 MS: 2 EraseBytes-CopyPart-
#452316	REDUCE cov: 101 ft: 549 corp: 263/6187b lim: 2303 exec/s: 226158 rss: 77Mb L: 34/187 MS: 2 EraseBytes-CopyPart-
#452369	REDUCE cov: 101 ft: 549 corp: 263/6186b lim: 2303 exec/s: 226184 rss: 77Mb L: 4/187 MS: 3 ShuffleBytes-ShuffleBytes-EraseBytes-
#455355	REDUCE cov: 101 ft: 549 corp: 263/6185b lim: 2325 exec/s: 227677 rss: 77Mb L: 133/187 MS: 1 EraseBytes-
#455414	REDUCE cov: 101 ft: 549 corp: 263/6182b lim: 2325 exec/s: 227707 rss: 77Mb L: 49/187 MS: 4 ChangeASCIIInt-CopyPart-ChangeASCIIInt-EraseBytes-
#457575	REDUCE cov: 101 ft: 549 corp: 263/6178b lim: 2336 exec/s: 228787 rss: 77Mb L: 8/187 MS: 1 EraseBytes-
#458710	REDUCE cov: 101 ft: 551 corp: 264/6385b lim: 2347 exec/s: 229355 rss: 77Mb L: 207/207 MS: 5 InsertRepeatedBytes-ChangeBinInt-ChangeBit-CrossOver-CopyPart-
#460330	REDUCE cov: 101 ft: 551 corp: 264/6345b lim: 2358 exec/s: 230165 rss: 77Mb L: 167/187 MS: 5 CopyPart-ShuffleBytes-ChangeASCIIInt-ChangeASCIIInt-EraseBytes-
#468032	REDUCE cov: 101 ft: 551 corp: 264/6337b lim: 2424 exec/s: 234016 rss: 77Mb L: 41/187 MS: 2 ShuffleBytes-EraseBytes-
#469398	REDUCE cov: 101 ft: 551 corp: 264/6336b lim: 2435 exec/s: 234699 rss: 77Mb L: 24/187 MS: 1 EraseBytes-
#475514	REDUCE cov: 101 ft: 551 corp: 264/6330b lim: 2490 exec/s: 237757 rss: 77Mb L: 181/181 MS: 1 EraseBytes-
#477621	REDUCE cov: 101 ft: 551 corp: 264/6323b lim: 2501 exec/s: 238810 rss: 77Mb L: 146/181 MS: 2 EraseBytes-CopyPart-
#480282	REDUCE cov: 101 ft: 551 corp: 264/6322b lim: 2523 exec/s: 240141 rss: 77Mb L: 18/181 MS: 1 EraseBytes-
#480493	REDUCE cov: 101 ft: 551 corp: 264/6321b lim: 2523 exec/s: 240246 rss: 77Mb L: 3/181 MS: 1 EraseBytes-
#482164	REDUCE cov: 101 ft: 551 corp: 264/6320b lim: 2534 exec/s: 241082 rss: 77Mb L: 145/181 MS: 1 EraseBytes-
#482280	REDUCE cov: 101 ft: 551 corp: 264/6317b lim: 2534 exec/s: 241140 rss: 77Mb L: 38/181 MS: 1 EraseBytes-
#482301	REDUCE cov: 101 ft: 551 corp: 264/6316b lim: 2534 exec/s: 241150 rss: 77Mb L: 14/181 MS: 1 EraseBytes-
#483062	REDUCE cov: 101 ft: 551 corp: 264/6315b lim: 2534 exec/s: 241531 rss: 77Mb L: 19/181 MS: 1 EraseBytes-
#489043	REDUCE cov: 101 ft: 551 corp: 264/6314b lim: 2589 exec/s: 244521 rss: 77Mb L: 20/181 MS: 1 EraseBytes-
#490272	REDUCE cov: 101 ft: 551 corp: 264/6313b lim: 2600 exec/s: 245136 rss: 77Mb L: 23/181 MS: 4 ChangeASCIIInt-EraseBytes-ChangeBinInt-CrossOver-
#493388	REDUCE cov: 101 ft: 551 corp: 264/6312b lim: 2622 exec/s: 246694 rss: 77Mb L: 37/181 MS: 1 EraseBytes-
#494639	REDUCE cov: 101 ft: 551 corp: 264/6308b lim: 2633 exec/s: 247319 rss: 77Mb L: 23/181 MS: 1 EraseBytes-
#495518	REDUCE cov: 101 ft: 551 corp: 264/6303b lim: 2633 exec/s: 247759 rss: 77Mb L: 144/181 MS: 4 ChangeByte-CrossOver-CopyPart-EraseBytes-
#502600	REDUCE cov: 101 ft: 551 corp: 264/6282b lim: 2699 exec/s: 251300 rss: 77Mb L: 144/181 MS: 2 InsertByte-EraseBytes-
#506073	REDUCE cov: 101 ft: 551 corp: 264/6281b lim: 2732 exec/s: 253036 rss: 77Mb L: 16/181 MS: 3 EraseBytes-CopyPart-CopyPart-
#506284	REDUCE cov: 101 ft: 551 corp: 264/6280b lim: 2732 exec/s: 253142 rss: 77Mb L: 8/181 MS: 1 EraseBytes-
#509080	REDUCE cov: 101 ft: 551 corp: 264/6278b lim: 2754 exec/s: 254540 rss: 77Mb L: 143/181 MS: 1 EraseBytes-
#513817	REDUCE cov: 101 ft: 551 corp: 264/6276b lim: 2798 exec/s: 256908 rss: 77Mb L: 142/181 MS: 2 EraseBytes-InsertByte-
#514248	REDUCE cov: 101 ft: 551 corp: 264/6274b lim: 2798 exec/s: 257124 rss: 77Mb L: 131/181 MS: 1 EraseBytes-
#524288	pulse  cov: 101 ft: 551 corp: 264/6274b lim: 2897 exec/s: 262144 rss: 77Mb
#532299	REDUCE cov: 101 ft: 551 corp: 264/6273b lim: 2974 exec/s: 266149 rss: 77Mb L: 7/181 MS: 1 EraseBytes-
#542186	REDUCE cov: 101 ft: 551 corp: 264/6272b lim: 3062 exec/s: 271093 rss: 77Mb L: 17/181 MS: 2 CopyPart-EraseBytes-
#547787	REDUCE cov: 101 ft: 551 corp: 264/6271b lim: 3117 exec/s: 273893 rss: 77Mb L: 9/181 MS: 1 EraseBytes-
#547863	REDUCE cov: 101 ft: 551 corp: 264/6269b lim: 3117 exec/s: 273931 rss: 77Mb L: 129/181 MS: 1 EraseBytes-
#548264	REDUCE cov: 101 ft: 551 corp: 264/6265b lim: 3117 exec/s: 274132 rss: 77Mb L: 33/181 MS: 1 EraseBytes-
#554636	REDUCE cov: 101 ft: 551 corp: 264/6262b lim: 3172 exec/s: 277318 rss: 77Mb L: 148/181 MS: 2 CopyPart-EraseBytes-
#555173	REDUCE cov: 101 ft: 551 corp: 264/6261b lim: 3172 exec/s: 277586 rss: 77Mb L: 17/181 MS: 2 CopyPart-EraseBytes-
#557984	REDUCE cov: 101 ft: 551 corp: 264/6260b lim: 3194 exec/s: 278992 rss: 77Mb L: 21/181 MS: 1 EraseBytes-
#561770	REDUCE cov: 101 ft: 551 corp: 264/6245b lim: 3227 exec/s: 280885 rss: 77Mb L: 166/174 MS: 1 EraseBytes-
#565661	REDUCE cov: 101 ft: 551 corp: 264/6237b lim: 3260 exec/s: 282830 rss: 77Mb L: 8/174 MS: 1 EraseBytes-
#566057	REDUCE cov: 101 ft: 551 corp: 264/6236b lim: 3260 exec/s: 283028 rss: 77Mb L: 128/174 MS: 1 EraseBytes-
#566158	REDUCE cov: 101 ft: 551 corp: 264/6235b lim: 3260 exec/s: 283079 rss: 77Mb L: 37/174 MS: 1 EraseBytes-
#569106	REDUCE cov: 101 ft: 551 corp: 264/6227b lim: 3282 exec/s: 284553 rss: 77Mb L: 8/174 MS: 3 ChangeBit-ChangeBit-EraseBytes-
#570564	REDUCE cov: 101 ft: 551 corp: 264/6223b lim: 3293 exec/s: 285282 rss: 77Mb L: 37/174 MS: 3 ChangeBinInt-EraseBytes-CopyPart-
#571351	REDUCE cov: 101 ft: 551 corp: 264/6221b lim: 3293 exec/s: 285675 rss: 77Mb L: 19/174 MS: 2 ShuffleBytes-EraseBytes-
#572437	REDUCE cov: 101 ft: 551 corp: 264/6220b lim: 3293 exec/s: 286218 rss: 77Mb L: 132/174 MS: 1 EraseBytes-
#574569	REDUCE cov: 101 ft: 551 corp: 264/6215b lim: 3304 exec/s: 287284 rss: 77Mb L: 131/174 MS: 2 EraseBytes-CopyPart-
#574867	REDUCE cov: 101 ft: 551 corp: 264/6212b lim: 3304 exec/s: 287433 rss: 77Mb L: 164/174 MS: 3 ShuffleBytes-EraseBytes-CopyPart-
#575397	REDUCE cov: 101 ft: 551 corp: 264/6211b lim: 3304 exec/s: 287698 rss: 77Mb L: 16/174 MS: 5 ShuffleBytes-ChangeByte-EraseBytes-CopyPart-CopyPart-
#575668	REDUCE cov: 101 ft: 551 corp: 264/6209b lim: 3304 exec/s: 287834 rss: 77Mb L: 129/174 MS: 1 EraseBytes-
#581746	REDUCE cov: 101 ft: 551 corp: 264/6208b lim: 3359 exec/s: 290873 rss: 77Mb L: 36/174 MS: 3 CopyPart-CopyPart-EraseBytes-
#585612	REDUCE cov: 101 ft: 551 corp: 264/6207b lim: 3392 exec/s: 292806 rss: 77Mb L: 9/174 MS: 1 EraseBytes-
#587458	REDUCE cov: 101 ft: 551 corp: 264/6206b lim: 3403 exec/s: 293729 rss: 77Mb L: 22/174 MS: 1 EraseBytes-
#588641	REDUCE cov: 101 ft: 551 corp: 264/6205b lim: 3414 exec/s: 294320 rss: 77Mb L: 17/174 MS: 3 ShuffleBytes-CopyPart-EraseBytes-
#589487	REDUCE cov: 101 ft: 551 corp: 264/6202b lim: 3414 exec/s: 294743 rss: 77Mb L: 161/174 MS: 1 EraseBytes-
#591013	REDUCE cov: 101 ft: 551 corp: 264/6201b lim: 3425 exec/s: 295506 rss: 77Mb L: 23/174 MS: 1 EraseBytes-
#597535	REDUCE cov: 101 ft: 551 corp: 264/6200b lim: 3480 exec/s: 298767 rss: 77Mb L: 18/174 MS: 2 CopyPart-EraseBytes-
#607384	NEW    cov: 101 ft: 553 corp: 265/6475b lim: 3568 exec/s: 303692 rss: 78Mb L: 275/275 MS: 4 CopyPart-CrossOver-CopyPart-CopyPart-
#607960	REDUCE cov: 101 ft: 553 corp: 265/6473b lim: 3568 exec/s: 303980 rss: 78Mb L: 146/275 MS: 1 EraseBytes-
#609126	REDUCE cov: 101 ft: 553 corp: 265/6437b lim: 3579 exec/s: 304563 rss: 78Mb L: 239/239 MS: 1 EraseBytes-
#612378	REDUCE cov: 101 ft: 553 corp: 265/6430b lim: 3601 exec/s: 306189 rss: 78Mb L: 159/239 MS: 2 ShuffleBytes-EraseBytes-
#616391	REDUCE cov: 101 ft: 553 corp: 265/6359b lim: 3634 exec/s: 308195 rss: 78Mb L: 168/174 MS: 3 ShuffleBytes-ChangeByte-EraseBytes-
#621532	REDUCE cov: 101 ft: 553 corp: 265/6358b lim: 3678 exec/s: 310766 rss: 78Mb L: 36/174 MS: 1 EraseBytes-
#625434	REDUCE cov: 101 ft: 553 corp: 265/6348b lim: 3711 exec/s: 312717 rss: 78Mb L: 158/174 MS: 2 CopyPart-EraseBytes-
#626075	REDUCE cov: 101 ft: 553 corp: 265/6346b lim: 3711 exec/s: 313037 rss: 78Mb L: 26/174 MS: 1 EraseBytes-
#636866	REDUCE cov: 101 ft: 553 corp: 265/6343b lim: 3810 exec/s: 318433 rss: 78Mb L: 19/174 MS: 1 EraseBytes-
#637299	REDUCE cov: 101 ft: 553 corp: 265/6342b lim: 3810 exec/s: 318649 rss: 78Mb L: 17/174 MS: 3 ShuffleBytes-EraseBytes-CopyPart-
#637930	REDUCE cov: 101 ft: 553 corp: 265/6341b lim: 3810 exec/s: 318965 rss: 78Mb L: 16/174 MS: 1 EraseBytes-
#640766	REDUCE cov: 101 ft: 553 corp: 265/6335b lim: 3832 exec/s: 320383 rss: 78Mb L: 155/174 MS: 1 EraseBytes-
#640847	REDUCE cov: 101 ft: 553 corp: 265/6334b lim: 3832 exec/s: 320423 rss: 78Mb L: 9/174 MS: 1 EraseBytes-
#643188	REDUCE cov: 101 ft: 553 corp: 265/6333b lim: 3854 exec/s: 321594 rss: 78Mb L: 129/174 MS: 1 EraseBytes-
#647670	REDUCE cov: 101 ft: 553 corp: 265/6331b lim: 3898 exec/s: 323835 rss: 78Mb L: 142/174 MS: 2 ChangeBinInt-EraseBytes-
#653296	REDUCE cov: 101 ft: 553 corp: 265/6328b lim: 3953 exec/s: 326648 rss: 78Mb L: 171/171 MS: 1 EraseBytes-
#654172	REDUCE cov: 101 ft: 553 corp: 265/6327b lim: 3953 exec/s: 327086 rss: 78Mb L: 19/171 MS: 1 EraseBytes-
#657562	REDUCE cov: 101 ft: 553 corp: 265/6319b lim: 3986 exec/s: 328781 rss: 78Mb L: 2/171 MS: 5 ShuffleBytes-EraseBytes-EraseBytes-CMP-EraseBytes- DE: "\000\000\000\000"-
#658654	REDUCE cov: 101 ft: 553 corp: 265/6318b lim: 3986 exec/s: 329327 rss: 78Mb L: 9/171 MS: 2 ShuffleBytes-EraseBytes-
#662182	REDUCE cov: 101 ft: 553 corp: 265/6317b lim: 4019 exec/s: 331091 rss: 78Mb L: 8/171 MS: 3 ShuffleBytes-CopyPart-EraseBytes-
#663358	REDUCE cov: 101 ft: 553 corp: 265/6316b lim: 4030 exec/s: 331679 rss: 78Mb L: 131/171 MS: 1 EraseBytes-
#666578	REDUCE cov: 101 ft: 554 corp: 266/6500b lim: 4052 exec/s: 333289 rss: 78Mb L: 184/184 MS: 5 InsertByte-ChangeBit-InsertRepeatedBytes-CopyPart-CopyPart-
#667324	REDUCE cov: 101 ft: 554 corp: 266/6491b lim: 4052 exec/s: 333662 rss: 78Mb L: 175/175 MS: 1 EraseBytes-
#675975	REDUCE cov: 101 ft: 554 corp: 266/6490b lim: 4132 exec/s: 337987 rss: 78Mb L: 16/175 MS: 1 EraseBytes-
#680473	REDUCE cov: 101 ft: 554 corp: 266/6489b lim: 4168 exec/s: 340236 rss: 78Mb L: 33/175 MS: 3 ShuffleBytes-EraseBytes-CopyPart-
#683421	REDUCE cov: 101 ft: 554 corp: 266/6488b lim: 4192 exec/s: 341710 rss: 78Mb L: 17/175 MS: 3 CopyPart-CopyPart-EraseBytes-
#687528	REDUCE cov: 101 ft: 554 corp: 266/6482b lim: 4228 exec/s: 343764 rss: 78Mb L: 169/171 MS: 2 CopyPart-EraseBytes-
#691437	REDUCE cov: 101 ft: 556 corp: 267/6639b lim: 4264 exec/s: 345718 rss: 78Mb L: 157/171 MS: 4 InsertByte-ShuffleBytes-InsertRepeatedBytes-CopyPart-
#695643	REDUCE cov: 101 ft: 556 corp: 267/6617b lim: 4300 exec/s: 347821 rss: 78Mb L: 147/171 MS: 1 EraseBytes-
#696505	REDUCE cov: 101 ft: 556 corp: 267/6615b lim: 4300 exec/s: 348252 rss: 78Mb L: 155/171 MS: 2 CrossOver-EraseBytes-
#698287	REDUCE cov: 101 ft: 556 corp: 267/6614b lim: 4312 exec/s: 232762 rss: 78Mb L: 22/171 MS: 2 ChangeBit-EraseBytes-
#709123	REDUCE cov: 101 ft: 556 corp: 267/6597b lim: 4408 exec/s: 236374 rss: 78Mb L: 138/171 MS: 1 EraseBytes-
#715029	REDUCE cov: 101 ft: 556 corp: 267/6596b lim: 4456 exec/s: 238343 rss: 78Mb L: 35/171 MS: 1 EraseBytes-
#717589	REDUCE cov: 101 ft: 556 corp: 267/6595b lim: 4480 exec/s: 239196 rss: 78Mb L: 25/171 MS: 5 EraseBytes-ChangeBit-ChangeByte-ShuffleBytes-CopyPart-
#717595	REDUCE cov: 101 ft: 556 corp: 267/6593b lim: 4480 exec/s: 239198 rss: 78Mb L: 144/171 MS: 1 EraseBytes-
#719297	REDUCE cov: 101 ft: 556 corp: 267/6592b lim: 4492 exec/s: 239765 rss: 78Mb L: 19/171 MS: 2 EraseBytes-CopyPart-
#723488	REDUCE cov: 101 ft: 556 corp: 267/6591b lim: 4528 exec/s: 241162 rss: 78Mb L: 16/171 MS: 1 EraseBytes-
#729029	REDUCE cov: 101 ft: 556 corp: 267/6589b lim: 4576 exec/s: 243009 rss: 78Mb L: 23/171 MS: 1 EraseBytes-
#730770	REDUCE cov: 101 ft: 556 corp: 267/6586b lim: 4588 exec/s: 243590 rss: 78Mb L: 135/171 MS: 1 EraseBytes-
#735858	REDUCE cov: 101 ft: 556 corp: 267/6583b lim: 4636 exec/s: 245286 rss: 78Mb L: 168/168 MS: 3 ChangeBinInt-CopyPart-EraseBytes-
#736389	REDUCE cov: 101 ft: 556 corp: 267/6582b lim: 4636 exec/s: 245463 rss: 78Mb L: 17/168 MS: 1 EraseBytes-
#742170	REDUCE cov: 101 ft: 556 corp: 267/6577b lim: 4684 exec/s: 247390 rss: 78Mb L: 163/163 MS: 1 CrossOver-
#751641	REDUCE cov: 101 ft: 557 corp: 268/6724b lim: 4768 exec/s: 250547 rss: 78Mb L: 147/163 MS: 1 CrossOver-
#754693	REDUCE cov: 101 ft: 557 corp: 268/6720b lim: 4792 exec/s: 251564 rss: 78Mb L: 139/163 MS: 2 EraseBytes-CopyPart-
#760729	REDUCE cov: 101 ft: 557 corp: 268/6719b lim: 4852 exec/s: 253576 rss: 78Mb L: 8/163 MS: 1 EraseBytes-
#763012	REDUCE cov: 101 ft: 557 corp: 268/6716b lim: 4864 exec/s: 254337 rss: 78Mb L: 139/163 MS: 3 CrossOver-CopyPart-EraseBytes-
#767038	REDUCE cov: 101 ft: 557 corp: 268/6715b lim: 4900 exec/s: 255679 rss: 78Mb L: 8/163 MS: 1 EraseBytes-
#770995	REDUCE cov: 101 ft: 557 corp: 268/6713b lim: 4936 exec/s: 256998 rss: 78Mb L: 18/163 MS: 2 EraseBytes-CopyPart-
#772471	REDUCE cov: 101 ft: 557 corp: 268/6711b lim: 4948 exec/s: 257490 rss: 78Mb L: 137/163 MS: 1 EraseBytes-
#775903	REDUCE cov: 101 ft: 557 corp: 268/6710b lim: 4972 exec/s: 258634 rss: 78Mb L: 22/163 MS: 2 InsertByte-EraseBytes-
#779474	REDUCE cov: 101 ft: 557 corp: 268/6709b lim: 4996 exec/s: 259824 rss: 78Mb L: 45/163 MS: 1 EraseBytes-
#782346	REDUCE cov: 101 ft: 557 corp: 268/6708b lim: 5020 exec/s: 260782 rss: 78Mb L: 6/163 MS: 2 CopyPart-EraseBytes-
#783537	REDUCE cov: 101 ft: 557 corp: 268/6707b lim: 5020 exec/s: 261179 rss: 78Mb L: 162/162 MS: 1 EraseBytes-
#800613	REDUCE cov: 101 ft: 557 corp: 268/6706b lim: 5188 exec/s: 266871 rss: 78Mb L: 18/162 MS: 1 EraseBytes-
#804730	REDUCE cov: 101 ft: 557 corp: 268/6704b lim: 5224 exec/s: 268243 rss: 78Mb L: 133/162 MS: 2 EraseBytes-CopyPart-
#805826	REDUCE cov: 101 ft: 557 corp: 268/6700b lim: 5224 exec/s: 268608 rss: 78Mb L: 18/162 MS: 1 EraseBytes-
#809887	REDUCE cov: 101 ft: 557 corp: 268/6699b lim: 5260 exec/s: 269962 rss: 78Mb L: 16/162 MS: 1 EraseBytes-
#811423	REDUCE cov: 101 ft: 557 corp: 268/6696b lim: 5272 exec/s: 270474 rss: 78Mb L: 20/162 MS: 1 EraseBytes-
#813849	REDUCE cov: 101 ft: 557 corp: 268/6695b lim: 5296 exec/s: 271283 rss: 78Mb L: 15/162 MS: 1 EraseBytes-
#817589	REDUCE cov: 101 ft: 557 corp: 268/6692b lim: 5332 exec/s: 272529 rss: 78Mb L: 155/162 MS: 5 InsertByte-EraseBytes-ChangeByte-InsertByte-CopyPart-
#820745	REDUCE cov: 101 ft: 557 corp: 268/6690b lim: 5356 exec/s: 273581 rss: 78Mb L: 34/162 MS: 1 EraseBytes-
#822797	REDUCE cov: 101 ft: 557 corp: 268/6689b lim: 5368 exec/s: 274265 rss: 78Mb L: 8/162 MS: 2 EraseBytes-CopyPart-
#828069	REDUCE cov: 101 ft: 557 corp: 268/6685b lim: 5416 exec/s: 276023 rss: 78Mb L: 151/162 MS: 2 InsertByte-EraseBytes-
#831852	REDUCE cov: 101 ft: 557 corp: 268/6683b lim: 5452 exec/s: 277284 rss: 78Mb L: 17/162 MS: 3 InsertByte-EraseBytes-CopyPart-
#841208	REDUCE cov: 101 ft: 557 corp: 268/6682b lim: 5536 exec/s: 280402 rss: 78Mb L: 8/162 MS: 1 EraseBytes-
#843001	REDUCE cov: 101 ft: 557 corp: 268/6681b lim: 5548 exec/s: 281000 rss: 78Mb L: 138/162 MS: 3 ShuffleBytes-CopyPart-EraseBytes-
#846362	REDUCE cov: 101 ft: 557 corp: 268/6680b lim: 5572 exec/s: 282120 rss: 79Mb L: 87/162 MS: 1 EraseBytes-
#854829	REDUCE cov: 101 ft: 557 corp: 268/6679b lim: 5656 exec/s: 284943 rss: 79Mb L: 21/162 MS: 2 ChangeASCIIInt-EraseBytes-
#858706	REDUCE cov: 101 ft: 557 corp: 268/6678b lim: 5692 exec/s: 286235 rss: 79Mb L: 132/162 MS: 2 CopyPart-EraseBytes-
#860092	REDUCE cov: 101 ft: 557 corp: 268/6670b lim: 5704 exec/s: 286697 rss: 79Mb L: 136/162 MS: 1 EraseBytes-
#869153	REDUCE cov: 101 ft: 557 corp: 268/6664b lim: 5788 exec/s: 289717 rss: 79Mb L: 149/162 MS: 1 EraseBytes-
#885194	REDUCE cov: 101 ft: 557 corp: 268/6663b lim: 5944 exec/s: 295064 rss: 79Mb L: 11/162 MS: 1 EraseBytes-
#888465	REDUCE cov: 101 ft: 557 corp: 268/6661b lim: 5968 exec/s: 296155 rss: 79Mb L: 9/162 MS: 1 EraseBytes-
#894512	REDUCE cov: 101 ft: 557 corp: 268/6659b lim: 6028 exec/s: 298170 rss: 79Mb L: 17/162 MS: 2 CopyPart-EraseBytes-
#903483	REDUCE cov: 101 ft: 557 corp: 268/6658b lim: 6112 exec/s: 301161 rss: 79Mb L: 16/162 MS: 1 EraseBytes-
#904651	REDUCE cov: 101 ft: 557 corp: 268/6657b lim: 6112 exec/s: 301550 rss: 79Mb L: 130/162 MS: 3 EraseBytes-CopyPart-InsertByte-
#906428	REDUCE cov: 101 ft: 557 corp: 268/6655b lim: 6124 exec/s: 302142 rss: 79Mb L: 37/162 MS: 2 PersAutoDict-EraseBytes- DE: "\377\377\377\377\377\377\377\377"-
#910646	REDUCE cov: 101 ft: 557 corp: 268/6652b lim: 6160 exec/s: 303548 rss: 79Mb L: 135/162 MS: 3 CopyPart-ChangeByte-EraseBytes-
#913477	REDUCE cov: 101 ft: 557 corp: 268/6651b lim: 6184 exec/s: 304492 rss: 79Mb L: 44/162 MS: 1 EraseBytes-
#920948	REDUCE cov: 101 ft: 557 corp: 268/6650b lim: 6256 exec/s: 306982 rss: 79Mb L: 16/162 MS: 1 EraseBytes-
#932064	REDUCE cov: 101 ft: 557 corp: 268/6649b lim: 6364 exec/s: 310688 rss: 79Mb L: 20/162 MS: 1 EraseBytes-
#936370	REDUCE cov: 101 ft: 557 corp: 268/6648b lim: 6400 exec/s: 312123 rss: 79Mb L: 14/162 MS: 1 EraseBytes-
#956636	REDUCE cov: 101 ft: 557 corp: 268/6641b lim: 6592 exec/s: 318878 rss: 79Mb L: 140/162 MS: 1 EraseBytes-
#972754	REDUCE cov: 101 ft: 557 corp: 268/6639b lim: 6748 exec/s: 243188 rss: 79Mb L: 12/162 MS: 3 ChangeByte-EraseBytes-CopyPart-
#973067	REDUCE cov: 101 ft: 557 corp: 268/6635b lim: 6748 exec/s: 243266 rss: 79Mb L: 32/162 MS: 3 EraseBytes-ShuffleBytes-CopyPart-
#973863	REDUCE cov: 101 ft: 557 corp: 268/6634b lim: 6748 exec/s: 243465 rss: 79Mb L: 33/162 MS: 1 EraseBytes-
#990085	REDUCE cov: 101 ft: 557 corp: 268/6630b lim: 6904 exec/s: 247521 rss: 79Mb L: 143/162 MS: 2 EraseBytes-CopyPart-
#991651	REDUCE cov: 101 ft: 557 corp: 268/6628b lim: 6916 exec/s: 247912 rss: 79Mb L: 10/162 MS: 1 EraseBytes-
#994312	REDUCE cov: 101 ft: 557 corp: 268/6627b lim: 6940 exec/s: 248578 rss: 79Mb L: 9/162 MS: 1 EraseBytes-
#997056	REDUCE cov: 101 ft: 557 corp: 268/6626b lim: 6964 exec/s: 249264 rss: 79Mb L: 33/162 MS: 4 ShuffleBytes-CopyPart-EraseBytes-CopyPart-
#1007342	REDUCE cov: 101 ft: 557 corp: 268/6625b lim: 7060 exec/s: 251835 rss: 79Mb L: 8/162 MS: 1 EraseBytes-
#1008984	REDUCE cov: 101 ft: 557 corp: 268/6624b lim: 7072 exec/s: 252246 rss: 79Mb L: 9/162 MS: 2 CopyPart-EraseBytes-
#1024795	REDUCE cov: 101 ft: 557 corp: 268/6623b lim: 7228 exec/s: 256198 rss: 79Mb L: 34/162 MS: 1 EraseBytes-
#1026131	REDUCE cov: 101 ft: 557 corp: 268/6615b lim: 7240 exec/s: 256532 rss: 79Mb L: 24/162 MS: 1 EraseBytes-
#1027615	REDUCE cov: 101 ft: 557 corp: 268/6614b lim: 7252 exec/s: 256903 rss: 79Mb L: 19/162 MS: 4 ChangeByte-EraseBytes-ShuffleBytes-CopyPart-
#1035756	REDUCE cov: 101 ft: 557 corp: 268/6613b lim: 7324 exec/s: 258939 rss: 79Mb L: 16/162 MS: 1 EraseBytes-
#1047717	REDUCE cov: 101 ft: 557 corp: 268/6611b lim: 7432 exec/s: 261929 rss: 79Mb L: 35/162 MS: 1 EraseBytes-
#1048576	pulse  cov: 101 ft: 557 corp: 268/6611b lim: 7432 exec/s: 262144 rss: 79Mb
#1052889	REDUCE cov: 101 ft: 557 corp: 268/6610b lim: 7480 exec/s: 263222 rss: 79Mb L: 34/162 MS: 2 CopyPart-EraseBytes-
#1064445	REDUCE cov: 101 ft: 557 corp: 268/6606b lim: 7588 exec/s: 266111 rss: 79Mb L: 140/162 MS: 1 EraseBytes-
#1066341	REDUCE cov: 101 ft: 557 corp: 268/6605b lim: 7600 exec/s: 266585 rss: 79Mb L: 13/162 MS: 1 EraseBytes-
#1068428	REDUCE cov: 101 ft: 557 corp: 268/6604b lim: 7612 exec/s: 267107 rss: 79Mb L: 35/162 MS: 2 ShuffleBytes-EraseBytes-
#1082908	REDUCE cov: 101 ft: 557 corp: 268/6602b lim: 7756 exec/s: 270727 rss: 79Mb L: 17/162 MS: 5 CopyPart-ShuffleBytes-EraseBytes-EraseBytes-CopyPart-
#1089884	REDUCE cov: 101 ft: 557 corp: 268/6601b lim: 7816 exec/s: 272471 rss: 79Mb L: 8/162 MS: 1 EraseBytes-
#1098536	REDUCE cov: 101 ft: 557 corp: 268/6600b lim: 7900 exec/s: 274634 rss: 79Mb L: 16/162 MS: 2 ChangeBinInt-EraseBytes-
#1112183	REDUCE cov: 101 ft: 557 corp: 268/6598b lim: 8032 exec/s: 278045 rss: 79Mb L: 85/162 MS: 2 CopyPart-EraseBytes-
#1116384	REDUCE cov: 101 ft: 557 corp: 268/6597b lim: 8068 exec/s: 279096 rss: 79Mb L: 18/162 MS: 1 EraseBytes-
#1120701	REDUCE cov: 101 ft: 557 corp: 268/6596b lim: 8104 exec/s: 280175 rss: 79Mb L: 17/162 MS: 2 ShuffleBytes-EraseBytes-
#1122747	REDUCE cov: 101 ft: 557 corp: 268/6595b lim: 8116 exec/s: 280686 rss: 79Mb L: 84/162 MS: 1 EraseBytes-
#1140955	REDUCE cov: 101 ft: 557 corp: 268/6594b lim: 8192 exec/s: 285238 rss: 79Mb L: 83/162 MS: 3 CopyPart-EraseBytes-EraseBytes-
#1142432	REDUCE cov: 101 ft: 557 corp: 268/6592b lim: 8192 exec/s: 285608 rss: 79Mb L: 135/162 MS: 2 EraseBytes-CopyPart-
#1154606	REDUCE cov: 101 ft: 557 corp: 268/6591b lim: 8192 exec/s: 288651 rss: 80Mb L: 134/162 MS: 4 ShuffleBytes-CopyPart-EraseBytes-CopyPart-
#1159098	REDUCE cov: 101 ft: 557 corp: 268/6590b lim: 8192 exec/s: 289774 rss: 80Mb L: 9/162 MS: 2 InsertByte-EraseBytes-
#1162594	REDUCE cov: 101 ft: 557 corp: 268/6584b lim: 8192 exec/s: 290648 rss: 80Mb L: 156/159 MS: 1 EraseBytes-
#1163037	REDUCE cov: 101 ft: 557 corp: 268/6583b lim: 8192 exec/s: 290759 rss: 80Mb L: 155/159 MS: 3 EraseBytes-ShuffleBytes-CopyPart-
#1164458	REDUCE cov: 101 ft: 557 corp: 268/6582b lim: 8192 exec/s: 291114 rss: 80Mb L: 154/159 MS: 1 EraseBytes-
#1165711	REDUCE cov: 101 ft: 557 corp: 268/6576b lim: 8192 exec/s: 291427 rss: 80Mb L: 148/159 MS: 3 EraseBytes-ShuffleBytes-CopyPart-
#1169039	REDUCE cov: 101 ft: 557 corp: 268/6575b lim: 8192 exec/s: 292259 rss: 80Mb L: 147/159 MS: 3 CrossOver-ShuffleBytes-EraseBytes-
#1169380	REDUCE cov: 101 ft: 557 corp: 268/6570b lim: 8192 exec/s: 292345 rss: 80Mb L: 142/159 MS: 1 EraseBytes-
#1171510	REDUCE cov: 101 ft: 557 corp: 268/6569b lim: 8192 exec/s: 292877 rss: 80Mb L: 141/159 MS: 5 ShuffleBytes-ShuffleBytes-ShuffleBytes-ChangeBit-EraseBytes-
#1182246	REDUCE cov: 101 ft: 557 corp: 268/6568b lim: 8192 exec/s: 295561 rss: 80Mb L: 82/159 MS: 1 EraseBytes-
#1186319	REDUCE cov: 101 ft: 557 corp: 268/6567b lim: 8192 exec/s: 296579 rss: 81Mb L: 141/159 MS: 3 ChangeByte-CopyPart-EraseBytes-
#1190516	REDUCE cov: 101 ft: 557 corp: 268/6566b lim: 8192 exec/s: 297629 rss: 81Mb L: 18/159 MS: 2 ChangeByte-EraseBytes-
#1192902	REDUCE cov: 101 ft: 557 corp: 268/6564b lim: 8192 exec/s: 298225 rss: 81Mb L: 139/159 MS: 1 EraseBytes-
#1193063	REDUCE cov: 101 ft: 557 corp: 268/6563b lim: 8192 exec/s: 298265 rss: 81Mb L: 140/159 MS: 1 EraseBytes-
#1194654	REDUCE cov: 101 ft: 557 corp: 268/6562b lim: 8192 exec/s: 298663 rss: 81Mb L: 81/159 MS: 1 EraseBytes-
#1194700	REDUCE cov: 101 ft: 557 corp: 268/6561b lim: 8192 exec/s: 298675 rss: 81Mb L: 32/159 MS: 1 EraseBytes-
#1199616	REDUCE cov: 101 ft: 557 corp: 268/6559b lim: 8192 exec/s: 299904 rss: 81Mb L: 20/159 MS: 1 EraseBytes-
#1204342	REDUCE cov: 101 ft: 557 corp: 268/6558b lim: 8192 exec/s: 240868 rss: 81Mb L: 138/159 MS: 1 EraseBytes-
#1211465	REDUCE cov: 101 ft: 557 corp: 268/6555b lim: 8192 exec/s: 242293 rss: 81Mb L: 135/159 MS: 3 ChangeByte-CrossOver-EraseBytes-
#1222152	REDUCE cov: 101 ft: 557 corp: 268/6552b lim: 8192 exec/s: 244430 rss: 81Mb L: 132/159 MS: 2 EraseBytes-CopyPart-
#1222688	REDUCE cov: 101 ft: 557 corp: 268/6550b lim: 8192 exec/s: 244537 rss: 81Mb L: 138/159 MS: 1 EraseBytes-
#1254490	REDUCE cov: 101 ft: 557 corp: 268/6549b lim: 8192 exec/s: 250898 rss: 81Mb L: 137/159 MS: 2 EraseBytes-CopyPart-
#1255711	REDUCE cov: 101 ft: 557 corp: 268/6548b lim: 8192 exec/s: 251142 rss: 81Mb L: 136/159 MS: 1 EraseBytes-
#1273842	REDUCE cov: 101 ft: 557 corp: 268/6547b lim: 8192 exec/s: 254768 rss: 81Mb L: 130/159 MS: 1 EraseBytes-
#1291023	REDUCE cov: 101 ft: 557 corp: 268/6546b lim: 8192 exec/s: 258204 rss: 81Mb L: 43/159 MS: 1 EraseBytes-
#1293134	REDUCE cov: 101 ft: 557 corp: 268/6545b lim: 8192 exec/s: 258626 rss: 81Mb L: 42/159 MS: 1 EraseBytes-
#1302527	REDUCE cov: 101 ft: 557 corp: 268/6540b lim: 8192 exec/s: 260505 rss: 81Mb L: 144/159 MS: 3 InsertByte-EraseBytes-InsertByte-
#1369985	REDUCE cov: 101 ft: 557 corp: 268/6538b lim: 8192 exec/s: 273997 rss: 81Mb L: 134/159 MS: 3 EraseBytes-ShuffleBytes-CopyPart-
#1372792	REDUCE cov: 101 ft: 557 corp: 268/6537b lim: 8192 exec/s: 274558 rss: 81Mb L: 34/159 MS: 2 EraseBytes-CrossOver-
#1379599	REDUCE cov: 101 ft: 557 corp: 268/6536b lim: 8192 exec/s: 275919 rss: 81Mb L: 41/159 MS: 2 ChangeBinInt-EraseBytes-
#1381460	REDUCE cov: 101 ft: 557 corp: 268/6534b lim: 8192 exec/s: 276292 rss: 81Mb L: 17/159 MS: 1 EraseBytes-
#1382484	REDUCE cov: 101 ft: 557 corp: 268/6533b lim: 8192 exec/s: 276496 rss: 81Mb L: 33/159 MS: 4 ChangeBinInt-EraseBytes-ChangeBit-CopyPart-
#1385668	REDUCE cov: 101 ft: 557 corp: 268/6532b lim: 8192 exec/s: 277133 rss: 81Mb L: 150/159 MS: 4 ShuffleBytes-ChangeBinInt-EraseBytes-CopyPart-
#1396304	REDUCE cov: 101 ft: 557 corp: 268/6531b lim: 8192 exec/s: 232717 rss: 81Mb L: 149/159 MS: 1 EraseBytes-
#1399116	REDUCE cov: 101 ft: 557 corp: 268/6530b lim: 8192 exec/s: 233186 rss: 81Mb L: 80/159 MS: 2 ChangeByte-EraseBytes-
#1403773	REDUCE cov: 101 ft: 557 corp: 268/6529b lim: 8192 exec/s: 233962 rss: 81Mb L: 32/159 MS: 2 CopyPart-EraseBytes-
#1404719	REDUCE cov: 101 ft: 557 corp: 268/6528b lim: 8192 exec/s: 234119 rss: 81Mb L: 40/159 MS: 1 EraseBytes-
#1407720	REDUCE cov: 101 ft: 557 corp: 268/6525b lim: 8192 exec/s: 234620 rss: 81Mb L: 131/159 MS: 1 EraseBytes-
#1411606	REDUCE cov: 101 ft: 557 corp: 268/6524b lim: 8192 exec/s: 235267 rss: 81Mb L: 134/159 MS: 1 EraseBytes-
#1411909	REDUCE cov: 101 ft: 557 corp: 268/6522b lim: 8192 exec/s: 235318 rss: 81Mb L: 129/159 MS: 3 ChangeBit-EraseBytes-CopyPart-
#1423770	REDUCE cov: 101 ft: 557 corp: 268/6517b lim: 8192 exec/s: 237295 rss: 81Mb L: 132/159 MS: 1 EraseBytes-
#1484546	REDUCE cov: 101 ft: 557 corp: 268/6516b lim: 8192 exec/s: 247424 rss: 81Mb L: 39/159 MS: 1 EraseBytes-
#1490282	REDUCE cov: 101 ft: 557 corp: 268/6512b lim: 8192 exec/s: 248380 rss: 81Mb L: 22/159 MS: 1 EraseBytes-
#1510050	REDUCE cov: 101 ft: 557 corp: 268/6511b lim: 8192 exec/s: 251675 rss: 81Mb L: 36/159 MS: 3 ChangeASCIIInt-ShuffleBytes-EraseBytes-
#1521657	REDUCE cov: 101 ft: 557 corp: 268/6510b lim: 8192 exec/s: 253609 rss: 81Mb L: 139/159 MS: 2 PersAutoDict-EraseBytes- DE: "\377\377\377\377"-
#1535953	REDUCE cov: 101 ft: 557 corp: 268/6509b lim: 8192 exec/s: 255992 rss: 81Mb L: 143/159 MS: 1 EraseBytes-
#1541483	REDUCE cov: 101 ft: 557 corp: 268/6508b lim: 8192 exec/s: 256913 rss: 81Mb L: 33/159 MS: 5 ShuffleBytes-ShuffleBytes-ShuffleBytes-ShuffleBytes-EraseBytes-
#1545084	REDUCE cov: 101 ft: 557 corp: 268/6507b lim: 8192 exec/s: 257514 rss: 81Mb L: 16/159 MS: 1 EraseBytes-
#1594272	REDUCE cov: 101 ft: 557 corp: 268/6506b lim: 8192 exec/s: 227753 rss: 81Mb L: 19/159 MS: 3 EraseBytes-ShuffleBytes-CopyPart-
#1599358	REDUCE cov: 101 ft: 557 corp: 268/6505b lim: 8192 exec/s: 228479 rss: 81Mb L: 35/159 MS: 1 EraseBytes-
#1600869	REDUCE cov: 101 ft: 557 corp: 268/6504b lim: 8192 exec/s: 228695 rss: 81Mb L: 16/159 MS: 1 EraseBytes-
#1648428	REDUCE cov: 101 ft: 557 corp: 268/6503b lim: 8192 exec/s: 235489 rss: 81Mb L: 33/159 MS: 3 CMP-CopyPart-EraseBytes- DE: "\377\002"-
#1651318	REDUCE cov: 101 ft: 557 corp: 268/6501b lim: 8192 exec/s: 235902 rss: 81Mb L: 132/159 MS: 5 InsertRepeatedBytes-CopyPart-ChangeBinInt-CrossOver-EraseBytes-
#1665506	REDUCE cov: 101 ft: 557 corp: 268/6500b lim: 8192 exec/s: 237929 rss: 81Mb L: 138/159 MS: 3 CopyPart-ShuffleBytes-EraseBytes-
#1665994	REDUCE cov: 101 ft: 557 corp: 268/6498b lim: 8192 exec/s: 237999 rss: 81Mb L: 132/159 MS: 3 CopyPart-CopyPart-EraseBytes-
#1675030	REDUCE cov: 101 ft: 557 corp: 268/6496b lim: 8192 exec/s: 239290 rss: 81Mb L: 130/159 MS: 1 EraseBytes-
#1693466	REDUCE cov: 101 ft: 557 corp: 268/6495b lim: 8192 exec/s: 241923 rss: 81Mb L: 33/159 MS: 1 EraseBytes-
#1697177	REDUCE cov: 101 ft: 557 corp: 268/6494b lim: 8192 exec/s: 242453 rss: 81Mb L: 19/159 MS: 1 EraseBytes-
#1703149	REDUCE cov: 101 ft: 557 corp: 268/6493b lim: 8192 exec/s: 243307 rss: 81Mb L: 16/159 MS: 2 EraseBytes-CopyPart-
#1714995	REDUCE cov: 101 ft: 557 corp: 268/6490b lim: 8192 exec/s: 244999 rss: 81Mb L: 140/159 MS: 1 EraseBytes-
#1731161	REDUCE cov: 101 ft: 557 corp: 268/6489b lim: 8192 exec/s: 247308 rss: 81Mb L: 17/159 MS: 1 EraseBytes-
#1759072	REDUCE cov: 101 ft: 557 corp: 268/6488b lim: 8192 exec/s: 251296 rss: 81Mb L: 34/159 MS: 1 EraseBytes-
#1763218	REDUCE cov: 101 ft: 557 corp: 268/6487b lim: 8192 exec/s: 251888 rss: 81Mb L: 18/159 MS: 1 EraseBytes-
#1774183	REDUCE cov: 101 ft: 557 corp: 268/6486b lim: 8192 exec/s: 253454 rss: 81Mb L: 33/159 MS: 5 ShuffleBytes-EraseBytes-ChangeBit-CopyPart-CrossOver-
#1774484	REDUCE cov: 101 ft: 557 corp: 268/6485b lim: 8192 exec/s: 253497 rss: 81Mb L: 18/159 MS: 1 EraseBytes-
#1777675	REDUCE cov: 101 ft: 557 corp: 268/6484b lim: 8192 exec/s: 253953 rss: 81Mb L: 12/159 MS: 1 EraseBytes-
#1786416	REDUCE cov: 101 ft: 557 corp: 268/6483b lim: 8192 exec/s: 255202 rss: 81Mb L: 11/159 MS: 1 EraseBytes-
#1821503	REDUCE cov: 101 ft: 557 corp: 268/6481b lim: 8192 exec/s: 227687 rss: 81Mb L: 36/159 MS: 2 CopyPart-EraseBytes-
#1876149	REDUCE cov: 101 ft: 557 corp: 268/6480b lim: 8192 exec/s: 234518 rss: 81Mb L: 10/159 MS: 1 EraseBytes-
#1922000	REDUCE cov: 101 ft: 557 corp: 268/6479b lim: 8192 exec/s: 240250 rss: 81Mb L: 16/159 MS: 1 EraseBytes-
#1933152	REDUCE cov: 101 ft: 557 corp: 268/6478b lim: 8192 exec/s: 241644 rss: 81Mb L: 17/159 MS: 2 ShuffleBytes-EraseBytes-
#1951798	REDUCE cov: 101 ft: 557 corp: 268/6477b lim: 8192 exec/s: 243974 rss: 81Mb L: 16/159 MS: 1 EraseBytes-
#1958996	REDUCE cov: 101 ft: 557 corp: 268/6473b lim: 8192 exec/s: 244874 rss: 81Mb L: 136/159 MS: 3 InsertByte-EraseBytes-CopyPart-
#2067165	REDUCE cov: 101 ft: 557 corp: 268/6470b lim: 8192 exec/s: 229685 rss: 81Mb L: 137/159 MS: 4 CopyPart-ChangeBinInt-InsertByte-EraseBytes-
#2069513	REDUCE cov: 101 ft: 557 corp: 268/6467b lim: 8192 exec/s: 229945 rss: 81Mb L: 129/159 MS: 3 ChangeBit-CopyPart-EraseBytes-
#2097152	pulse  cov: 101 ft: 557 corp: 268/6467b lim: 8192 exec/s: 233016 rss: 81Mb
#2116064	REDUCE cov: 101 ft: 557 corp: 268/6466b lim: 8192 exec/s: 235118 rss: 81Mb L: 158/158 MS: 1 EraseBytes-
#2117121	REDUCE cov: 101 ft: 557 corp: 268/6465b lim: 8192 exec/s: 235235 rss: 81Mb L: 79/158 MS: 2 ChangeByte-EraseBytes-
#2142958	REDUCE cov: 101 ft: 557 corp: 268/6464b lim: 8192 exec/s: 238106 rss: 81Mb L: 148/158 MS: 2 EraseBytes-CopyPart-
#2182084	REDUCE cov: 101 ft: 557 corp: 268/6463b lim: 8192 exec/s: 242453 rss: 81Mb L: 136/158 MS: 1 EraseBytes-
#2219456	REDUCE cov: 101 ft: 557 corp: 268/6462b lim: 8192 exec/s: 246606 rss: 81Mb L: 36/158 MS: 2 CopyPart-EraseBytes-
#2229467	REDUCE cov: 101 ft: 557 corp: 268/6452b lim: 8192 exec/s: 247718 rss: 81Mb L: 148/148 MS: 1 EraseBytes-
#2327914	REDUCE cov: 101 ft: 557 corp: 268/6451b lim: 8192 exec/s: 232791 rss: 81Mb L: 4/148 MS: 2 CopyPart-EraseBytes-
#2343440	REDUCE cov: 101 ft: 557 corp: 268/6450b lim: 8192 exec/s: 234344 rss: 81Mb L: 78/148 MS: 1 EraseBytes-
#2353913	REDUCE cov: 101 ft: 557 corp: 268/6446b lim: 8192 exec/s: 235391 rss: 81Mb L: 132/148 MS: 3 ChangeBit-CopyPart-EraseBytes-
#2365604	REDUCE cov: 101 ft: 557 corp: 268/6445b lim: 8192 exec/s: 236560 rss: 81Mb L: 135/148 MS: 1 EraseBytes-
#2371326	REDUCE cov: 101 ft: 557 corp: 268/6444b lim: 8192 exec/s: 237132 rss: 81Mb L: 35/148 MS: 2 InsertByte-EraseBytes-
#2413037	REDUCE cov: 101 ft: 557 corp: 268/6443b lim: 8192 exec/s: 241303 rss: 81Mb L: 32/148 MS: 1 EraseBytes-
#2495814	REDUCE cov: 101 ft: 557 corp: 268/6442b lim: 8192 exec/s: 249581 rss: 81Mb L: 8/148 MS: 2 EraseBytes-CopyPart-
#2503679	DONE   cov: 101 ft: 557 corp: 268/6442b lim: 8192 exec/s: 227607 rss: 81Mb
###### Recommended dictionary. ######
"\000\000\000\000\000\000\000\007" # Uses: 21020
"\377\377\377\377" # Uses: 22405
"\000\000\000\000" # Uses: 22519
"\001\000" # Uses: 23771
"\377\377" # Uses: 23412
"\001\000\000\000" # Uses: 22266
"\377\377\377\377\377\377\377\377" # Uses: 20284
"\023\000\000\000\000\000\000\000" # Uses: 19737
"\000\000" # Uses: 22174
"\037\000\000\000\000\000\000\000" # Uses: 19140
"\377\002" # Uses: 7406
###### End of recommended dictionary. ######
Done 2503679 runs in 11 second(s)
stat::number_of_executed_units: 2503679
stat::average_exec_per_sec:     227607
stat::new_units_added:          1491
stat::slowest_unit_time_sec:    0
stat::peak_rss_mb:              81
